play,act,scene,location,entity_text,spacy_label,label_description,start_char,end_char
MACBETH,1,1,An open Place.,THREE,CARDINAL,Numerals that do not fall under another type,29,34
MACBETH,1,1,An open Place.,FIRST,ORDINAL,"""first"", ""second"", etc.",44,49
MACBETH,1,1,An open Place.,GRAYMALKIN,PERSON,"People, including fictional",366,376
MACBETH,1,2,A Camp near Forres.,DUNCAN,PERSON,"People, including fictional",26,32
MACBETH,1,2,A Camp near Forres.,MALCOLM,PERSON,"People, including fictional",34,41
MACBETH,1,2,A Camp near Forres.,DONALBAIN,PERSON,"People, including fictional",43,52
MACBETH,1,2,A Camp near Forres.,LENNOX,PERSON,"People, including fictional",54,60
MACBETH,1,2,A Camp near Forres.,ATTENDANTS,PERSON,"People, including fictional",67,77
MACBETH,1,2,A Camp near Forres.,CAPTIVITY.—HAIL,GPE,"Countries, cities, states",297,312
MACBETH,1,2,A Camp near Forres.,TWO,CARDINAL,Numerals that do not fall under another type,426,429
MACBETH,1,2,A Camp near Forres.,THE WESTERN ISLES,LOC,"Non-GPE locations, mountain ranges, bodies of water",610,627
MACBETH,1,2,A Camp near Forres.,KERNS,GPE,"Countries, cities, states",631,636
MACBETH,1,2,A Camp near Forres.,FORTUNE,WORK_OF_ART,"Titles of books, songs, etc.",672,679
MACBETH,1,2,A Camp near Forres.,DISDAINING FORTUNE,PERSON,"People, including fictional",809,827
MACBETH,1,2,A Camp near Forres.,VALOUR,ORG,"Companies, agencies, institutions, etc.",897,903
MACBETH,1,2,A Camp near Forres.,THAT SPRING,DATE,Absolute or relative dates or periods,1252,1263
MACBETH,1,2,A Camp near Forres.,MARK,PERSON,"People, including fictional",1314,1318
MACBETH,1,2,A Camp near Forres.,SCOTLAND,GPE,"Countries, cities, states",1328,1336
MACBETH,1,2,A Camp near Forres.,KERNS,ORG,"Companies, agencies, institutions, etc.",1411,1416
MACBETH,1,2,A Camp near Forres.,NORWEYAN,NORP,Nationalities or religious or political groups,1447,1455
MACBETH,1,2,A Camp near Forres.,MACBETH AND BANQUO?,WORK_OF_ART,"Titles of books, songs, etc.",1589,1608
MACBETH,1,2,A Camp near Forres.,ROSS,PERSON,"People, including fictional",2058,2062
MACBETH,1,2,A Camp near Forres.,ANGUS,PERSON,"People, including fictional",2067,2072
MACBETH,1,2,A Camp near Forres.,THANE,GPE,"Countries, cities, states",2110,2115
MACBETH,1,2,A Camp near Forres.,FIFE,GPE,"Countries, cities, states",2302,2306
MACBETH,1,2,A Camp near Forres.,NORWAY,GPE,"Countries, cities, states",2386,2392
MACBETH,1,2,A Camp near Forres.,BELLONA,PERSON,"People, including fictional",2521,2528
MACBETH,1,2,A Camp near Forres.,POINT,ORG,"Companies, agencies, institutions, etc.",2598,2603
MACBETH,1,2,A Camp near Forres.,SWENO,PERSON,"People, including fictional",2756,2761
MACBETH,1,2,A Camp near Forres.,NORWAYS,GPE,"Countries, cities, states",2767,2774
MACBETH,1,2,A Camp near Forres.,TEN THOUSAND DOLLARS,MONEY,"Monetary values, including unit",2883,2903
MACBETH,1,3,A heath.,ALEPPO,NORP,Nationalities or religious or political groups,322,328
MACBETH,1,3,A heath.,SHIPMAN,PERSON,"People, including fictional",655,662
MACBETH,1,3,A heath.,NINE,CARDINAL,Numerals that do not fall under another type,1268,1272
MACBETH,1,3,A heath.,GLAMIS,GPE,"Countries, cities, states",1860,1866
MACBETH,1,3,A heath.,MACBETH AND BANQUO,WORK_OF_ART,"Titles of books, songs, etc.",2690,2708
MACBETH,1,3,A heath.,BANQUO,PERSON,"People, including fictional",2723,2729
MACBETH,1,3,A heath.,SINEL,PERSON,"People, including fictional",2809,2814
MACBETH,1,3,A heath.,WHITHER,PERSON,"People, including fictional",3245,3252
MACBETH,1,3,A heath.,ANGUS,ORG,"Companies, agencies, institutions, etc.",4202,4207
MACBETH,1,3,A heath.,THANE,PERSON,"People, including fictional",4393,4398
MACBETH,1,3,A heath.,GLAMIS,PERSON,"People, including fictional",4936,4942
MACBETH,1,3,A heath.,COUSINS,PERSON,"People, including fictional",5422,5429
MACBETH,1,3,A heath.,SHAKES,PERSON,"People, including fictional",5986,5992
MACBETH,1,3,A heath.,TIME,ORG,"Companies, agencies, institutions, etc.",6364,6368
MACBETH,1,3,A heath.,THE ROUGHEST DAY,DATE,Absolute or relative dates or periods,6395,6411
MACBETH,1,3,A heath.,WORTHY MACBETH,PERSON,"People, including fictional",6421,6435
MACBETH,1,3,A heath.,ENOUGH.—COME,CARDINAL,Numerals that do not fall under another type,6820,6832
MACBETH,1,4,Forres. A Room in the Palace.,WANTON,GPE,"Countries, cities, states",1596,1602
MACBETH,1,4,Forres. A Room in the Palace.,CUMBERLAND,LOC,"Non-GPE locations, mountain ranges, bodies of water",1818,1828
MACBETH,1,4,Forres. A Room in the Palace.,INVERNESS,GPE,"Countries, cities, states",1963,1972
MACBETH,1,5,Inverness. A Room in Macbeth's Castle.,LADY MACBETH,PERSON,"People, including fictional",6,18
MACBETH,1,5,Inverness. A Room in Macbeth's Castle.,THE DAY,DATE,Absolute or relative dates or periods,68,75
MACBETH,1,5,Inverness. A Room in Macbeth's Castle.,THOU HOLILY,PERSON,"People, including fictional",1028,1039
MACBETH,1,5,Inverness. A Room in Macbeth's Castle.,TONIGHT,TIME,Times smaller than a day,1542,1549
MACBETH,1,5,Inverness. A Room in Macbeth's Castle.,MESSENGER,PERSON,"People, including fictional",1669,1678
MACBETH,1,5,Inverness. A Room in Macbeth's Castle.,ONE,CARDINAL,Numerals that do not fall under another type,1728,1731
MACBETH,1,5,Inverness. A Room in Macbeth's Castle.,TH,ORG,"Companies, agencies, institutions, etc.",2290,2292
MACBETH,1,5,Inverness. A Room in Macbeth's Castle.,TOMORROW,DATE,Absolute or relative dates or periods,2929,2937
MACBETH,1,5,Inverness. A Room in Macbeth's Castle.,MAY,PERSON,"People, including fictional",3049,3052
MACBETH,1,5,Inverness. A Room in Macbeth's Castle.,NIGHT,TIME,Times smaller than a day,3287,3292
MACBETH,1,5,Inverness. A Room in Macbeth's Castle.,MASTERDOM,GPE,"Countries, cities, states",3406,3415
MACBETH,1,6,The same. Before the Castle.,MACDUFF,GPE,"Countries, cities, states",91,98
MACBETH,1,6,The same. Before the Castle.,NIMBLY,PERSON,"People, including fictional",178,184
MACBETH,1,6,The same. Before the Castle.,SUMMER,DATE,Absolute or relative dates or periods,261,267
MACBETH,1,6,The same. Before the Castle.,BUTTRESS,ORG,"Companies, agencies, institutions, etc.",401,409
MACBETH,1,6,The same. Before the Castle.,HOLP,PERSON,"People, including fictional",1249,1253
MACBETH,1,7,The same. A Lobby in the Castle.,SEWER,ORG,"Companies, agencies, institutions, etc.",46,51
MACBETH,1,7,The same. A Lobby in the Castle.,STRONG,PERSON,"People, including fictional",723,729
MACBETH,1,7,The same. A Lobby in the Castle.,WILL,PERSON,"People, including fictional",958,962
MACBETH,1,7,The same. A Lobby in the Castle.,CHERUBIN,PERSON,"People, including fictional",1115,1123
MACBETH,1,7,The same. A Lobby in the Castle.,WIND.—I,ORG,"Companies, agencies, institutions, etc.",1240,1247
MACBETH,1,7,The same. A Lobby in the Castle.,GOLDEN,PERSON,"People, including fictional",1643,1649
MACBETH,1,7,The same. A Lobby in the Castle.,DAY,DATE,Absolute or relative dates or periods,3033,3036
MACBETH,1,7,The same. A Lobby in the Castle.,LIMBECK,PERSON,"People, including fictional",3218,3225
MACBETH,2,1,Inverness. Court within the Castle.,THE NIGHT,TIME,Times smaller than a day,67,76
MACBETH,2,1,Inverness. Court within the Castle.,FLEANCE,PERSON,"People, including fictional",83,90
MACBETH,2,1,Inverness. Court within the Castle.,TWELVE,CARDINAL,Numerals that do not fall under another type,167,173
MACBETH,2,1,Inverness. Court within the Castle.,SWORD.—WHO,PERSON,"People, including fictional",524,534
MACBETH,2,1,Inverness. Court within the Castle.,LAST NIGHT,TIME,Times smaller than a day,938,948
MACBETH,2,1,Inverness. Court within the Castle.,AN HOUR,TIME,Times smaller than a day,1068,1075
MACBETH,2,1,Inverness. Court within the Castle.,HALF,CARDINAL,Numerals that do not fall under another type,2330,2334
MACBETH,2,1,Inverness. Court within the Castle.,NATURE,WORK_OF_ART,"Titles of books, songs, etc.",2341,2347
MACBETH,2,1,Inverness. Court within the Castle.,TARQUIN,PERSON,"People, including fictional",2567,2574
MACBETH,2,1,Inverness. Court within the Castle.,KNELL,PERSON,"People, including fictional",2989,2994
MACBETH,2,2,The same.,SECOND,ORDINAL,"""first"", ""second"", etc.",965,971
MACBETH,2,2,The same.,MACBETH,PERSON,"People, including fictional",1838,1845
MACBETH,2,2,The same.,BRAINSICKLY,PERSON,"People, including fictional",2368,2379
MACBETH,2,2,The same.,NEPTUNE,LOC,"Non-GPE locations, mountain ranges, bodies of water",3085,3092
MACBETH,2,2,The same.,WAKE DUNCAN,PERSON,"People, including fictional",3731,3742
MACBETH,2,3,The same.,BELZEBUB,ORG,"Companies, agencies, institutions, etc.",197,205
MACBETH,2,3,The same.,ENGLISH,LANGUAGE,Any named language,660,667
MACBETH,2,3,The same.,FRENCH,NORP,Nationalities or religious or political groups,710,716
MACBETH,2,3,The same.,MACDUFF,PERSON,"People, including fictional",1079,1086
MACBETH,2,3,The same.,THY MASTER,PERSON,"People, including fictional",2055,2065
MACBETH,2,3,The same.,MORROW,DATE,Absolute or relative dates or periods,2148,2154
MACBETH,2,3,The same.,TODAY,DATE,Absolute or relative dates or periods,2612,2617
MACBETH,2,3,The same.,LAMENTINGS,PERSON,"People, including fictional",2752,2762
MACBETH,2,3,The same.,TWAS,TIME,Times smaller than a day,3025,3029
MACBETH,2,3,The same.,GORGON,ORG,"Companies, agencies, institutions, etc.",3534,3540
MACBETH,2,3,The same.,ALARUM-BELL,PERSON,"People, including fictional",3928,3939
MACBETH,2,3,The same.,DUFF,PERSON,"People, including fictional",4353,4357
MACBETH,2,3,The same.,LOYAL,ORG,"Companies, agencies, institutions, etc.",5361,5366
MACBETH,2,3,The same.,UNMANNERLY,PERSON,"People, including fictional",5681,5691
MACBETH,2,3,The same.,GORE,PERSON,"People, including fictional",5706,5710
MACBETH,2,3,The same.,— LADY MACBETH,PERSON,"People, including fictional",6170,6184
MACBETH,2,3,The same.,ENGLAND,GPE,"Countries, cities, states",6786,6793
MACBETH,2,3,The same.,IRELAND,GPE,"Countries, cities, states",6809,6816
MACBETH,2,3,The same.,I. OUR,ORG,"Companies, agencies, institutions, etc.",6818,6824
MACBETH,2,4,The same. Without the Castle.,THREESCORE,PERSON,"People, including fictional",36,46
MACBETH,2,4,The same. Without the Castle.,TEN,CARDINAL,Numerals that do not fall under another type,51,54
MACBETH,2,4,The same. Without the Castle.,HOURS,TIME,Times smaller than a day,120,125
MACBETH,2,4,The same. Without the Castle.,THOU,PERSON,"People, including fictional",228,232
MACBETH,2,4,The same. Without the Castle.,TUESDAY,DATE,Absolute or relative dates or periods,567,574
MACBETH,2,4,The same. Without the Castle.,MAN,GPE,"Countries, cities, states",900,903
MACBETH,2,4,The same. Without the Castle.,MACDUFF,ORG,"Companies, agencies, institutions, etc.",1026,1033
MACBETH,2,4,The same. Without the Castle.,THINE,NORP,Nationalities or religious or political groups,1462,1467
MACBETH,2,4,The same. Without the Castle.,SCONE,ORG,"Companies, agencies, institutions, etc.",1588,1593
MACBETH,2,4,The same. Without the Castle.,COLMEKILL,ORG,"Companies, agencies, institutions, etc.",1660,1669
MACBETH,2,4,The same. Without the Castle.,SCONE,PERSON,"People, including fictional",1761,1766
MACBETH,2,4,The same. Without the Castle.,FIFE,NORP,Nationalities or religious or political groups,1797,1801
MACBETH,2,4,The same. Without the Castle.,BENISON,PERSON,"People, including fictional",1972,1979
MACBETH,3,1,Forres. A Room in the Palace.,KING,PERSON,"People, including fictional",40,44
MACBETH,3,1,Forres. A Room in the Palace.,MAY,DATE,Absolute or relative dates or periods,373,376
MACBETH,3,1,Forres. A Room in the Palace.,LORD,ORG,"Companies, agencies, institutions, etc.",527,532
MACBETH,3,1,Forres. A Room in the Palace.,THIS AFTERNOON,TIME,Times smaller than a day,901,915
MACBETH,3,1,Forres. A Room in the Palace.,A DARK HOUR,TIME,Times smaller than a day,1259,1270
MACBETH,3,1,Forres. A Room in the Palace.,SEVEN AT NIGHT,TIME,Times smaller than a day,1871,1885
MACBETH,3,1,Forres. A Room in the Palace.,SIRRAH,PERSON,"People, including fictional",2031,2037
MACBETH,3,1,Forres. A Room in the Palace.,THE PALACE GATE,FAC,"Buildings, airports, highways, bridges, etc.",2123,2138
MACBETH,3,1,Forres. A Room in the Palace.,BANQUO STICK,FAC,"Buildings, airports, highways, bridges, etc.",2244,2256
MACBETH,3,1,Forres. A Room in the Palace.,REIGN,ORG,"Companies, agencies, institutions, etc.",2292,2298
MACBETH,3,1,Forres. A Room in the Palace.,CAESAR,PERSON,"People, including fictional",2569,2575
MACBETH,3,1,Forres. A Room in the Palace.,UTTERANCE!—WHO,PERSON,"People, including fictional",3210,3224
MACBETH,3,1,Forres. A Room in the Palace.,YESTERDAY,DATE,Absolute or relative dates or periods,3343,3352
MACBETH,3,1,Forres. A Room in the Palace.,SHOUGHS,GPE,"Countries, cities, states",4331,4338
MACBETH,3,1,Forres. A Room in the Palace.,DISTINGUISHES,PERSON,"People, including fictional",4419,4432
MACBETH,3,1,Forres. A Room in the Palace.,THAT EVERY MINUTE,TIME,Times smaller than a day,5380,5397
MACBETH,3,1,Forres. A Room in the Palace.,SECOND,DATE,Absolute or relative dates or periods,5801,5807
MACBETH,3,1,Forres. A Room in the Palace.,THIS HOUR,TIME,Times smaller than a day,5948,5957
MACBETH,3,1,Forres. A Room in the Palace.,BOTH MURDERER,ORG,"Companies, agencies, institutions, etc.",6426,6440
MACBETH,3,2,The same. Another Room in the Palace.,NIGHTLY,TIME,Times smaller than a day,948,955
MACBETH,3,2,The same. Another Room in the Palace.,DISGUISING,PERSON,"People, including fictional",1642,1652
MACBETH,3,2,The same. Another Room in the Palace.,FLEANCE,ORG,"Companies, agencies, institutions, etc.",1790,1797
MACBETH,3,2,The same. Another Room in the Palace.,HECATE,ORG,"Companies, agencies, institutions, etc.",1991,1997
MACBETH,3,2,The same. Another Room in the Palace.,CHUCK,PERSON,"People, including fictional",2210,2215
MACBETH,3,2,The same. Another Room in the Palace.,ROOKY,PERSON,"People, including fictional",2455,2460
MACBETH,3,3,"The same. A Park or Lawn, with a gate leading to the Palace.",ALMOST A MILE,QUANTITY,"Measurements, as of weight or distance",649,662
MACBETH,3,4,The same. A Room of state in the Palace.,"LADY MACBETH,",PERSON,"People, including fictional",35,48
MACBETH,3,4,The same. A Room of state in the Palace.,OURSELF,ORG,"Companies, agencies, institutions, etc.",209,216
MACBETH,3,4,The same. A Room of state in the Palace.,MURDERER,ORG,"Companies, agencies, institutions, etc.",680,688
MACBETH,3,4,The same. A Room of state in the Palace.,WHOLE,PRODUCT,"Objects, vehicles, foods, etc. (not services)",1075,1080
MACBETH,3,4,The same. A Room of state in the Palace.,TWENTY,CARDINAL,Numerals that do not fall under another type,1312,1318
MACBETH,3,4,The same. A Room of state in the Palace.,SWEET,PERSON,"People, including fictional",1904,1909
MACBETH,3,4,The same. A Room of state in the Palace.,LAYS,PERSON,"People, including fictional",2214,2218
MACBETH,3,4,The same. A Room of state in the Palace.,WINTER,DATE,Absolute or relative dates or periods,3220,3226
MACBETH,3,4,The same. A Room of state in the Palace.,HER GRANDAM,PERSON,"People, including fictional",3249,3260
MACBETH,3,4,The same. A Room of state in the Palace.,THOU,NORP,Nationalities or religious or political groups,4693,4697
MACBETH,3,4,The same. A Room of state in the Palace.,RUSSIAN,NORP,Nationalities or religious or political groups,4945,4952
MACBETH,3,4,The same. A Room of state in the Palace.,HYRCAN,NORP,Nationalities or religious or political groups,4988,4994
MACBETH,3,4,The same. A Room of state in the Palace.,UNREAL,ORG,"Companies, agencies, institutions, etc.",5212,5218
MACBETH,3,4,The same. A Room of state in the Palace.,AUGURS,PERSON,"People, including fictional",6117,6123
MACBETH,3,5,The heath.,BELDAMS,PERSON,"People, including fictional",129,136
MACBETH,3,5,The heath.,SAUCY,PRODUCT,"Objects, vehicles, foods, etc. (not services)",149,154
MACBETH,3,5,The heath.,OVERBOLD,PERSON,"People, including fictional",159,167
MACBETH,3,5,The heath.,ACHERON MEET,ORG,"Companies, agencies, institutions, etc.",591,603
MACBETH,3,5,The heath.,THIS NIGHT,TIME,Times smaller than a day,757,767
MACBETH,3,6,Forres. A Room in the Palace.,THING,ORG,"Companies, agencies, institutions, etc.",128,133
MACBETH,3,6,Forres. A Room in the Palace.,ENGLISH,NORP,Nationalities or religious or political groups,1208,1215
MACBETH,3,6,Forres. A Room in the Palace.,EDWARD,PERSON,"People, including fictional",1256,1262
MACBETH,3,6,Forres. A Room in the Palace.,TAKES,PERSON,"People, including fictional",1319,1324
MACBETH,3,6,Forres. A Room in the Palace.,NORTHUMBERLAND,GPE,"Countries, cities, states",1416,1430
MACBETH,3,6,Forres. A Room in the Palace.,SIWARD,PERSON,"People, including fictional",1444,1450
MACBETH,3,6,Forres. A Room in the Palace.,LORD,PERSON,"People, including fictional",2253,2257
MACBETH,4,1,"A dark Cave. In the middle, a Cauldron Boiling.",TOAD,PERSON,"People, including fictional",260,264
MACBETH,4,1,"A dark Cave. In the middle, a Cauldron Boiling.",DAYS,DATE,Absolute or relative dates or periods,288,292
MACBETH,4,1,"A dark Cave. In the middle, a Cauldron Boiling.",THIRTY-ONE,CARDINAL,Numerals that do not fall under another type,308,318
MACBETH,4,1,"A dark Cave. In the middle, a Cauldron Boiling.",LIZARD,ORG,"Companies, agencies, institutions, etc.",628,634
MACBETH,4,1,"A dark Cave. In the middle, a Cauldron Boiling.",HOWLET,PERSON,"People, including fictional",646,652
MACBETH,4,1,"A dark Cave. In the middle, a Cauldron Boiling.",ROOT OF HEMLOCK,ORG,"Companies, agencies, institutions, etc.",906,921
MACBETH,4,1,"A dark Cave. In the middle, a Cauldron Boiling.",JEW,PERSON,"People, including fictional",963,966
MACBETH,4,1,"A dark Cave. In the middle, a Cauldron Boiling.",GALL,PERSON,"People, including fictional",968,972
MACBETH,4,1,"A dark Cave. In the middle, a Cauldron Boiling.",TARTAR,PERSON,"People, including fictional",1049,1055
MACBETH,4,1,"A dark Cave. In the middle, a Cauldron Boiling.",BLACK SPIRITS,WORK_OF_ART,"Titles of books, songs, etc.",1588,1601
MACBETH,4,1,"A dark Cave. In the middle, a Cauldron Boiling.",MIDNIGHT,TIME,Times smaller than a day,1784,1792
MACBETH,4,1,"A dark Cave. In the middle, a Cauldron Boiling.",BEWARE MACDUFF,PERSON,"People, including fictional",2934,2948
MACBETH,4,1,"A dark Cave. In the middle, a Cauldron Boiling.",BEWARE,ORG,"Companies, agencies, institutions, etc.",2950,2956
MACBETH,4,1,"A dark Cave. In the middle, a Cauldron Boiling.",FIFE.—DISMISS,NORP,Nationalities or religious or political groups,2970,2983
MACBETH,4,1,"A dark Cave. In the middle, a Cauldron Boiling.",GREAT BIRNAM,ORG,"Companies, agencies, institutions, etc.",4037,4049
MACBETH,4,1,"A dark Cave. In the middle, a Cauldron Boiling.",DESCENDS,PERSON,"People, including fictional",4102,4110
MACBETH,4,1,"A dark Cave. In the middle, a Cauldron Boiling.",SWEET BODEMENTS,PERSON,"People, including fictional",4210,4225
MACBETH,4,1,"A dark Cave. In the middle, a Cauldron Boiling.",EIGHT,CARDINAL,Numerals that do not fall under another type,4837,4842
MACBETH,4,1,"A dark Cave. In the middle, a Cauldron Boiling.",THY CROWN,PERSON,"People, including fictional",4989,4998
MACBETH,4,1,"A dark Cave. In the middle, a Cauldron Boiling.",THIRD,ORDINAL,"""first"", ""second"", etc.",5087,5092
MACBETH,4,1,"A dark Cave. In the middle, a Cauldron Boiling.",EIGHTH,ORDINAL,"""first"", ""second"", etc.",5283,5289
MACBETH,4,1,"A dark Cave. In the middle, a Cauldron Boiling.",SO:—BUT,ORG,"Companies, agencies, institutions, etc.",5567,5574
MACBETH,4,1,"A dark Cave. In the middle, a Cauldron Boiling.",STAND MACBETH,ORG,"Companies, agencies, institutions, etc.",5579,5593
MACBETH,4,1,"A dark Cave. In the middle, a Cauldron Boiling.",WITCHES,PERSON,"People, including fictional",5837,5844
MACBETH,4,1,"A dark Cave. In the middle, a Cauldron Boiling.",GRACE,PERSON,"People, including fictional",6015,6020
MACBETH,4,2,Fife. A Room in Macduff's Castle.,BLESSING,PERSON,"People, including fictional",1224,1232
MACBETH,4,2,Fife. A Room in Macduff's Castle.,SON,ORG,"Companies, agencies, institutions, etc.",1713,1716
MACBETH,4,3,England. Before the King's Palace.,WAIL,PERSON,"People, including fictional",418,422
MACBETH,4,3,England. Before the King's Palace.,EAST,LOC,"Non-GPE locations, mountain ranges, bodies of water",1779,1783
MACBETH,4,3,England. Before the King's Palace.,THOUSANDS,CARDINAL,Numerals that do not fall under another type,2088,2097
MACBETH,4,3,England. Before the King's Palace.,QUARREL,ORG,"Companies, agencies, institutions, etc.",3806,3814
MACBETH,4,3,England. Before the King's Palace.,LIVE.—O,ORG,"Companies, agencies, institutions, etc.",4686,4693
MACBETH,4,3,England. Before the King's Palace.,OFT'NER,ORG,"Companies, agencies, institutions, etc.",4980,4987
MACBETH,4,3,England. Before the King's Palace.,SCOTLAND.—O,ORG,"Companies, agencies, institutions, etc.",5125,5136
MACBETH,4,3,England. Before the King's Palace.,DEVILISH MACBETH,PERSON,"People, including fictional",5323,5339
MACBETH,4,3,England. Before the King's Palace.,OLD SIWARD,PERSON,"People, including fictional",6002,6012
MACBETH,4,3,England. Before the King's Palace.,TEN THOUSAND,CARDINAL,Numerals that do not fall under another type,6019,6031
MACBETH,4,3,England. Before the King's Palace.,EACH MINUTE,TIME,Times smaller than a day,8035,8046
MACBETH,4,3,England. Before the King's Palace.,CHRISTENDOM,ORG,"Companies, agencies, institutions, etc.",8816,8827
MACBETH,4,3,England. Before the King's Palace.,PERTAINS,PERSON,"People, including fictional",9163,9171
MACBETH,4,3,England. Before the King's Palace.,HUMH,PERSON,"People, including fictional",9391,9395
MACBETH,4,3,England. Before the King's Palace.,BRAGGART,PERSON,"People, including fictional",10685,10693
MACBETH,5,1,Dunsinane. A Room in the Castle.,TWO NIGHTS,TIME,Times smaller than a day,67,77
MACBETH,5,1,Dunsinane. A Room in the Castle.,GENTLEWOMAN,PERSON,"People, including fictional",167,178
MACBETH,5,1,Dunsinane. A Room in the Castle.,THIS A QUARTER,DATE,Absolute or relative dates or periods,1381,1395
MACBETH,5,1,Dunsinane. A Room in the Castle.,FIE!,PERSON,"People, including fictional",1661,1665
MACBETH,5,1,Dunsinane. A Room in the Castle.,ARABIA,GPE,"Countries, cities, states",2266,2272
MACBETH,5,1,Dunsinane. A Room in the Castle.,NIGHTGOWN,TIME,Times smaller than a day,2709,2718
MACBETH,5,2,The Country near Dunsinane.,MENTEITH,ORG,"Companies, agencies, institutions, etc.",29,38
MACBETH,5,2,The Country near Dunsinane.,CAITHNESS,ORG,"Companies, agencies, institutions, etc.",39,48
MACBETH,5,2,The Country near Dunsinane.,CAITHNESS,PERSON,"People, including fictional",361,370
MACBETH,5,2,The Country near Dunsinane.,UNROUGH,NORP,Nationalities or religious or political groups,517,524
MACBETH,5,2,The Country near Dunsinane.,BIRNAM,GPE,"Countries, cities, states",1500,1506
MACBETH,5,3,Dunsinane. A Room in the Castle.,TILL BIRNAM,PERSON,"People, including fictional",91,102
MACBETH,5,3,Dunsinane. A Room in the Castle.,TEN THOUSAND,DATE,Absolute or relative dates or periods,630,642
MACBETH,5,3,Dunsinane. A Room in the Castle.,SEYTON,PERSON,"People, including fictional",1015,1021
MACBETH,5,3,Dunsinane. A Room in the Castle.,RAZE,ORG,"Companies, agencies, institutions, etc.",2015,2019
MACBETH,5,3,Dunsinane. A Room in the Castle.,DESPATCH.—IF,ORG,"Companies, agencies, institutions, etc.",2388,2400
MACBETH,5,3,Dunsinane. A Room in the Castle.,SENNA,PERSON,"People, including fictional",2613,2618
MACBETH,5,3,Dunsinane. A Room in the Castle.,BANE,GPE,"Countries, cities, states",2836,2840
MACBETH,5,3,Dunsinane. A Room in the Castle.,TILL BIRNAM,GPE,"Countries, cities, states",2842,2853
MACBETH,5,4,Country near Dunsinane: a Wood in view.,MENTEITH,GPE,"Countries, cities, states",71,79
MACBETH,5,4,Country near Dunsinane: a Wood in view.,THE DAYS,DATE,Absolute or relative dates or periods,161,169
MACBETH,5,4,Country near Dunsinane: a Wood in view.,SIWARD,ORG,"Companies, agencies, institutions, etc.",246,252
MACBETH,5,4,Country near Dunsinane: a Wood in view.,DISCOVERY ERR,PERSON,"People, including fictional",443,456
MACBETH,5,4,Country near Dunsinane: a Wood in view.,DUNSINANE,ORG,"Companies, agencies, institutions, etc.",568,577
MACBETH,5,4,Country near Dunsinane: a Wood in view.,INDUSTRIOUS,ORG,"Companies, agencies, institutions, etc.",884,895
MACBETH,5,5,Dunsinane. Within the castle.,DIRENESS,PERSON,"People, including fictional",709,717
MACBETH,5,5,Dunsinane. Within the castle.,QUEEN,PERSON,"People, including fictional",829,834
MACBETH,5,5,Dunsinane. Within the castle.,CREEPS,PERSON,"People, including fictional",979,985
MACBETH,5,5,Dunsinane. Within the castle.,FROM DAY TO DAY,DATE,Absolute or relative dates or periods,1005,1020
MACBETH,5,5,Dunsinane. Within the castle.,THREE MILE,QUANTITY,"Measurements, as of weight or distance",1743,1753
MACBETH,5,5,Dunsinane. Within the castle.,BIRNAM,PERSON,"People, including fictional",2074,2080
MACBETH,5,6,The same. A Plain before the Castle.,ARMY,ORG,"Companies, agencies, institutions, etc.",69,73
MACBETH,5,7,The same. Another part of the Plain.,COURSE.—WHAT,ORG,"Companies, agencies, institutions, etc.",109,121
MACBETH,5,7,The same. Another part of the Plain.,THOU'LT,DATE,Absolute or relative dates or periods,250,257
MACBETH,5,7,The same. Another part of the Plain.,MACBETH.,WORK_OF_ART,"Titles of books, songs, etc.",380,388
MACBETH,5,8,The same. Another part of the field.,ROMAN,NORP,Nationalities or religious or political groups,46,51
MACBETH,5,8,The same. Another part of the field.,PAINT,ORG,"Companies, agencies, institutions, etc.",1177,1184
MACBETH,5,8,The same. Another part of the field.,SIWARD ROSS THANES AND SOLDIER,ORG,"Companies, agencies, institutions, etc.",1668,1701
A MIDSUMMER NIGHT'S DREAM,1,1,Athens. A room in the Palace of Theseus,PHILOSTRATE,PERSON,"People, including fictional",26,37
A MIDSUMMER NIGHT'S DREAM,1,1,Athens. A room in the Palace of Theseus,THESEUS,ORG,"Companies, agencies, institutions, etc.",54,61
A MIDSUMMER NIGHT'S DREAM,1,1,Athens. A room in the Palace of Theseus,HIPPOLYTA,ORG,"Companies, agencies, institutions, etc.",73,82
A MIDSUMMER NIGHT'S DREAM,1,1,Athens. A room in the Palace of Theseus,FOUR HAPPY DAYS,DATE,Absolute or relative dates or periods,117,132
A MIDSUMMER NIGHT'S DREAM,1,1,Athens. A room in the Palace of Theseus,LONG,PERSON,"People, including fictional",262,266
A MIDSUMMER NIGHT'S DREAM,1,1,Athens. A room in the Palace of Theseus,FOUR DAYS,DATE,Absolute or relative dates or periods,315,324
A MIDSUMMER NIGHT'S DREAM,1,1,Athens. A room in the Palace of Theseus,NIGHT,TIME,Times smaller than a day,358,363
A MIDSUMMER NIGHT'S DREAM,1,1,Athens. A room in the Palace of Theseus,FOUR NIGHTS,TIME,Times smaller than a day,365,376
A MIDSUMMER NIGHT'S DREAM,1,1,Athens. A room in the Palace of Theseus,ATHENIAN,NORP,Nationalities or religious or political groups,552,560
A MIDSUMMER NIGHT'S DREAM,1,1,Athens. A room in the Palace of Theseus,EGEUS,PERSON,"People, including fictional",882,887
A MIDSUMMER NIGHT'S DREAM,1,1,Athens. A room in the Palace of Theseus,HERMIA,GPE,"Countries, cities, states",889,895
A MIDSUMMER NIGHT'S DREAM,1,1,Athens. A room in the Palace of Theseus,LYSANDER,PERSON,"People, including fictional",897,905
A MIDSUMMER NIGHT'S DREAM,1,1,Athens. A room in the Palace of Theseus,DEMETRIUS,ORG,"Companies, agencies, institutions, etc.",910,919
A MIDSUMMER NIGHT'S DREAM,1,1,Athens. A room in the Palace of Theseus,THESEUS,PERSON,"People, including fictional",965,972
A MIDSUMMER NIGHT'S DREAM,1,1,Athens. A room in the Palace of Theseus,EGEUS,ORG,"Companies, agencies, institutions, etc.",1021,1026
A MIDSUMMER NIGHT'S DREAM,1,1,Athens. A room in the Palace of Theseus,HERMIA,PERSON,"People, including fictional",1098,1104
A MIDSUMMER NIGHT'S DREAM,1,1,Athens. A room in the Palace of Theseus,GAUD,ORG,"Companies, agencies, institutions, etc.",1536,1541
A MIDSUMMER NIGHT'S DREAM,1,1,Athens. A room in the Palace of Theseus,KNACKS,GPE,"Countries, cities, states",1553,1559
A MIDSUMMER NIGHT'S DREAM,1,1,Athens. A room in the Palace of Theseus,NOSEGAY,ORG,"Companies, agencies, institutions, etc.",1570,1578
A MIDSUMMER NIGHT'S DREAM,1,1,Athens. A room in the Palace of Theseus,DEMETRIUS,PERSON,"People, including fictional",1853,1862
A MIDSUMMER NIGHT'S DREAM,1,1,Athens. A room in the Palace of Theseus,ATHEN,GPE,"Countries, cities, states",1895,1901
A MIDSUMMER NIGHT'S DREAM,1,1,Athens. A room in the Palace of Theseus,ONE,CARDINAL,Numerals that do not fall under another type,2146,2149
A MIDSUMMER NIGHT'S DREAM,1,1,Athens. A room in the Palace of Theseus,HERMIA,ORG,"Companies, agencies, institutions, etc.",2339,2345
A MIDSUMMER NIGHT'S DREAM,1,1,Athens. A room in the Palace of Theseus,GRACE,PERSON,"People, including fictional",2606,2611
A MIDSUMMER NIGHT'S DREAM,1,1,Athens. A room in the Palace of Theseus,THAT DAY,DATE,Absolute or relative dates or periods,3764,3772
A MIDSUMMER NIGHT'S DREAM,1,1,Athens. A room in the Palace of Theseus,DIANA,PERSON,"People, including fictional",3880,3885
A MIDSUMMER NIGHT'S DREAM,1,1,Athens. A room in the Palace of Theseus,CRAZÈD,GPE,"Countries, cities, states",3998,4004
A MIDSUMMER NIGHT'S DREAM,1,1,Athens. A room in the Palace of Theseus,SCORNFUL LYSANDER,PERSON,"People, including fictional",4128,4145
A MIDSUMMER NIGHT'S DREAM,1,1,Athens. A room in the Palace of Theseus,NEDAR,PERSON,"People, including fictional",4628,4633
A MIDSUMMER NIGHT'S DREAM,1,1,Athens. A room in the Palace of Theseus,HELENA,ORG,"Companies, agencies, institutions, etc.",4646,4652
A MIDSUMMER NIGHT'S DREAM,1,1,Athens. A room in the Palace of Theseus,YEARS,DATE,Absolute or relative dates or periods,5971,5976
A MIDSUMMER NIGHT'S DREAM,1,1,Athens. A room in the Palace of Theseus,SWIFT,PERSON,"People, including fictional",6259,6264
A MIDSUMMER NIGHT'S DREAM,1,1,Athens. A room in the Palace of Theseus,SEVEN,CARDINAL,Numerals that do not fall under another type,6920,6925
A MIDSUMMER NIGHT'S DREAM,1,1,Athens. A room in the Palace of Theseus,TOMORROW NIGHT,TIME,Times smaller than a day,7126,7140
A MIDSUMMER NIGHT'S DREAM,1,1,Athens. A room in the Palace of Theseus,MAY,DATE,Absolute or relative dates or periods,7255,7258
A MIDSUMMER NIGHT'S DREAM,1,1,Athens. A room in the Palace of Theseus,CUPID,ORG,"Companies, agencies, institutions, etc.",7334,7339
A MIDSUMMER NIGHT'S DREAM,1,1,Athens. A room in the Palace of Theseus,VENUS,ORG,"Companies, agencies, institutions, etc.",7418,7423
A MIDSUMMER NIGHT'S DREAM,1,1,Athens. A room in the Palace of Theseus,TROJAN,ORG,"Companies, agencies, institutions, etc.",7545,7551
A MIDSUMMER NIGHT'S DREAM,1,1,Athens. A room in the Palace of Theseus,TOMORROW,DATE,Absolute or relative dates or periods,7697,7705
A MIDSUMMER NIGHT'S DREAM,1,1,Athens. A room in the Palace of Theseus,WHITHER,PERSON,"People, including fictional",7835,7842
A MIDSUMMER NIGHT'S DREAM,1,1,Athens. A room in the Palace of Theseus,HELEN,PERSON,"People, including fictional",9110,9115
A MIDSUMMER NIGHT'S DREAM,1,1,Athens. A room in the Palace of Theseus,PHOEBE,PERSON,"People, including fictional",9171,9177
A MIDSUMMER NIGHT'S DREAM,1,1,Athens. A room in the Palace of Theseus,MORROW DEEP MIDNIGHT,TIME,Times smaller than a day,9787,9807
A MIDSUMMER NIGHT'S DREAM,1,1,Athens. A room in the Palace of Theseus,LOVE,WORK_OF_ART,"Titles of books, songs, etc.",10212,10216
A MIDSUMMER NIGHT'S DREAM,1,2,The Same. A Room in a Cottage,STARVELE,GPE,"Countries, cities, states",45,55
A MIDSUMMER NIGHT'S DREAM,1,2,The Same. A Room in a Cottage,QUINCE,PERSON,"People, including fictional",57,63
A MIDSUMMER NIGHT'S DREAM,1,2,The Same. A Room in a Cottage,DUCHESS,PERSON,"People, including fictional",306,313
A MIDSUMMER NIGHT'S DREAM,1,2,The Same. A Room in a Cottage,FIRST,ORDINAL,"""first"", ""second"", etc.",352,357
A MIDSUMMER NIGHT'S DREAM,1,2,The Same. A Room in a Cottage,PETER QUINCE,PERSON,"People, including fictional",364,376
A MIDSUMMER NIGHT'S DREAM,1,2,The Same. A Room in a Cottage,PYRAMUS,ORG,"Companies, agencies, institutions, etc.",544,551
A MIDSUMMER NIGHT'S DREAM,1,2,The Same. A Room in a Cottage,NICK BOTTOM,PERSON,"People, including fictional",747,758
A MIDSUMMER NIGHT'S DREAM,1,2,The Same. A Room in a Cottage,PYRAMUS,PERSON,"People, including fictional",868,875
A MIDSUMMER NIGHT'S DREAM,1,2,The Same. A Room in a Cottage,ERCLES,PERSON,"People, including fictional",1210,1216
A MIDSUMMER NIGHT'S DREAM,1,2,The Same. A Room in a Cottage,PHIBBUS,ORG,"Companies, agencies, institutions, etc.",1353,1360
A MIDSUMMER NIGHT'S DREAM,1,2,The Same. A Room in a Cottage,FRANCIS FLUTE,PERSON,"People, including fictional",1548,1561
A MIDSUMMER NIGHT'S DREAM,1,2,The Same. A Room in a Cottage,THISNE,ORG,"Companies, agencies, institutions, etc.",2001,2008
A MIDSUMMER NIGHT'S DREAM,1,2,The Same. A Room in a Cottage,THISNE!'—'AH,PERSON,"People, including fictional",2009,2021
A MIDSUMMER NIGHT'S DREAM,1,2,The Same. A Room in a Cottage,ROBIN STARVELING,PERSON,"People, including fictional",2174,2190
A MIDSUMMER NIGHT'S DREAM,1,2,The Same. A Room in a Cottage,STARVELE,ORG,"Companies, agencies, institutions, etc.",2204,2214
A MIDSUMMER NIGHT'S DREAM,1,2,The Same. A Room in a Cottage,TOM SNOUT,PERSON,"People, including fictional",2293,2302
A MIDSUMMER NIGHT'S DREAM,1,2,The Same. A Room in a Cottage,DUCHESS,LAW,Named documents made into laws.,2872,2879
A MIDSUMMER NIGHT'S DREAM,1,2,The Same. A Room in a Cottage,SUMMER,DATE,Absolute or relative dates or periods,3372,3378
A MIDSUMMER NIGHT'S DREAM,1,2,The Same. A Room in a Cottage,FRENCH,NORP,Nationalities or religious or political groups,3684,3690
A MIDSUMMER NIGHT'S DREAM,1,2,The Same. A Room in a Cottage,A MILE,QUANTITY,"Measurements, as of weight or distance",3975,3981
A MIDSUMMER NIGHT'S DREAM,1,2,The Same. A Room in a Cottage,MOONLIGHT,TIME,Times smaller than a day,4003,4012
A MIDSUMMER NIGHT'S DREAM,2,1,A wood near Athens,PUCK,PERSON,"People, including fictional",31,35
A MIDSUMMER NIGHT'S DREAM,2,1,A wood near Athens,HILL,PERSON,"People, including fictional",102,106
A MIDSUMMER NIGHT'S DREAM,2,1,A wood near Athens,BUSH,PERSON,"People, including fictional",128,132
A MIDSUMMER NIGHT'S DREAM,2,1,A wood near Athens,SWIFTER,PERSON,"People, including fictional",227,234
A MIDSUMMER NIGHT'S DREAM,2,1,A wood near Athens,THE FAIRY QUEEN,WORK_OF_ART,"Titles of books, songs, etc.",271,286
A MIDSUMMER NIGHT'S DREAM,2,1,A wood near Athens,FAREWELL,PERSON,"People, including fictional",539,547
A MIDSUMMER NIGHT'S DREAM,2,1,A wood near Athens,QUEEN,PERSON,"People, including fictional",588,593
A MIDSUMMER NIGHT'S DREAM,2,1,A wood near Athens,TONIGHT,TIME,Times smaller than a day,669,676
A MIDSUMMER NIGHT'S DREAM,2,1,A wood near Athens,OBERON,PERSON,"People, including fictional",729,735
A MIDSUMMER NIGHT'S DREAM,2,1,A wood near Athens,INDIAN,NORP,Nationalities or religious or political groups,833,839
A MIDSUMMER NIGHT'S DREAM,2,1,A wood near Athens,KNIGHT,PERSON,"People, including fictional",923,929
A MIDSUMMER NIGHT'S DREAM,2,1,A wood near Athens,ROBIN GOODFELLOW,PERSON,"People, including fictional",1356,1372
A MIDSUMMER NIGHT'S DREAM,2,1,A wood near Athens,HOBGOBLIN,PERSON,"People, including fictional",1633,1642
A MIDSUMMER NIGHT'S DREAM,2,1,A wood near Athens,THREE-FOOT,QUANTITY,"Measurements, as of weight or distance",2137,2147
A MIDSUMMER NIGHT'S DREAM,2,1,A wood near Athens,NEEZE,ORG,"Companies, agencies, institutions, etc.",2337,2342
A MIDSUMMER NIGHT'S DREAM,2,1,A wood near Athens,A MERRIER HOUR,TIME,Times smaller than a day,2354,2368
A MIDSUMMER NIGHT'S DREAM,2,1,A wood near Athens,TITANIA,PRODUCT,"Objects, vehicles, foods, etc. (not services)",2528,2535
A MIDSUMMER NIGHT'S DREAM,2,1,A wood near Athens,ILL,ORG,"Companies, agencies, institutions, etc.",2567,2570
A MIDSUMMER NIGHT'S DREAM,2,1,A wood near Athens,TITANIA,ORG,"Companies, agencies, institutions, etc.",2604,2611
A MIDSUMMER NIGHT'S DREAM,2,1,A wood near Athens,TARRY,PERSON,"People, including fictional",2701,2706
A MIDSUMMER NIGHT'S DREAM,2,1,A wood near Athens,FAIRYLAND,GPE,"Countries, cities, states",2817,2826
A MIDSUMMER NIGHT'S DREAM,2,1,A wood near Athens,CORIN,PERSON,"People, including fictional",2848,2853
A MIDSUMMER NIGHT'S DREAM,2,1,A wood near Athens,PHILLIDA,GPE,"Countries, cities, states",2920,2928
A MIDSUMMER NIGHT'S DREAM,2,1,A wood near Athens,INDIA,GPE,"Countries, cities, states",2981,2986
A MIDSUMMER NIGHT'S DREAM,2,1,A wood near Athens,AMAZON,ORG,"Companies, agencies, institutions, etc.",3021,3027
A MIDSUMMER NIGHT'S DREAM,2,1,A wood near Athens,HIPPOLYTA KNOW,ORG,"Companies, agencies, institutions, etc.",3227,3245
A MIDSUMMER NIGHT'S DREAM,2,1,A wood near Athens,AEGLES,PERSON,"People, including fictional",3384,3390
A MIDSUMMER NIGHT'S DREAM,2,1,A wood near Athens,ARIADNE,PERSON,"People, including fictional",3413,3420
A MIDSUMMER NIGHT'S DREAM,2,1,A wood near Athens,MET,ORG,"Companies, agencies, institutions, etc.",3525,3528
A MIDSUMMER NIGHT'S DREAM,2,1,A wood near Athens,DALE,GPE,"Countries, cities, states",3544,3548
A MIDSUMMER NIGHT'S DREAM,2,1,A wood near Athens,RUSHY BROOK,PERSON,"People, including fictional",3592,3603
A MIDSUMMER NIGHT'S DREAM,2,1,A wood near Athens,BEACHÈD,GPE,"Countries, cities, states",3615,3622
A MIDSUMMER NIGHT'S DREAM,2,1,A wood near Athens,NINE,CARDINAL,Numerals that do not fall under another type,4188,4192
A MIDSUMMER NIGHT'S DREAM,2,1,A wood near Athens,PALE,ORG,"Companies, agencies, institutions, etc.",4442,4446
A MIDSUMMER NIGHT'S DREAM,2,1,A wood near Athens,FALL,DATE,Absolute or relative dates or periods,4595,4599
A MIDSUMMER NIGHT'S DREAM,2,1,A wood near Athens,HIEM,ORG,"Companies, agencies, institutions, etc.",4649,4654
A MIDSUMMER NIGHT'S DREAM,2,1,A wood near Athens,THE SPRING,DATE,Absolute or relative dates or periods,4739,4749
A MIDSUMMER NIGHT'S DREAM,2,1,A wood near Athens,THE SUMMER,DATE,Absolute or relative dates or periods,4751,4761
A MIDSUMMER NIGHT'S DREAM,2,1,A wood near Athens,ANGRY WINTER,DATE,Absolute or relative dates or periods,4784,4796
A MIDSUMMER NIGHT'S DREAM,2,1,A wood near Athens,NEPTUNE,ORG,"Companies, agencies, institutions, etc.",5360,5367
A MIDSUMMER NIGHT'S DREAM,2,1,A wood near Athens,A HUNDRED THOUSAND,CARDINAL,Numerals that do not fall under another type,6909,6927
A MIDSUMMER NIGHT'S DREAM,2,1,A wood near Athens,THE WATERY MOON,LOC,"Non-GPE locations, mountain ranges, bodies of water",7010,7025
A MIDSUMMER NIGHT'S DREAM,2,1,A wood near Athens,FORTY MINUTES,TIME,Times smaller than a day,7565,7578
A MIDSUMMER NIGHT'S DREAM,2,1,A wood near Athens,THE NIGHT,TIME,Times smaller than a day,9567,9576
A MIDSUMMER NIGHT'S DREAM,2,1,A wood near Athens,APOLLO,ORG,"Companies, agencies, institutions, etc.",9939,9945
A MIDSUMMER NIGHT'S DREAM,2,1,A wood near Athens,DAPHNE,PERSON,"People, including fictional",9957,9963
A MIDSUMMER NIGHT'S DREAM,2,2,Another part of the wood,THIRD,ORDINAL,"""first"", ""second"", etc.",90,95
A MIDSUMMER NIGHT'S DREAM,2,2,Another part of the wood,NEWTS,PERSON,"People, including fictional",492,497
A MIDSUMMER NIGHT'S DREAM,2,2,Another part of the wood,FAIRY QUEEN,WORK_OF_ART,"Titles of books, songs, etc.",545,556
A MIDSUMMER NIGHT'S DREAM,2,2,Another part of the wood,PHILOMEL,PERSON,"People, including fictional",566,574
A MIDSUMMER NIGHT'S DREAM,2,2,Another part of the wood,LULLA,PERSON,"People, including fictional",616,621
A MIDSUMMER NIGHT'S DREAM,2,2,Another part of the wood,WORM,PERSON,"People, including fictional",871,875
A MIDSUMMER NIGHT'S DREAM,2,2,Another part of the wood,CHORUS,ORG,"Companies, agencies, institutions, etc.",901,907
A MIDSUMMER NIGHT'S DREAM,2,2,Another part of the wood,SQUEEZE,ORG,"Companies, agencies, institutions, etc.",1096,1104
A MIDSUMMER NIGHT'S DREAM,2,2,Another part of the wood,PARD,ORG,"Companies, agencies, institutions, etc.",1230,1234
A MIDSUMMER NIGHT'S DREAM,2,2,Another part of the wood,THE DAY,DATE,Absolute or relative dates or periods,1572,1579
A MIDSUMMER NIGHT'S DREAM,2,2,Another part of the wood,TWO,CARDINAL,Numerals that do not fall under another type,1743,1746
A MIDSUMMER NIGHT'S DREAM,2,2,Another part of the wood,BOSOMS INTERCHAINÈD,PERSON,"People, including fictional",2044,2063
A MIDSUMMER NIGHT'S DREAM,2,2,Another part of the wood,BESHREW,PERSON,"People, including fictional",2241,2248
A MIDSUMMER NIGHT'S DREAM,2,2,Another part of the wood,HALF,CARDINAL,Numerals that do not fall under another type,2706,2710
A MIDSUMMER NIGHT'S DREAM,2,2,Another part of the wood,OBERON,GPE,"Countries, cities, states",3335,3341
A MIDSUMMER NIGHT'S DREAM,2,2,Another part of the wood,THE TEDIOUS MINUTES,TIME,Times smaller than a day,4662,4681
A MIDSUMMER NIGHT'S DREAM,2,2,Another part of the wood,REASON,PERSON,"People, including fictional",4999,5005
A MIDSUMMER NIGHT'S DREAM,3,1,The Wood.,SNOUT,PERSON,"People, including fictional",63,68
A MIDSUMMER NIGHT'S DREAM,3,1,The Wood.,PAT,PERSON,"People, including fictional",130,133
A MIDSUMMER NIGHT'S DREAM,3,1,The Wood.,EIGHT AND SIX,DATE,Absolute or relative dates or periods,1076,1089
A MIDSUMMER NIGHT'S DREAM,3,1,The Wood.,EIGHT AND EIGHT,DATE,Absolute or relative dates or periods,1142,1157
A MIDSUMMER NIGHT'S DREAM,3,1,The Wood.,SNOUT,ORG,"Companies, agencies, institutions, etc.",1159,1164
A MIDSUMMER NIGHT'S DREAM,3,1,The Wood.,THAT NIGHT,TIME,Times smaller than a day,2383,2393
A MIDSUMMER NIGHT'S DREAM,3,1,The Wood.,MOONSHINE,NORP,Nationalities or religious or political groups,2663,2672
A MIDSUMMER NIGHT'S DREAM,3,1,The Wood.,BOTTOM,PERSON,"People, including fictional",2874,2880
A MIDSUMMER NIGHT'S DREAM,3,1,The Wood.,THE FAIRY QUEEN,FAC,"Buildings, airports, highways, bridges, etc.",3424,3439
A MIDSUMMER NIGHT'S DREAM,3,1,The Wood.,JEW,NORP,Nationalities or religious or political groups,4153,4156
A MIDSUMMER NIGHT'S DREAM,3,1,The Wood.,NINNY,PERSON,"People, including fictional",4238,4243
A MIDSUMMER NIGHT'S DREAM,3,1,The Wood.,NINUS,PERSON,"People, including fictional",4260,4265
A MIDSUMMER NIGHT'S DREAM,3,1,The Wood.,DOTH MARK,PERSON,"People, including fictional",5825,5834
A MIDSUMMER NIGHT'S DREAM,3,1,The Wood.,PEASEBLOSSOM,PERSON,"People, including fictional",7067,7079
A MIDSUMMER NIGHT'S DREAM,3,1,The Wood.,MOTH,PERSON,"People, including fictional",7089,7093
A MIDSUMMER NIGHT'S DREAM,3,1,The Wood.,FOUR,CARDINAL,Numerals that do not fall under another type,7118,7122
A MIDSUMMER NIGHT'S DREAM,3,1,The Wood.,PEASEBLOSSOM,ORG,"Companies, agencies, institutions, etc.",7132,7144
A MIDSUMMER NIGHT'S DREAM,3,1,The Wood.,COBWEB,ORG,"Companies, agencies, institutions, etc.",7153,7159
A MIDSUMMER NIGHT'S DREAM,3,1,The Wood.,I. MOTH,PERSON,"People, including fictional",7165,7172
A MIDSUMMER NIGHT'S DREAM,3,1,The Wood.,I. MUSTARDSEED,PERSON,"People, including fictional",7178,7192
A MIDSUMMER NIGHT'S DREAM,3,1,The Wood.,MOTH,GPE,"Countries, cities, states",7752,7756
A MIDSUMMER NIGHT'S DREAM,3,1,The Wood.,MUSTARDSEED,ORG,"Companies, agencies, institutions, etc.",7764,7775
A MIDSUMMER NIGHT'S DREAM,3,1,The Wood.,PEASCOD,PERSON,"People, including fictional",8127,8134
A MIDSUMMER NIGHT'S DREAM,3,2,Another part of the wood,FORSOOK,PERSON,"People, including fictional",611,618
A MIDSUMMER NIGHT'S DREAM,3,2,Another part of the wood,NOLE,PRODUCT,"Objects, vehicles, foods, etc. (not services)",701,705
A MIDSUMMER NIGHT'S DREAM,3,2,Another part of the wood,ANTIPODES,PERSON,"People, including fictional",2418,2427
A MIDSUMMER NIGHT'S DREAM,3,2,Another part of the wood,VENUS,PRODUCT,"Objects, vehicles, foods, etc. (not services)",2682,2687
A MIDSUMMER NIGHT'S DREAM,3,2,Another part of the wood,DURST,PERSON,"People, including fictional",3057,3062
A MIDSUMMER NIGHT'S DREAM,3,2,Another part of the wood,A MILLION,CARDINAL,Numerals that do not fall under another type,4189,4198
A MIDSUMMER NIGHT'S DREAM,3,2,Another part of the wood,TARTAR,PRODUCT,"Objects, vehicles, foods, etc. (not services)",4557,4563
A MIDSUMMER NIGHT'S DREAM,3,2,Another part of the wood,BEG,PERSON,"People, including fictional",4778,4781
A MIDSUMMER NIGHT'S DREAM,3,2,Another part of the wood,THINE EYNE,PERSON,"People, including fictional",6034,6044
A MIDSUMMER NIGHT'S DREAM,3,2,Another part of the wood,CRYSTAL,LOC,"Non-GPE locations, mountain ranges, bodies of water",6046,6053
A MIDSUMMER NIGHT'S DREAM,3,2,Another part of the wood,TAURU,LOC,"Non-GPE locations, mountain ranges, bodies of water",6164,6170
A MIDSUMMER NIGHT'S DREAM,3,2,Another part of the wood,DISPARAGE,PERSON,"People, including fictional",7552,7561
A MIDSUMMER NIGHT'S DREAM,3,2,Another part of the wood,LEST,PERSON,"People, including fictional",7596,7600
A MIDSUMMER NIGHT'S DREAM,3,2,Another part of the wood,FAIR HELENA,ORG,"Companies, agencies, institutions, etc.",8170,8181
A MIDSUMMER NIGHT'S DREAM,3,2,Another part of the wood,FIERY OES,PERSON,"People, including fictional",8223,8232
A MIDSUMMER NIGHT'S DREAM,3,2,Another part of the wood,LO,PERSON,"People, including fictional",8405,8407
A MIDSUMMER NIGHT'S DREAM,3,2,Another part of the wood,THREE,CARDINAL,Numerals that do not fall under another type,8480,8485
A MIDSUMMER NIGHT'S DREAM,3,2,Another part of the wood,THE HOURS,TIME,Times smaller than a day,8720,8729
A MIDSUMMER NIGHT'S DREAM,3,2,Another part of the wood,AMAZÈD,PERSON,"People, including fictional",9601,9607
A MIDSUMMER NIGHT'S DREAM,3,2,Another part of the wood,WINK,PERSON,"People, including fictional",10401,10405
A MIDSUMMER NIGHT'S DREAM,3,2,Another part of the wood,SWEET,PERSON,"People, including fictional",10777,10782
A MIDSUMMER NIGHT'S DREAM,3,2,Another part of the wood,ETHIOPE,LOC,"Non-GPE locations, mountain ranges, bodies of water",11280,11287
A MIDSUMMER NIGHT'S DREAM,3,2,Another part of the wood,LOATHÈD,PERSON,"People, including fictional",11634,11641
A MIDSUMMER NIGHT'S DREAM,3,2,Another part of the wood,CANKERBLOSSOM,PERSON,"People, including fictional",12510,12523
A MIDSUMMER NIGHT'S DREAM,3,2,Another part of the wood,SHREWISHNESS,GPE,"Countries, cities, states",13355,13367
A MIDSUMMER NIGHT'S DREAM,3,2,Another part of the wood,GOOD HERMIA,PERSON,"People, including fictional",13553,13564
A MIDSUMMER NIGHT'S DREAM,3,2,Another part of the wood,HELENA,GPE,"Countries, cities, states",14981,14987
A MIDSUMMER NIGHT'S DREAM,3,2,Another part of the wood,ROBIN,PERSON,"People, including fictional",15834,15839
A MIDSUMMER NIGHT'S DREAM,3,2,Another part of the wood,ACHERON,ORG,"Companies, agencies, institutions, etc.",15926,15933
A MIDSUMMER NIGHT'S DREAM,3,2,Another part of the wood,AURORA,ORG,"Companies, agencies, institutions, etc.",16919,16925
A MIDSUMMER NIGHT'S DREAM,3,2,Another part of the wood,TROOP,ORG,"Companies, agencies, institutions, etc.",16990,16995
A MIDSUMMER NIGHT'S DREAM,3,2,Another part of the wood,MORNING,TIME,Times smaller than a day,17315,17322
A MIDSUMMER NIGHT'S DREAM,3,2,Another part of the wood,NEPTUNE,LOC,"Non-GPE locations, mountain ranges, bodies of water",17448,17455
A MIDSUMMER NIGHT'S DREAM,3,2,Another part of the wood,TURN,ORG,"Companies, agencies, institutions, etc.",17481,17486
A MIDSUMMER NIGHT'S DREAM,3,2,Another part of the wood,GOBLIN,PERSON,"People, including fictional",17719,17725
A MIDSUMMER NIGHT'S DREAM,3,2,Another part of the wood,THY GREY LIGHT,PERSON,"People, including fictional",18787,18801
A MIDSUMMER NIGHT'S DREAM,3,2,Another part of the wood,HO,PERSON,"People, including fictional",18888,18890
A MIDSUMMER NIGHT'S DREAM,3,2,Another part of the wood,COWARD,PERSON,"People, including fictional",18900,18906
A MIDSUMMER NIGHT'S DREAM,3,2,Another part of the wood,DAY,DATE,Absolute or relative dates or periods,19308,19311
A MIDSUMMER NIGHT'S DREAM,3,2,Another part of the wood,SHINE,PERSON,"People, including fictional",19445,19450
A MIDSUMMER NIGHT'S DREAM,3,2,Another part of the wood,JACK,PERSON,"People, including fictional",20386,20390
A MIDSUMMER NIGHT'S DREAM,3,2,Another part of the wood,JILL,PERSON,"People, including fictional",20402,20406
A MIDSUMMER NIGHT'S DREAM,4,1,The Wood,LYSANDER DEMETRIUS,ORG,"Companies, agencies, institutions, etc.",0,19
A MIDSUMMER NIGHT'S DREAM,4,1,The Wood,COBWEB,GPE,"Countries, cities, states",93,99
A MIDSUMMER NIGHT'S DREAM,4,1,The Wood,FAIRY,ORG,"Companies, agencies, institutions, etc.",129,136
A MIDSUMMER NIGHT'S DREAM,4,1,The Wood,MONSIEUR COBWEB,PERSON,"People, including fictional",488,503
A MIDSUMMER NIGHT'S DREAM,4,1,The Wood,CAVALERY COBWEB,PERSON,"People, including fictional",1057,1072
A MIDSUMMER NIGHT'S DREAM,4,1,The Wood,ENRING,ORG,"Companies, agencies, institutions, etc.",2018,2025
A MIDSUMMER NIGHT'S DREAM,4,1,The Wood,BARKY,PERSON,"People, including fictional",2030,2035
A MIDSUMMER NIGHT'S DREAM,4,1,The Wood,DIAN,PERSON,"People, including fictional",3290,3294
A MIDSUMMER NIGHT'S DREAM,4,1,The Wood,FIVE,CARDINAL,Numerals that do not fall under another type,3720,3724
A MIDSUMMER NIGHT'S DREAM,4,1,The Wood,MIDNIGHT,TIME,Times smaller than a day,4017,4025
A MIDSUMMER NIGHT'S DREAM,4,1,The Wood,DANCE IN DUKE,WORK_OF_ART,"Titles of books, songs, etc.",4035,4048
A MIDSUMMER NIGHT'S DREAM,4,1,The Wood,WEDDED,PERSON,"People, including fictional",4159,4165
A MIDSUMMER NIGHT'S DREAM,4,1,The Wood,THE MORNING,TIME,Times smaller than a day,4242,4253
A MIDSUMMER NIGHT'S DREAM,4,1,The Wood,THIS NIGHT,TIME,Times smaller than a day,4456,4466
A MIDSUMMER NIGHT'S DREAM,4,1,The Wood,HERCULE,GPE,"Countries, cities, states",5011,5019
A MIDSUMMER NIGHT'S DREAM,4,1,The Wood,CADMUS,PRODUCT,"Objects, vehicles, foods, etc. (not services)",5024,5030
A MIDSUMMER NIGHT'S DREAM,4,1,The Wood,CRETE,GPE,"Countries, cities, states",5055,5060
A MIDSUMMER NIGHT'S DREAM,4,1,The Wood,SPARTA,GPE,"Countries, cities, states",5096,5102
A MIDSUMMER NIGHT'S DREAM,4,1,The Wood,THESSALIAN,NORP,Nationalities or religious or political groups,5469,5479
A MIDSUMMER NIGHT'S DREAM,4,1,The Wood,THESSALY,NORP,Nationalities or religious or political groups,5647,5655
A MIDSUMMER NIGHT'S DREAM,4,1,The Wood,NEDAR,ORG,"Companies, agencies, institutions, etc.",5816,5821
A MIDSUMMER NIGHT'S DREAM,4,1,The Wood,HELENA,PERSON,"People, including fictional",5824,5830
A MIDSUMMER NIGHT'S DREAM,4,1,The Wood,HORNS,PERSON,"People, including fictional",6163,6168
A MIDSUMMER NIGHT'S DREAM,4,1,The Wood,MORROW,DATE,Absolute or relative dates or periods,6251,6257
A MIDSUMMER NIGHT'S DREAM,4,1,The Wood,SAINT VALENTINE,PERSON,"People, including fictional",6268,6283
A MIDSUMMER NIGHT'S DREAM,4,1,The Wood,GOD,PERSON,"People, including fictional",9083,9086
A MIDSUMMER NIGHT'S DREAM,4,2,Athens. A Room in Quince's House,FLUTE,WORK_OF_ART,"Titles of books, songs, etc.",14,19
A MIDSUMMER NIGHT'S DREAM,4,2,Athens. A Room in Quince's House,YEA,PERSON,"People, including fictional",425,428
A MIDSUMMER NIGHT'S DREAM,4,2,Athens. A Room in Quince's House,GARLICK,PERSON,"People, including fictional",1799,1806
A MIDSUMMER NIGHT'S DREAM,5,1,Athens. An Apartment in the Palace of Theseus,LORD,ORG,"Companies, agencies, institutions, etc.",39,44
A MIDSUMMER NIGHT'S DREAM,5,1,Athens. An Apartment in the Palace of Theseus,EGYPT,GPE,"Countries, cities, states",542,547
A MIDSUMMER NIGHT'S DREAM,5,1,Athens. An Apartment in the Palace of Theseus,"LYSANDER, DEMETRIUS",PERSON,"People, including fictional",1227,1246
A MIDSUMMER NIGHT'S DREAM,5,1,Athens. An Apartment in the Palace of Theseus,THREE HOURS,TIME,Times smaller than a day,1556,1567
A MIDSUMMER NIGHT'S DREAM,5,1,Athens. An Apartment in the Palace of Theseus,A TORTURING HOUR,TIME,Times smaller than a day,1709,1725
A MIDSUMMER NIGHT'S DREAM,5,1,Athens. An Apartment in the Palace of Theseus,THIS EVENING,TIME,Times smaller than a day,1823,1835
A MIDSUMMER NIGHT'S DREAM,5,1,Athens. An Apartment in the Palace of Theseus,CENTAUR,ORG,"Companies, agencies, institutions, etc.",2083,2091
A MIDSUMMER NIGHT'S DREAM,5,1,Athens. An Apartment in the Palace of Theseus,HERCULES,PERSON,"People, including fictional",2208,2216
A MIDSUMMER NIGHT'S DREAM,5,1,Athens. An Apartment in the Palace of Theseus,THRACIAN,NORP,Nationalities or religious or political groups,2265,2273
A MIDSUMMER NIGHT'S DREAM,5,1,Athens. An Apartment in the Palace of Theseus,THEBE,GPE,"Countries, cities, states",2350,2356
A MIDSUMMER NIGHT'S DREAM,5,1,Athens. An Apartment in the Palace of Theseus,TEN,CARDINAL,Numerals that do not fall under another type,2800,2803
A MIDSUMMER NIGHT'S DREAM,5,1,Athens. An Apartment in the Palace of Theseus,TAKES,PERSON,"People, including fictional",4192,4197
A MIDSUMMER NIGHT'S DREAM,5,1,Athens. An Apartment in the Palace of Theseus,THROTTLE,ORG,"Companies, agencies, institutions, etc.",4393,4401
A MIDSUMMER NIGHT'S DREAM,5,1,Athens. An Apartment in the Palace of Theseus,PROLOGUE,ORG,"Companies, agencies, institutions, etc.",4820,4828
A MIDSUMMER NIGHT'S DREAM,5,1,Athens. An Apartment in the Palace of Theseus,MOONSHINE AND LION,ORG,"Companies, agencies, institutions, etc.",5789,5807
A MIDSUMMER NIGHT'S DREAM,5,1,Athens. An Apartment in the Palace of Theseus,WALL,PERSON,"People, including fictional",6119,6123
A MIDSUMMER NIGHT'S DREAM,5,1,Athens. An Apartment in the Palace of Theseus,PRESENTETH MOONSHINE,PERSON,"People, including fictional",6254,6274
A MIDSUMMER NIGHT'S DREAM,5,1,Athens. An Apartment in the Palace of Theseus,NINUS,FAC,"Buildings, airports, highways, bridges, etc.",6355,6360
A MIDSUMMER NIGHT'S DREAM,5,1,Athens. An Apartment in the Palace of Theseus,LION AND MOONSHINE,ORG,"Companies, agencies, institutions, etc.",6995,7013
A MIDSUMMER NIGHT'S DREAM,5,1,Athens. An Apartment in the Palace of Theseus,CRANNIE,ORG,"Companies, agencies, institutions, etc.",7269,7277
A MIDSUMMER NIGHT'S DREAM,5,1,Athens. An Apartment in the Palace of Theseus,JOVE,PERSON,"People, including fictional",8175,8179
A MIDSUMMER NIGHT'S DREAM,5,1,Athens. An Apartment in the Palace of Theseus,LIMANDER,ORG,"Companies, agencies, institutions, etc.",8992,9000
A MIDSUMMER NIGHT'S DREAM,5,1,Athens. An Apartment in the Palace of Theseus,PROCRUS,PERSON,"People, including fictional",9095,9102
A MIDSUMMER NIGHT'S DREAM,5,1,Athens. An Apartment in the Palace of Theseus,WILT,PERSON,"People, including fictional",9276,9280
A MIDSUMMER NIGHT'S DREAM,5,1,Athens. An Apartment in the Palace of Theseus,TIDE,PRODUCT,"Objects, vehicles, foods, etc. (not services)",9332,9336
A MIDSUMMER NIGHT'S DREAM,5,1,Athens. An Apartment in the Palace of Theseus,THE HORNÈD MOON,PERSON,"People, including fictional",10904,10919
A MIDSUMMER NIGHT'S DREAM,5,1,Athens. An Apartment in the Palace of Theseus,MOON,PERSON,"People, including fictional",11595,11599
A MIDSUMMER NIGHT'S DREAM,5,1,Athens. An Apartment in the Palace of Theseus,LION DEMETRIUS,ORG,"Companies, agencies, institutions, etc.",12167,12182
A MIDSUMMER NIGHT'S DREAM,5,1,Athens. An Apartment in the Palace of Theseus,SWEET MOON,PERSON,"People, including fictional",12267,12277
A MIDSUMMER NIGHT'S DREAM,5,1,Athens. An Apartment in the Palace of Theseus,QUAIL,GPE,"Countries, cities, states",12686,12691
A MIDSUMMER NIGHT'S DREAM,5,1,Athens. An Apartment in the Palace of Theseus,MOONSHINE,PERSON,"People, including fictional",13572,13581
A MIDSUMMER NIGHT'S DREAM,5,1,Athens. An Apartment in the Palace of Theseus,GORE,PERSON,"People, including fictional",14426,14430
A MIDSUMMER NIGHT'S DREAM,5,1,Athens. An Apartment in the Palace of Theseus,ADIEU,PERSON,"People, including fictional",14597,14602
A MIDSUMMER NIGHT'S DREAM,5,1,Athens. An Apartment in the Palace of Theseus,BERGOMASK,PERSON,"People, including fictional",14831,14840
A MIDSUMMER NIGHT'S DREAM,5,1,Athens. An Apartment in the Palace of Theseus,TWELVE,CARDINAL,Numerals that do not fall under another type,15301,15307
A MIDSUMMER NIGHT'S DREAM,5,1,Athens. An Apartment in the Palace of Theseus,NIGHTLY,TIME,Times smaller than a day,15563,15570
A MIDSUMMER NIGHT'S DREAM,5,1,Athens. An Apartment in the Palace of Theseus,HECATE,ORG,"Companies, agencies, institutions, etc.",16047,16053
A MIDSUMMER NIGHT'S DREAM,5,1,Athens. An Apartment in the Palace of Theseus,NATURE,WORK_OF_ART,"Titles of books, songs, etc.",16903,16909
A MIDSUMMER NIGHT'S DREAM,5,1,Athens. An Apartment in the Palace of Theseus,TRIP,ORG,"Companies, agencies, institutions, etc.",17253,17257
A MIDSUMMER NIGHT'S DREAM,5,1,Athens. An Apartment in the Palace of Theseus,ELSE THE PUCK,WORK_OF_ART,"Titles of books, songs, etc.",17712,17725
MUCH ADO ABOUT NOTHING,1,1,Before Leonato's House.,HERO,ORG,"Companies, agencies, institutions, etc.",15,19
MUCH ADO ABOUT NOTHING,1,1,Before Leonato's House.,BEATRICE,ORG,"Companies, agencies, institutions, etc.",21,29
MUCH ADO ABOUT NOTHING,1,1,Before Leonato's House.,DON PEDRO,PERSON,"People, including fictional",97,106
MUCH ADO ABOUT NOTHING,1,1,Before Leonato's House.,ARRAGON,GPE,"Countries, cities, states",110,117
MUCH ADO ABOUT NOTHING,1,1,Before Leonato's House.,THIS NIGHT,TIME,Times smaller than a day,124,134
MUCH ADO ABOUT NOTHING,1,1,Before Leonato's House.,MESSINA,GPE,"Countries, cities, states",138,145
MUCH ADO ABOUT NOTHING,1,1,Before Leonato's House.,THREE,CARDINAL,Numerals that do not fall under another type,194,199
MUCH ADO ABOUT NOTHING,1,1,Before Leonato's House.,MESSENGER,PERSON,"People, including fictional",287,296
MUCH ADO ABOUT NOTHING,1,1,Before Leonato's House.,FLORENTINE,PERSON,"People, including fictional",480,490
MUCH ADO ABOUT NOTHING,1,1,Before Leonato's House.,CLAUDIO,PERSON,"People, including fictional",498,505
MUCH ADO ABOUT NOTHING,1,1,Before Leonato's House.,MOUNTANTO,PERSON,"People, including fictional",1273,1282
MUCH ADO ABOUT NOTHING,1,1,Before Leonato's House.,BENEDICK,PERSON,"People, including fictional",1476,1484
MUCH ADO ABOUT NOTHING,1,1,Before Leonato's House.,PADUA,GPE,"Countries, cities, states",1488,1493
MUCH ADO ABOUT NOTHING,1,1,Before Leonato's House.,CUPID,ORG,"Companies, agencies, institutions, etc.",1618,1623
MUCH ADO ABOUT NOTHING,1,1,Before Leonato's House.,HOLP,PERSON,"People, including fictional",2089,2093
MUCH ADO ABOUT NOTHING,1,1,Before Leonato's House.,FOUR,CARDINAL,Numerals that do not fall under another type,2698,2702
MUCH ADO ABOUT NOTHING,1,1,Before Leonato's House.,FIVE,CARDINAL,Numerals that do not fall under another type,2710,2714
MUCH ADO ABOUT NOTHING,1,1,Before Leonato's House.,EVERY MONTH,DATE,Absolute or relative dates or periods,3010,3021
MUCH ADO ABOUT NOTHING,1,1,Before Leonato's House.,A THOUSAND POUND,QUANTITY,"Measurements, as of weight or distance",3686,3702
MUCH ADO ABOUT NOTHING,1,1,Before Leonato's House.,JANUARY,DATE,Absolute or relative dates or periods,3863,3870
MUCH ADO ABOUT NOTHING,1,1,Before Leonato's House.,DON JOHN,PERSON,"People, including fictional",3925,3933
MUCH ADO ABOUT NOTHING,1,1,Before Leonato's House.,BALTHASAR,PERSON,"People, including fictional",3954,3963
MUCH ADO ABOUT NOTHING,1,1,Before Leonato's House.,PEDRO,PERSON,"People, including fictional",3980,3985
MUCH ADO ABOUT NOTHING,1,1,Before Leonato's House.,GRACE,PERSON,"People, including fictional",4173,4178
MUCH ADO ABOUT NOTHING,1,1,Before Leonato's House.,DON,PERSON,"People, including fictional",4542,4545
MUCH ADO ABOUT NOTHING,1,1,Before Leonato's House.,LADY DISDAIN,PERSON,"People, including fictional",4956,4968
MUCH ADO ABOUT NOTHING,1,1,Before Leonato's House.,LEONATO,PERSON,"People, including fictional",6133,6140
MUCH ADO ABOUT NOTHING,1,1,Before Leonato's House.,THE LEAST A MONTH,DATE,Absolute or relative dates or periods,6259,6276
MUCH ADO ABOUT NOTHING,1,1,Before Leonato's House.,JOHN,PERSON,"People, including fictional",6567,6571
MUCH ADO ABOUT NOTHING,1,1,Before Leonato's House.,CLAUDIO,ORG,"Companies, agencies, institutions, etc.",6755,6762
MUCH ADO ABOUT NOTHING,1,1,Before Leonato's House.,THOU LIKEST,PERSON,"People, including fictional",7482,7493
MUCH ADO ABOUT NOTHING,1,1,Before Leonato's House.,YEA,PERSON,"People, including fictional",7607,7610
MUCH ADO ABOUT NOTHING,1,1,Before Leonato's House.,JACK,PERSON,"People, including fictional",7703,7707
MUCH ADO ABOUT NOTHING,1,1,Before Leonato's House.,VULCAN,PRODUCT,"Objects, vehicles, foods, etc. (not services)",7753,7759
MUCH ADO ABOUT NOTHING,1,1,Before Leonato's House.,FIRST,ORDINAL,"""first"", ""second"", etc.",8071,8076
MUCH ADO ABOUT NOTHING,1,1,Before Leonato's House.,MAY,DATE,Absolute or relative dates or periods,8080,8083
MUCH ADO ABOUT NOTHING,1,1,Before Leonato's House.,THE LAST OF DECEMBER,DATE,Absolute or relative dates or periods,8089,8109
MUCH ADO ABOUT NOTHING,1,1,Before Leonato's House.,ONE,CARDINAL,Numerals that do not fall under another type,8326,8329
MUCH ADO ABOUT NOTHING,1,1,Before Leonato's House.,SUNDAYS,DATE,Absolute or relative dates or periods,8526,8533
MUCH ADO ABOUT NOTHING,1,1,Before Leonato's House.,GRACE,ORG,"Companies, agencies, institutions, etc.",8965,8970
MUCH ADO ABOUT NOTHING,1,1,Before Leonato's House.,MARK,PERSON,"People, including fictional",8979,8983
MUCH ADO ABOUT NOTHING,1,1,Before Leonato's House.,LEONATO,ORG,"Companies, agencies, institutions, etc.",9020,9027
MUCH ADO ABOUT NOTHING,1,1,Before Leonato's House.,TWO,CARDINAL,Numerals that do not fall under another type,9509,9512
MUCH ADO ABOUT NOTHING,1,1,Before Leonato's House.,TROTH,ORG,"Companies, agencies, institutions, etc.",9524,9530
MUCH ADO ABOUT NOTHING,1,1,Before Leonato's House.,ADAM,PERSON,"People, including fictional",10918,10922
MUCH ADO ABOUT NOTHING,1,1,Before Leonato's House.,VENICE,GPE,"Countries, cities, states",11434,11440
MUCH ADO ABOUT NOTHING,1,1,Before Leonato's House.,THE HOURS,TIME,Times smaller than a day,11562,11571
MUCH ADO ABOUT NOTHING,1,1,Before Leonato's House.,THE SIXTH OF JULY,DATE,Absolute or relative dates or periods,11899,11916
MUCH ADO ABOUT NOTHING,1,1,Before Leonato's House.,HERO,PERSON,"People, including fictional",12438,12442
MUCH ADO ABOUT NOTHING,1,1,Before Leonato's House.,DOST,PERSON,"People, including fictional",12465,12469
MUCH ADO ABOUT NOTHING,1,1,Before Leonato's House.,TONIGHT,TIME,Times smaller than a day,13566,13573
MUCH ADO ABOUT NOTHING,1,2,A room in Leonato's house.,ANTONIO,GPE,"Countries, cities, states",18,25
MUCH ADO ABOUT NOTHING,1,2,A room in Leonato's house.,COUSINS,PERSON,"People, including fictional",1071,1078
MUCH ADO ABOUT NOTHING,1,3,Another room in Leonato's house.,CONRADE,PERSON,"People, including fictional",19,26
MUCH ADO ABOUT NOTHING,1,3,Another room in Leonato's house.,DON,ORG,"Companies, agencies, institutions, etc.",235,238
MUCH ADO ABOUT NOTHING,1,3,Another room in Leonato's house.,SATURN,PRODUCT,"Objects, vehicles, foods, etc. (not services)",434,440
MUCH ADO ABOUT NOTHING,1,3,Another room in Leonato's house.,LEONATO,GPE,"Countries, cities, states",2308,2315
MUCH ADO ABOUT NOTHING,1,3,Another room in Leonato's house.,MARCH,DATE,Absolute or relative dates or periods,2342,2347
MUCH ADO ABOUT NOTHING,1,3,Another room in Leonato's house.,WHIPT,NORP,Nationalities or religious or political groups,2520,2525
MUCH ADO ABOUT NOTHING,1,3,Another room in Leonato's house.,LORDSHIP,ORG,"Companies, agencies, institutions, etc.",3120,3128
MUCH ADO ABOUT NOTHING,2,1,A hall in Leonato's house.,AN HOUR,TIME,Times smaller than a day,204,211
MUCH ADO ABOUT NOTHING,2,1,A hall in Leonato's house.,HALF,CARDINAL,Numerals that do not fall under another type,487,491
MUCH ADO ABOUT NOTHING,2,1,A hall in Leonato's house.,EVERY MORNING,TIME,Times smaller than a day,1217,1230
MUCH ADO ABOUT NOTHING,2,1,A hall in Leonato's house.,EVENING,TIME,Times smaller than a day,1235,1242
MUCH ADO ABOUT NOTHING,2,1,A hall in Leonato's house.,DEVIL,PERSON,"People, including fictional",1861,1866
MUCH ADO ABOUT NOTHING,2,1,A hall in Leonato's house.,BEATRICE,PERSON,"People, including fictional",1950,1958
MUCH ADO ABOUT NOTHING,2,1,A hall in Leonato's house.,SAINT PETER,PERSON,"People, including fictional",2048,2059
MUCH ADO ABOUT NOTHING,2,1,A hall in Leonato's house.,THE DAY,DATE,Absolute or relative dates or periods,2144,2151
MUCH ADO ABOUT NOTHING,2,1,A hall in Leonato's house.,ONE DAY,DATE,Absolute or relative dates or periods,2498,2505
MUCH ADO ABOUT NOTHING,2,1,A hall in Leonato's house.,DAUGHTER,PERSON,"People, including fictional",2840,2848
MUCH ADO ABOUT NOTHING,2,1,A hall in Leonato's house.,SCOTCH,NORP,Nationalities or religious or political groups,3267,3273
MUCH ADO ABOUT NOTHING,2,1,A hall in Leonato's house.,REPENTANCE,ORG,"Companies, agencies, institutions, etc.",3392,3402
MUCH ADO ABOUT NOTHING,2,1,A hall in Leonato's house.,BORACHIO,GPE,"Countries, cities, states",3737,3745
MUCH ADO ABOUT NOTHING,2,1,A hall in Leonato's house.,MARGARET,PERSON,"People, including fictional",3747,3755
MUCH ADO ABOUT NOTHING,2,1,A hall in Leonato's house.,URSULA,PERSON,"People, including fictional",3757,3763
MUCH ADO ABOUT NOTHING,2,1,A hall in Leonato's house.,LADY,PERSON,"People, including fictional",3795,3799
MUCH ADO ABOUT NOTHING,2,1,A hall in Leonato's house.,PHILEMON,PERSON,"People, including fictional",4172,4180
MUCH ADO ABOUT NOTHING,2,1,A hall in Leonato's house.,JOVE,PERSON,"People, including fictional",4209,4213
MUCH ADO ABOUT NOTHING,2,1,A hall in Leonato's house.,ANTONIO,PERSON,"People, including fictional",4797,4804
MUCH ADO ABOUT NOTHING,2,1,A hall in Leonato's house.,THE PRINCE WOOSS,GPE,"Countries, cities, states",7367,7383
MUCH ADO ABOUT NOTHING,2,1,A hall in Leonato's house.,HOURLY,TIME,Times smaller than a day,7679,7685
MUCH ADO ABOUT NOTHING,2,1,A hall in Leonato's house.,FAREWELL,PERSON,"People, including fictional",7717,7725
MUCH ADO ABOUT NOTHING,2,1,A hall in Leonato's house.,HERO,PRODUCT,"Objects, vehicles, foods, etc. (not services)",7738,7742
MUCH ADO ABOUT NOTHING,2,1,A hall in Leonato's house.,WHITHER,PERSON,"People, including fictional",7858,7865
MUCH ADO ABOUT NOTHING,2,1,A hall in Leonato's house.,TROTH,PERSON,"People, including fictional",8976,8981
MUCH ADO ABOUT NOTHING,2,1,A hall in Leonato's house.,LADY FAME,PERSON,"People, including fictional",9018,9027
MUCH ADO ABOUT NOTHING,2,1,A hall in Leonato's house.,WILT,PERSON,"People, including fictional",9531,9535
MUCH ADO ABOUT NOTHING,2,1,A hall in Leonato's house.,GARLAND,PERSON,"People, including fictional",9675,9682
MUCH ADO ABOUT NOTHING,2,1,A hall in Leonato's house.,HERCULES,PERSON,"People, including fictional",10807,10815
MUCH ADO ABOUT NOTHING,2,1,A hall in Leonato's house.,ANTIPODES,PERSON,"People, including fictional",11406,11415
MUCH ADO ABOUT NOTHING,2,1,A hall in Leonato's house.,ASIA,LOC,"Non-GPE locations, mountain ranges, bodies of water",11512,11516
MUCH ADO ABOUT NOTHING,2,1,A hall in Leonato's house.,PRESTER,GPE,"Countries, cities, states",11542,11549
MUCH ADO ABOUT NOTHING,2,1,A hall in Leonato's house.,LADY BEATRICE,PERSON,"People, including fictional",13777,13790
MUCH ADO ABOUT NOTHING,2,1,A hall in Leonato's house.,WORKING DAYS,DATE,Absolute or relative dates or periods,14070,14082
MUCH ADO ABOUT NOTHING,2,1,A hall in Leonato's house.,EVERY DAY,DATE,Absolute or relative dates or periods,14117,14126
MUCH ADO ABOUT NOTHING,2,1,A hall in Leonato's house.,A MERRY HOUR,TIME,Times smaller than a day,14324,14336
MUCH ADO ABOUT NOTHING,2,1,A hall in Leonato's house.,NIECE,PERSON,"People, including fictional",14481,14486
MUCH ADO ABOUT NOTHING,2,1,A hall in Leonato's house.,TOMORROW,DATE,Absolute or relative dates or periods,15208,15216
MUCH ADO ABOUT NOTHING,2,1,A hall in Leonato's house.,TIME,ORG,"Companies, agencies, institutions, etc.",15227,15231
MUCH ADO ABOUT NOTHING,2,1,A hall in Leonato's house.,MONDAY,DATE,Absolute or relative dates or periods,15297,15303
MUCH ADO ABOUT NOTHING,2,1,A hall in Leonato's house.,SEVEN-NIGHT,TIME,Times smaller than a day,15340,15351
MUCH ADO ABOUT NOTHING,2,1,A hall in Leonato's house.,THE LADY BEATRICE,PERSON,"People, including fictional",15637,15654
MUCH ADO ABOUT NOTHING,2,1,A hall in Leonato's house.,TEN NIGHTS',TIME,Times smaller than a day,15901,15912
MUCH ADO ABOUT NOTHING,2,2,Another room in Leonato's house.,A YEAR,DATE,Absolute or relative dates or periods,516,522
MUCH ADO ABOUT NOTHING,2,2,Another room in Leonato's house.,"CLAUDIO,—WHOSE",GPE,"Countries, cities, states",972,986
MUCH ADO ABOUT NOTHING,2,2,Another room in Leonato's house.,A MEET HOUR,TIME,Times smaller than a day,1320,1331
MUCH ADO ABOUT NOTHING,2,2,Another room in Leonato's house.,MARGARET HERO,PERSON,"People, including fictional",1817,1830
MUCH ADO ABOUT NOTHING,2,2,Another room in Leonato's house.,A THOUSAND DUCATS,MONEY,"Monetary values, including unit",2275,2292
MUCH ADO ABOUT NOTHING,2,3,Leonato's Garden.,TEN MILE AFOOT,QUANTITY,"Measurements, as of weight or distance",669,683
MUCH ADO ABOUT NOTHING,2,3,Leonato's Garden.,TEN NIGHTS,TIME,Times smaller than a day,726,736
MUCH ADO ABOUT NOTHING,2,3,Leonato's Garden.,NOTE,ORG,"Companies, agencies, institutions, etc.",2762,2767
MUCH ADO ABOUT NOTHING,2,3,Leonato's Garden.,ONE FOOT,QUANTITY,"Measurements, as of weight or distance",3056,3064
MUCH ADO ABOUT NOTHING,2,3,Leonato's Garden.,SUMMER FIRST,DATE,Absolute or relative dates or periods,3338,3350
MUCH ADO ABOUT NOTHING,2,3,Leonato's Garden.,LEAVY,ORG,"Companies, agencies, institutions, etc.",3355,3360
MUCH ADO ABOUT NOTHING,2,3,Leonato's Garden.,THOU SINGEST,PERSON,"People, including fictional",3589,3601
MUCH ADO ABOUT NOTHING,2,3,Leonato's Garden.,TOMORROW NIGHT,TIME,Times smaller than a day,3951,3965
MUCH ADO ABOUT NOTHING,2,3,Leonato's Garden.,TODAY,DATE,Absolute or relative dates or periods,4163,4168
MUCH ADO ABOUT NOTHING,2,3,Leonato's Garden.,DON PEDRO STALK,PERSON,"People, including fictional",4255,4270
MUCH ADO ABOUT NOTHING,2,3,Leonato's Garden.,TWENTY,CARDINAL,Numerals that do not fall under another type,5900,5906
MUCH ADO ABOUT NOTHING,2,3,Leonato's Garden.,A THOUSAND,CARDINAL,Numerals that do not fall under another type,6277,6287
MUCH ADO ABOUT NOTHING,2,3,Leonato's Garden.,TEN,CARDINAL,Numerals that do not fall under another type,7328,7331
MUCH ADO ABOUT NOTHING,2,3,Leonato's Garden.,"MAN,—AS",NORP,Nationalities or religious or political groups,8005,8012
MUCH ADO ABOUT NOTHING,2,3,Leonato's Garden.,CHRISTIAN,NORP,Nationalities or religious or political groups,8461,8470
MUCH ADO ABOUT NOTHING,2,3,Leonato's Garden.,BENEDICK,ORG,"Companies, agencies, institutions, etc.",9665,9673
MUCH ADO ABOUT NOTHING,2,3,Leonato's Garden.,THIS DAY,DATE,Absolute or relative dates or periods,10922,10930
MUCH ADO ABOUT NOTHING,2,3,Leonato's Garden.,FAIR BEATRICE,PERSON,"People, including fictional",11079,11092
MUCH ADO ABOUT NOTHING,3,1,Leonato's Garden.,GOOD MARGARET,PERSON,"People, including fictional",39,52
MUCH ADO ABOUT NOTHING,3,1,Leonato's Garden.,BEATRICE PROPOSING,PERSON,"People, including fictional",111,129
MUCH ADO ABOUT NOTHING,3,1,Leonato's Garden.,URSALA WALK,PERSON,"People, including fictional",196,207
MUCH ADO ABOUT NOTHING,3,1,Leonato's Garden.,BEAR,ORG,"Companies, agencies, institutions, etc.",569,573
MUCH ADO ABOUT NOTHING,3,1,Leonato's Garden.,MISPRISING,PERSON,"People, including fictional",2291,2301
MUCH ADO ABOUT NOTHING,3,1,Leonato's Garden.,NATURE,WORK_OF_ART,"Titles of books, songs, etc.",2810,2816
MUCH ADO ABOUT NOTHING,3,1,Leonato's Garden.,CONSUME,ORG,"Companies, agencies, institutions, etc.",3456,3463
MUCH ADO ABOUT NOTHING,3,1,Leonato's Garden.,EMPOISON,PERSON,"People, including fictional",3828,3836
MUCH ADO ABOUT NOTHING,3,1,Leonato's Garden.,ITALY,GPE,"Countries, cities, states",4082,4087
MUCH ADO ABOUT NOTHING,3,1,Leonato's Garden.,ALWAYS,ORG,"Companies, agencies, institutions, etc.",4089,4095
MUCH ADO ABOUT NOTHING,3,1,Leonato's Garden.,DOST DESERVE,PERSON,"People, including fictional",5127,5139
MUCH ADO ABOUT NOTHING,3,2,A Room in Leonato's House.,DUTCHMAN,NORP,Nationalities or religious or political groups,1351,1359
MUCH ADO ABOUT NOTHING,3,2,A Room in Leonato's House.,FRENCHMAN,NORP,Nationalities or religious or political groups,1369,1378
MUCH ADO ABOUT NOTHING,3,2,A Room in Leonato's House.,GERMAN,NORP,Nationalities or religious or political groups,1436,1442
MUCH ADO ABOUT NOTHING,3,2,A Room in Leonato's House.,SPANIARD,NORP,Nationalities or religious or political groups,1485,1493
MUCH ADO ABOUT NOTHING,3,2,A Room in Leonato's House.,EIGHT,CARDINAL,Numerals that do not fall under another type,2878,2883
MUCH ADO ABOUT NOTHING,3,2,A Room in Leonato's House.,NINE,CARDINAL,Numerals that do not fall under another type,2887,2891
MUCH ADO ABOUT NOTHING,3,2,A Room in Leonato's House.,"SHORTENED,—FOR",NORP,Nationalities or religious or political groups,4073,4087
MUCH ADO ABOUT NOTHING,3,2,A Room in Leonato's House.,HERO,WORK_OF_ART,"Titles of books, songs, etc.",4225,4229
MUCH ADO ABOUT NOTHING,3,2,A Room in Leonato's House.,THE NIGHT,TIME,Times smaller than a day,4496,4505
MUCH ADO ABOUT NOTHING,3,2,A Room in Leonato's House.,MIDNIGHT,TIME,Times smaller than a day,5189,5197
MUCH ADO ABOUT NOTHING,3,3,A Street.,THE WATCH,ORG,"Companies, agencies, institutions, etc.",32,42
MUCH ADO ABOUT NOTHING,3,3,A Street.,FIRST WATCH,ORG,"Companies, agencies, institutions, etc.",431,442
MUCH ADO ABOUT NOTHING,3,3,A Street.,HUGH OATCAKE,PERSON,"People, including fictional",444,456
MUCH ADO ABOUT NOTHING,3,3,A Street.,GEORGE SEACOAL,PERSON,"People, including fictional",466,480
MUCH ADO ABOUT NOTHING,3,3,A Street.,SEACOAL,GPE,"Countries, cities, states",544,551
MUCH ADO ABOUT NOTHING,3,3,A Street.,FORTUNE,WORK_OF_ART,"Titles of books, songs, etc.",633,640
MUCH ADO ABOUT NOTHING,3,3,A Street.,MASTER CONSTABLE,PERSON,"People, including fictional",707,723
MUCH ADO ABOUT NOTHING,3,3,A Street.,BAES,PERSON,"People, including fictional",3124,3128
MUCH ADO ABOUT NOTHING,3,3,A Street.,FIVE SHILLINGS,MONEY,"Monetary values, including unit",3405,3419
MUCH ADO ABOUT NOTHING,3,3,A Street.,ADIEU,PERSON,"People, including fictional",4127,4132
MUCH ADO ABOUT NOTHING,3,3,A Street.,DON JOHN A,PERSON,"People, including fictional",4713,4723
MUCH ADO ABOUT NOTHING,3,3,A Street.,THIS SEVEN YEARS,DATE,Absolute or relative dates or periods,5407,5423
MUCH ADO ABOUT NOTHING,3,3,A Street.,BETWEEN FOURTEEN,CARDINAL,Numerals that do not fall under another type,5684,5700
MUCH ADO ABOUT NOTHING,3,3,A Street.,PHARAOH,GPE,"Countries, cities, states",5752,5759
MUCH ADO ABOUT NOTHING,3,3,A Street.,BEL,PERSON,"People, including fictional",5813,5816
MUCH ADO ABOUT NOTHING,3,3,A Street.,THOUSAND,CARDINAL,Numerals that do not fall under another type,6366,6374
MUCH ADO ABOUT NOTHING,3,3,A Street.,"NIGHT,—I",ORG,"Companies, agencies, institutions, etc.",6386,6394
MUCH ADO ABOUT NOTHING,3,3,A Street.,NEXT MORNING,TIME,Times smaller than a day,6993,7005
MUCH ADO ABOUT NOTHING,3,4,A Room in Leonato's House.,GOOD URSULA,PERSON,"People, including fictional",39,50
MUCH ADO ABOUT NOTHING,3,4,A Room in Leonato's House.,MEG,PERSON,"People, including fictional",256,259
MUCH ADO ABOUT NOTHING,3,4,A Room in Leonato's House.,MILAN,GPE,"Countries, cities, states",580,585
MUCH ADO ABOUT NOTHING,3,4,A Room in Leonato's House.,MARGARET,GPE,"Countries, cities, states",1003,1011
MUCH ADO ABOUT NOTHING,3,4,A Room in Leonato's House.,MORROW,DATE,Absolute or relative dates or periods,1584,1590
MUCH ADO ABOUT NOTHING,3,4,A Room in Leonato's House.,LIGHT O',WORK_OF_ART,"Titles of books, songs, etc.",1754,1762
MUCH ADO ABOUT NOTHING,3,4,A Room in Leonato's House.,YE,PERSON,"People, including fictional",1843,1845
MUCH ADO ABOUT NOTHING,3,4,A Room in Leonato's House.,ALMOST FIVE O'CLOCK,TIME,Times smaller than a day,2039,2058
MUCH ADO ABOUT NOTHING,3,4,A Room in Leonato's House.,H. MARGARET,PERSON,"People, including fictional",2229,2240
MUCH ADO ABOUT NOTHING,3,4,A Room in Leonato's House.,TURK,NORP,Nationalities or religious or political groups,2270,2274
MUCH ADO ABOUT NOTHING,3,4,A Room in Leonato's House.,CARDUUS,PRODUCT,"Objects, vehicles, foods, etc. (not services)",2875,2882
MUCH ADO ABOUT NOTHING,3,4,A Room in Leonato's House.,BENEDICTUS,PERSON,"People, including fictional",3011,3021
MUCH ADO ABOUT NOTHING,3,4,A Room in Leonato's House.,MEG,ORG,"Companies, agencies, institutions, etc.",4009,4012
MUCH ADO ABOUT NOTHING,3,5,Another Room in Leonato's House.,GOODMAN VERGES,PERSON,"People, including fictional",359,373
MUCH ADO ABOUT NOTHING,3,5,Another Room in Leonato's House.,I. DOGBERRY,ORG,"Companies, agencies, institutions, etc.",652,663
MUCH ADO ABOUT NOTHING,3,5,Another Room in Leonato's House.,DUKE,ORG,"Companies, agencies, institutions, etc.",821,825
MUCH ADO ABOUT NOTHING,3,5,Another Room in Leonato's House.,I. LEONATO,PERSON,"People, including fictional",1205,1215
MUCH ADO ABOUT NOTHING,3,5,Another Room in Leonato's House.,THIS MORNING,TIME,Times smaller than a day,2011,2023
MUCH ADO ABOUT NOTHING,3,5,Another Room in Leonato's House.,FRANCIS SEACOAL,PERSON,"People, including fictional",2457,2472
MUCH ADO ABOUT NOTHING,4,1,The Inside of a Church.,FRIAR FRANCIS,PERSON,"People, including fictional",36,49
MUCH ADO ABOUT NOTHING,4,1,The Inside of a Church.,FRIAR,PERSON,"People, including fictional",861,866
MUCH ADO ABOUT NOTHING,4,1,The Inside of a Church.,SWEET PRINCE,PERSON,"People, including fictional",1174,1186
MUCH ADO ABOUT NOTHING,4,1,The Inside of a Church.,DIAN,PERSON,"People, including fictional",2333,2337
MUCH ADO ABOUT NOTHING,4,1,The Inside of a Church.,VENUS,PRODUCT,"Objects, vehicles, foods, etc. (not services)",2439,2444
MUCH ADO ABOUT NOTHING,4,1,The Inside of a Church.,TWELVE,CARDINAL,Numerals that do not fall under another type,3592,3598
MUCH ADO ABOUT NOTHING,4,1,The Inside of a Church.,THAT HOUR,TIME,Times smaller than a day,3678,3687
MUCH ADO ABOUT NOTHING,4,1,The Inside of a Church.,MYSELF,PERSON,"People, including fictional",3789,3795
MUCH ADO ABOUT NOTHING,4,1,The Inside of a Church.,THAT HOUR LAST NIGHT,TIME,Times smaller than a day,3859,3879
MUCH ADO ABOUT NOTHING,4,1,The Inside of a Church.,CHID,PERSON,"People, including fictional",5604,5608
MUCH ADO ABOUT NOTHING,4,1,The Inside of a Church.,TOOK,ORG,"Companies, agencies, institutions, etc.",5759,5763
MUCH ADO ABOUT NOTHING,4,1,The Inside of a Church.,LAST NIGHT,TIME,Times smaller than a day,6431,6441
MUCH ADO ABOUT NOTHING,4,1,The Inside of a Church.,THIS TWELVEMONTH,DATE,Absolute or relative dates or periods,6504,6520
MUCH ADO ABOUT NOTHING,4,1,The Inside of a Church.,TRUST,ORG,"Companies, agencies, institutions, etc.",7186,7191
MUCH ADO ABOUT NOTHING,4,1,The Inside of a Church.,HOURS,TIME,Times smaller than a day,7915,7920
MUCH ADO ABOUT NOTHING,4,1,The Inside of a Church.,VILLAINIE,GPE,"Countries, cities, states",8267,8277
MUCH ADO ABOUT NOTHING,4,1,The Inside of a Church.,A HAPPY HOUR,TIME,Times smaller than a day,12276,12288
MUCH ADO ABOUT NOTHING,4,1,The Inside of a Church.,TARRY,PERSON,"People, including fictional",12603,12608
MUCH ADO ABOUT NOTHING,4,1,The Inside of a Church.,SWEET HERO,PERSON,"People, including fictional",13370,13380
MUCH ADO ABOUT NOTHING,4,1,The Inside of a Church.,COUNT COMFECT,ORG,"Companies, agencies, institutions, etc.",13518,13531
MUCH ADO ABOUT NOTHING,4,1,The Inside of a Church.,CURTSY,ORG,"Companies, agencies, institutions, etc.",13673,13681
MUCH ADO ABOUT NOTHING,4,2,A Prison.,SEXTON,PERSON,"People, including fictional",28,34
MUCH ADO ABOUT NOTHING,4,2,A Prison.,MASTER CONSTABLE.,PERSON,"People, including fictional",403,420
MUCH ADO ABOUT NOTHING,4,2,A Prison.,CONSTABLE,PERSON,"People, including fictional",1384,1393
MUCH ADO ABOUT NOTHING,4,2,A Prison.,PRINCE JOHN,PERSON,"People, including fictional",1721,1732
MUCH ADO ABOUT NOTHING,4,2,A Prison.,PRINCE,PERSON,"People, including fictional",1781,1787
MUCH ADO ABOUT NOTHING,4,2,A Prison.,GOD,PERSON,"People, including fictional",2859,2862
MUCH ADO ABOUT NOTHING,5,1,Before Leonato's House.,SECOND,ORDINAL,"""first"", ""second"", etc.",106,112
MUCH ADO ABOUT NOTHING,5,1,Before Leonato's House.,CHARM,ORG,"Companies, agencies, institutions, etc.",1129,1134
MUCH ADO ABOUT NOTHING,5,1,Before Leonato's House.,NOW?—WELL,PERSON,"People, including fictional",2266,2275
MUCH ADO ABOUT NOTHING,5,1,Before Leonato's House.,THOU DISSEMBLER,PERSON,"People, including fictional",2483,2498
MUCH ADO ABOUT NOTHING,5,1,Before Leonato's House.,BESHREW,PERSON,"People, including fictional",2579,2586
MUCH ADO ABOUT NOTHING,5,1,Before Leonato's House.,MANY DAYS,DATE,Absolute or relative dates or periods,3032,3041
MUCH ADO ABOUT NOTHING,5,1,Before Leonato's House.,THINE,PERSON,"People, including fictional",3331,3336
MUCH ADO ABOUT NOTHING,5,1,Before Leonato's House.,JACK,GPE,"Countries, cities, states",4204,4209
MUCH ADO ABOUT NOTHING,5,1,Before Leonato's House.,ANTHONY,PERSON,"People, including fictional",4238,4245
MUCH ADO ABOUT NOTHING,5,1,Before Leonato's House.,HALF A DOZEN,CARDINAL,Numerals that do not fall under another type,4500,4512
MUCH ADO ABOUT NOTHING,5,1,Before Leonato's House.,MONDAY NIGHT,TIME,Times smaller than a day,7587,7599
MUCH ADO ABOUT NOTHING,5,1,Before Leonato's House.,TUESDAY,DATE,Absolute or relative dates or periods,7622,7629
MUCH ADO ABOUT NOTHING,5,1,Before Leonato's House.,MORNING,TIME,Times smaller than a day,7630,7637
MUCH ADO ABOUT NOTHING,5,1,Before Leonato's House.,SIXTH,ORDINAL,"""first"", ""second"", etc.",9725,9730
MUCH ADO ABOUT NOTHING,5,1,Before Leonato's House.,THIRDLY,ORDINAL,"""first"", ""second"", etc.",9768,9775
MUCH ADO ABOUT NOTHING,5,1,Before Leonato's House.,THOU BELIEST THYSELF,PERSON,"People, including fictional",12034,12054
MUCH ADO ABOUT NOTHING,5,1,Before Leonato's House.,THIRD,ORDINAL,"""first"", ""second"", etc.",12095,12100
MUCH ADO ABOUT NOTHING,5,2,Leonato's Garden.,THOU DESERVEST,PERSON,"People, including fictional",322,336
MUCH ADO ABOUT NOTHING,5,2,Leonato's Garden.,LEANDER,PERSON,"People, including fictional",1106,1113
MUCH ADO ABOUT NOTHING,5,2,Leonato's Garden.,TROILUS,WORK_OF_ART,"Titles of books, songs, etc.",1132,1139
MUCH ADO ABOUT NOTHING,5,2,Leonato's Garden.,QUONDAM,GPE,"Countries, cities, states",1202,1209
MUCH ADO ABOUT NOTHING,5,2,Leonato's Garden.,SWEET BEATRICE,PERSON,"People, including fictional",1665,1679
MUCH ADO ABOUT NOTHING,5,2,Leonato's Garden.,DON WORM,PERSON,"People, including fictional",3497,3505
MUCH ADO ABOUT NOTHING,5,2,Leonato's Garden.,"CONTRARY,—TO",ORG,"Companies, agencies, institutions, etc.",3549,3561
MUCH ADO ABOUT NOTHING,5,2,Leonato's Garden.,YONDER,PERSON,"People, including fictional",3959,3965
MUCH ADO ABOUT NOTHING,5,3,The Inside of a Church.,ATTENDANTS,PERSON,"People, including fictional",29,39
MUCH ADO ABOUT NOTHING,5,3,The Inside of a Church.,PRAISING,PERSON,"People, including fictional",399,407
MUCH ADO ABOUT NOTHING,5,3,The Inside of a Church.,GRAVES,PERSON,"People, including fictional",681,687
MUCH ADO ABOUT NOTHING,5,3,The Inside of a Church.,THE GENTLE DAY,DATE,Absolute or relative dates or periods,914,928
MUCH ADO ABOUT NOTHING,5,3,The Inside of a Church.,PHOEBUS,GPE,"Countries, cities, states",951,958
MUCH ADO ABOUT NOTHING,5,3,The Inside of a Church.,EAST,LOC,"Non-GPE locations, mountain ranges, bodies of water",991,995
MUCH ADO ABOUT NOTHING,5,4,A Room in Leonato's House.,WITHDRAW,ORG,"Companies, agencies, institutions, etc.",549,557
MUCH ADO ABOUT NOTHING,5,4,A Room in Leonato's House.,THIS HOUR,TIME,Times smaller than a day,668,677
MUCH ADO ABOUT NOTHING,5,4,A Room in Leonato's House.,ETHIOPE,LOC,"Non-GPE locations, mountain ranges, bodies of water",1881,1888
MUCH ADO ABOUT NOTHING,5,4,A Room in Leonato's House.,FEBRUARY,DATE,Absolute or relative dates or periods,2041,2049
MUCH ADO ABOUT NOTHING,5,4,A Room in Leonato's House.,EUROPA,LOC,"Non-GPE locations, mountain ranges, bodies of water",2208,2214
MUCH ADO ABOUT NOTHING,5,4,A Room in Leonato's House.,BULL JOVE,PERSON,"People, including fictional",2326,2335
MUCH ADO ABOUT NOTHING,5,4,A Room in Leonato's House.,SWEET,PERSON,"People, including fictional",2720,2725
MUCH ADO ABOUT NOTHING,5,4,A Room in Leonato's House.,THIS GOOD DAY,DATE,Absolute or relative dates or periods,4643,4656
THE TRAGEDY OF ROMEO AND JULIET,0,0,Prologue,CHORUS,ORG,"Companies, agencies, institutions, etc.",14,20
THE TRAGEDY OF ROMEO AND JULIET,0,0,Prologue,TWO,CARDINAL,Numerals that do not fall under another type,22,25
THE TRAGEDY OF ROMEO AND JULIET,0,0,Prologue,VERONA,PERSON,"People, including fictional",69,75
THE TRAGEDY OF ROMEO AND JULIET,0,0,Prologue,THE TWO HOURS,TIME,Times smaller than a day,521,534
THE TRAGEDY OF ROMEO AND JULIET,1,1,A public place.,GREGORY,PERSON,"People, including fictional",18,25
THE TRAGEDY OF ROMEO AND JULIET,1,1,A public place.,MONTAGUE,GPE,"Countries, cities, states",390,398
THE TRAGEDY OF ROMEO AND JULIET,1,1,A public place.,MONTAGUE,ORG,"Companies, agencies, institutions, etc.",614,622
THE TRAGEDY OF ROMEO AND JULIET,1,1,A public place.,JOHN,PERSON,"People, including fictional",1430,1434
THE TRAGEDY OF ROMEO AND JULIET,1,1,A public place.,MONTAGUES,PERSON,"People, including fictional",1478,1487
THE TRAGEDY OF ROMEO AND JULIET,1,1,A public place.,BALTHASAR,PERSON,"People, including fictional",1505,1514
THE TRAGEDY OF ROMEO AND JULIET,1,1,A public place.,BENVOLIO,PERSON,"People, including fictional",2698,2706
THE TRAGEDY OF ROMEO AND JULIET,1,1,A public place.,THREE,CARDINAL,Numerals that do not fall under another type,2959,2964
THE TRAGEDY OF ROMEO AND JULIET,1,1,A public place.,FOUR,CARDINAL,Numerals that do not fall under another type,2968,2972
THE TRAGEDY OF ROMEO AND JULIET,1,1,A public place.,CITIZEN,ORG,"Companies, agencies, institutions, etc.",2973,2981
THE TRAGEDY OF ROMEO AND JULIET,1,1,A public place.,FIRST,ORDINAL,"""first"", ""second"", etc.",2994,2999
THE TRAGEDY OF ROMEO AND JULIET,1,1,A public place.,LADY CAPULET,PERSON,"People, including fictional",3141,3153
THE TRAGEDY OF ROMEO AND JULIET,1,1,A public place.,CAPULET,ORG,"Companies, agencies, institutions, etc.",3155,3162
THE TRAGEDY OF ROMEO AND JULIET,1,1,A public place.,LADY MONTAGUE,PERSON,"People, including fictional",3383,3396
THE TRAGEDY OF ROMEO AND JULIET,1,1,A public place.,MONTAGUE,DATE,Absolute or relative dates or periods,3398,3406
THE TRAGEDY OF ROMEO AND JULIET,1,1,A public place.,CAPULET,PERSON,"People, including fictional",3421,3428
THE TRAGEDY OF ROMEO AND JULIET,1,1,A public place.,PROFANER,ORG,"Companies, agencies, institutions, etc.",3599,3608
THE TRAGEDY OF ROMEO AND JULIET,1,1,A public place.,MONTAGUE,PERSON,"People, including fictional",4379,4387
THE TRAGEDY OF ROMEO AND JULIET,1,1,A public place.,THIS AFTERNOON,TIME,Times smaller than a day,4398,4412
THE TRAGEDY OF ROMEO AND JULIET,1,1,A public place.,ROMEO,ORG,"Companies, agencies, institutions, etc.",5207,5212
THE TRAGEDY OF ROMEO AND JULIET,1,1,A public place.,TODAY,DATE,Absolute or relative dates or periods,5226,5231
THE TRAGEDY OF ROMEO AND JULIET,1,1,A public place.,AN HOUR,TIME,Times smaller than a day,5291,5298
THE TRAGEDY OF ROMEO AND JULIET,1,1,A public place.,ONE,CARDINAL,Numerals that do not fall under another type,5710,5713
THE TRAGEDY OF ROMEO AND JULIET,1,1,A public place.,MORNING,TIME,Times smaller than a day,5904,5911
THE TRAGEDY OF ROMEO AND JULIET,1,1,A public place.,AURORA,ORG,"Companies, agencies, institutions, etc.",6075,6081
THE TRAGEDY OF ROMEO AND JULIET,1,1,A public place.,AN ARTIFICIAL NIGHT,TIME,Times smaller than a day,6236,6255
THE TRAGEDY OF ROMEO AND JULIET,1,1,A public place.,MORROW,DATE,Absolute or relative dates or periods,7163,7169
THE TRAGEDY OF ROMEO AND JULIET,1,1,A public place.,THE DAY,DATE,Absolute or relative dates or periods,7189,7196
THE TRAGEDY OF ROMEO AND JULIET,1,1,A public place.,NINE,CARDINAL,Numerals that do not fall under another type,7232,7236
THE TRAGEDY OF ROMEO AND JULIET,1,1,A public place.,MISSHAPEN,PERSON,"People, including fictional",7968,7977
THE TRAGEDY OF ROMEO AND JULIET,1,1,A public place.,DOST,PERSON,"People, including fictional",8151,8155
THE TRAGEDY OF ROMEO AND JULIET,1,1,A public place.,DOTH,PERSON,"People, including fictional",8453,8457
THE TRAGEDY OF ROMEO AND JULIET,1,1,A public place.,LOVE,WORK_OF_ART,"Titles of books, songs, etc.",8498,8502
THE TRAGEDY OF ROMEO AND JULIET,1,1,A public place.,FAREWELL,PERSON,"People, including fictional",8722,8730
THE TRAGEDY OF ROMEO AND JULIET,1,1,A public place.,GROAN,PERSON,"People, including fictional",9013,9018
THE TRAGEDY OF ROMEO AND JULIET,1,1,A public place.,CUPID,ORG,"Companies, agencies, institutions, etc.",9397,9402
THE TRAGEDY OF ROMEO AND JULIET,1,1,A public place.,DIAN,PERSON,"People, including fictional",9421,9425
THE TRAGEDY OF ROMEO AND JULIET,1,2,A Street.,PARIS,GPE,"Countries, cities, states",15,20
THE TRAGEDY OF ROMEO AND JULIET,1,2,A Street.,FOURTEEN YEARS,DATE,Absolute or relative dates or periods,416,430
THE TRAGEDY OF ROMEO AND JULIET,1,2,A Street.,THIS NIGHT,TIME,Times smaller than a day,866,876
THE TRAGEDY OF ROMEO AND JULIET,1,2,A Street.,EARTH,LOC,"Non-GPE locations, mountain ranges, bodies of water",1076,1081
THE TRAGEDY OF ROMEO AND JULIET,1,2,A Street.,APRIL,DATE,Absolute or relative dates or periods,1187,1192
THE TRAGEDY OF ROMEO AND JULIET,1,2,A Street.,WINTER,DATE,Absolute or relative dates or periods,1216,1222
THE TRAGEDY OF ROMEO AND JULIET,1,2,A Street.,MAY,DATE,Absolute or relative dates or periods,1425,1428
THE TRAGEDY OF ROMEO AND JULIET,1,2,A Street.,TUT,PERSON,"People, including fictional",2096,2099
THE TRAGEDY OF ROMEO AND JULIET,1,2,A Street.,HOLP,PERSON,"People, including fictional",2206,2210
THE TRAGEDY OF ROMEO AND JULIET,1,2,A Street.,YE,PERSON,"People, including fictional",2898,2900
THE TRAGEDY OF ROMEO AND JULIET,1,2,A Street.,MARTINO,PERSON,"People, including fictional",2993,3000
THE TRAGEDY OF ROMEO AND JULIET,1,2,A Street.,COUNTY ANSELMO,ORG,"Companies, agencies, institutions, etc.",3029,3043
THE TRAGEDY OF ROMEO AND JULIET,1,2,A Street.,UTRUVIO,PERSON,"People, including fictional",3089,3096
THE TRAGEDY OF ROMEO AND JULIET,1,2,A Street.,SIGNIOR PLACENTIO,ORG,"Companies, agencies, institutions, etc.",3098,3115
THE TRAGEDY OF ROMEO AND JULIET,1,2,A Street.,MERCUTIO,PERSON,"People, including fictional",3139,3147
THE TRAGEDY OF ROMEO AND JULIET,1,2,A Street.,VALENTINE,PERSON,"People, including fictional",3164,3173
THE TRAGEDY OF ROMEO AND JULIET,1,2,A Street.,ROSALINE,PERSON,"People, including fictional",3234,3242
THE TRAGEDY OF ROMEO AND JULIET,1,2,A Street.,LIVIA,PERSON,"People, including fictional",3247,3252
THE TRAGEDY OF ROMEO AND JULIET,1,2,A Street.,VALENTIO,ORG,"Companies, agencies, institutions, etc.",3262,3270
THE TRAGEDY OF ROMEO AND JULIET,1,2,A Street.,TYBALT,PERSON,"People, including fictional",3286,3292
THE TRAGEDY OF ROMEO AND JULIET,1,2,A Street.,LUCIO,PERSON,"People, including fictional",3294,3299
THE TRAGEDY OF ROMEO AND JULIET,1,2,A Street.,HELENA,ORG,"Companies, agencies, institutions, etc.",3315,3321
THE TRAGEDY OF ROMEO AND JULIET,1,2,A Street.,WHITHER,PERSON,"People, including fictional",3361,3368
THE TRAGEDY OF ROMEO AND JULIET,1,2,A Street.,VERONA,GPE,"Countries, cities, states",3853,3859
THE TRAGEDY OF ROMEO AND JULIET,1,3,Room in Capulet's House.,NURSE,GPE,"Countries, cities, states",94,99
THE TRAGEDY OF ROMEO AND JULIET,1,3,Room in Capulet's House.,TWELVE YEAR OLD,DATE,Absolute or relative dates or periods,127,142
THE TRAGEDY OF ROMEO AND JULIET,1,3,Room in Capulet's House.,JULIET,PERSON,"People, including fictional",225,231
THE TRAGEDY OF ROMEO AND JULIET,1,3,Room in Capulet's House.,FOURTEEN,DATE,Absolute or relative dates or periods,610,618
THE TRAGEDY OF ROMEO AND JULIET,1,3,Room in Capulet's House.,FOURTEEN,CARDINAL,Numerals that do not fall under another type,636,644
THE TRAGEDY OF ROMEO AND JULIET,1,3,Room in Capulet's House.,LAMMAS,PERSON,"People, including fictional",752,758
THE TRAGEDY OF ROMEO AND JULIET,1,3,Room in Capulet's House.,A FORTNIGHT,DATE,Absolute or relative dates or periods,779,790
THE TRAGEDY OF ROMEO AND JULIET,1,3,Room in Capulet's House.,ODD DAYS,DATE,Absolute or relative dates or periods,795,803
THE TRAGEDY OF ROMEO AND JULIET,1,3,Room in Capulet's House.,ALL DAYS,DATE,Absolute or relative dates or periods,828,836
THE TRAGEDY OF ROMEO AND JULIET,1,3,Room in Capulet's House.,THE YEAR,DATE,Absolute or relative dates or periods,840,848
THE TRAGEDY OF ROMEO AND JULIET,1,3,Room in Capulet's House.,COME LAMMAS EVE,PERSON,"People, including fictional",850,865
THE TRAGEDY OF ROMEO AND JULIET,1,3,Room in Capulet's House.,NIGHT,TIME,Times smaller than a day,869,874
THE TRAGEDY OF ROMEO AND JULIET,1,3,Room in Capulet's House.,SUSAN,PERSON,"People, including fictional",898,903
THE TRAGEDY OF ROMEO AND JULIET,1,3,Room in Capulet's House.,CHRISTIAN,NORP,Nationalities or religious or political groups,926,935
THE TRAGEDY OF ROMEO AND JULIET,1,3,Room in Capulet's House.,LAMMAS EVE,PERSON,"People, including fictional",1028,1038
THE TRAGEDY OF ROMEO AND JULIET,1,3,Room in Capulet's House.,ELEVEN YEARS,DATE,Absolute or relative dates or periods,1144,1156
THE TRAGEDY OF ROMEO AND JULIET,1,3,Room in Capulet's House.,THE DAYS OF THE YEAR,DATE,Absolute or relative dates or periods,1211,1231
THE TRAGEDY OF ROMEO AND JULIET,1,3,Room in Capulet's House.,THAT DAY,DATE,Absolute or relative dates or periods,1238,1246
THE TRAGEDY OF ROMEO AND JULIET,1,3,Room in Capulet's House.,MANTUA,GPE,"Countries, cities, states",1362,1368
THE TRAGEDY OF ROMEO AND JULIET,1,3,Room in Capulet's House.,WILT,PERSON,"People, including fictional",1963,1967
THE TRAGEDY OF ROMEO AND JULIET,1,3,Room in Capulet's House.,JULE,PERSON,"People, including fictional",1978,1982
THE TRAGEDY OF ROMEO AND JULIET,1,3,Room in Capulet's House.,A THOUSAND YEARS,DATE,Absolute or relative dates or periods,2121,2137
THE TRAGEDY OF ROMEO AND JULIET,1,3,Room in Capulet's House.,YEA,PERSON,"People, including fictional",2521,2524
THE TRAGEDY OF ROMEO AND JULIET,1,3,Room in Capulet's House.,NURSE,PERSON,"People, including fictional",2708,2713
THE TRAGEDY OF ROMEO AND JULIET,1,3,Room in Capulet's House.,I. NURSE,ORG,"Companies, agencies, institutions, etc.",2719,2727
THE TRAGEDY OF ROMEO AND JULIET,1,3,Room in Capulet's House.,LADY,PERSON,"People, including fictional",3454,3458
THE TRAGEDY OF ROMEO AND JULIET,1,3,Room in Capulet's House.,SUMMER,DATE,Absolute or relative dates or periods,3534,3540
THE TRAGEDY OF ROMEO AND JULIET,1,3,Room in Capulet's House.,THE COUNTY,GPE,"Countries, cities, states",4838,4848
THE TRAGEDY OF ROMEO AND JULIET,1,4,A Street.,FIVE,CARDINAL,Numerals that do not fall under another type,38,42
THE TRAGEDY OF ROMEO AND JULIET,1,4,A Street.,TORCH,ORG,"Companies, agencies, institutions, etc.",59,64
THE TRAGEDY OF ROMEO AND JULIET,1,4,A Street.,PRICK,PERSON,"People, including fictional",1297,1302
THE TRAGEDY OF ROMEO AND JULIET,1,4,A Street.,DUN,PERSON,"People, including fictional",1846,1849
THE TRAGEDY OF ROMEO AND JULIET,1,4,A Street.,TONIGHT,TIME,Times smaller than a day,2352,2359
THE TRAGEDY OF ROMEO AND JULIET,1,4,A Street.,I. ROMEO,PERSON,"People, including fictional",2382,2390
THE TRAGEDY OF ROMEO AND JULIET,1,4,A Street.,QUEEN MAB,PERSON,"People, including fictional",2528,2537
THE TRAGEDY OF ROMEO AND JULIET,1,4,A Street.,TIME,ORG,"Companies, agencies, institutions, etc.",3165,3169
THE TRAGEDY OF ROMEO AND JULIET,1,4,A Street.,MAB,PERSON,"People, including fictional",3482,3485
THE TRAGEDY OF ROMEO AND JULIET,1,4,A Street.,AMBUSCADO,GPE,"Countries, cities, states",3879,3889
THE TRAGEDY OF ROMEO AND JULIET,1,4,A Street.,SPANISH,NORP,Nationalities or religious or political groups,3891,3898
THE TRAGEDY OF ROMEO AND JULIET,1,4,A Street.,SLUTTISH,NORP,Nationalities or religious or political groups,4165,4173
THE TRAGEDY OF ROMEO AND JULIET,1,5,A Hall in Capulet's House.,POTPAN,PERSON,"People, including fictional",58,64
THE TRAGEDY OF ROMEO AND JULIET,1,5,A Hall in Capulet's House.,MARCHPANE,PERSON,"People, including fictional",376,385
THE TRAGEDY OF ROMEO AND JULIET,1,5,A Hall in Capulet's House.,SUSAN GRINDSTONE,PERSON,"People, including fictional",431,447
THE TRAGEDY OF ROMEO AND JULIET,1,5,A Hall in Capulet's House.,NELL,PERSON,"People, including fictional",452,456
THE TRAGEDY OF ROMEO AND JULIET,1,5,A Hall in Capulet's House.,ANTONY,PERSON,"People, including fictional",458,464
THE TRAGEDY OF ROMEO AND JULIET,1,5,A Hall in Capulet's House.,MASKERS,PRODUCT,"Objects, vehicles, foods, etc. (not services)",786,793
THE TRAGEDY OF ROMEO AND JULIET,1,5,A Hall in Capulet's House.,COUSIN,DATE,Absolute or relative dates or periods,1628,1634
THE TRAGEDY OF ROMEO AND JULIET,1,5,A Hall in Capulet's House.,BY'R LADY,PERSON,"People, including fictional",1636,1645
THE TRAGEDY OF ROMEO AND JULIET,1,5,A Hall in Capulet's House.,THIRTY YEARS,DATE,Absolute or relative dates or periods,1647,1659
THE TRAGEDY OF ROMEO AND JULIET,1,5,A Hall in Capulet's House.,SOME FIVE AND TWENTY YEARS,DATE,Absolute or relative dates or periods,1791,1817
THE TRAGEDY OF ROMEO AND JULIET,1,5,A Hall in Capulet's House.,TWO YEARS AGO,DATE,Absolute or relative dates or periods,1976,1989
THE TRAGEDY OF ROMEO AND JULIET,1,5,A Hall in Capulet's House.,ETHIOP,PERSON,"People, including fictional",2206,2212
THE TRAGEDY OF ROMEO AND JULIET,1,5,A Hall in Capulet's House.,FORSWEAR,PERSON,"People, including fictional",2469,2477
THE TRAGEDY OF ROMEO AND JULIET,1,5,A Hall in Capulet's House.,UNCLE,PERSON,"People, including fictional",2850,2855
THE TRAGEDY OF ROMEO AND JULIET,1,5,A Hall in Capulet's House.,YOUNG ROMEO,PERSON,"People, including fictional",2973,2984
THE TRAGEDY OF ROMEO AND JULIET,1,5,A Hall in Capulet's House.,GOODMAN,PERSON,"People, including fictional",3557,3564
THE TRAGEDY OF ROMEO AND JULIET,1,5,A Hall in Capulet's House.,MARRY,PERSON,"People, including fictional",3927,3932
THE TRAGEDY OF ROMEO AND JULIET,1,5,A Hall in Capulet's House.,LIGHT!—FOR,PERSON,"People, including fictional",4020,4030
THE TRAGEDY OF ROMEO AND JULIET,1,5,A Hall in Capulet's House.,PILGRIM,ORG,"Companies, agencies, institutions, etc.",4721,4728
THE TRAGEDY OF ROMEO AND JULIET,1,5,A Hall in Capulet's House.,MY FAY,PERSON,"People, including fictional",5894,5900
THE TRAGEDY OF ROMEO AND JULIET,1,5,A Hall in Capulet's House.,TIBERIO,GPE,"Countries, cities, states",6050,6057
THE TRAGEDY OF ROMEO AND JULIET,1,5,A Hall in Capulet's House.,PETRUCHIO,PERSON,"People, including fictional",6144,6153
THE TRAGEDY OF ROMEO AND JULIET,2,1,An open place adjoining Capulet's Garden.,ROMEO,PERSON,"People, including fictional",209,214
THE TRAGEDY OF ROMEO AND JULIET,2,1,An open place adjoining Capulet's Garden.,MADMAN,PERSON,"People, including fictional",416,422
THE TRAGEDY OF ROMEO AND JULIET,2,1,An open place adjoining Capulet's Garden.,VENUS,PRODUCT,"Objects, vehicles, foods, etc. (not services)",585,590
THE TRAGEDY OF ROMEO AND JULIET,2,1,An open place adjoining Capulet's Garden.,YOUNG ABRAHAM CUPID,PERSON,"People, including fictional",650,669
THE TRAGEDY OF ROMEO AND JULIET,2,2,Capulet's Garden.,HUNDRED,CARDINAL,Numerals that do not fall under another type,2532,2539
THE TRAGEDY OF ROMEO AND JULIET,2,2,Capulet's Garden.,FAIN,PERSON,"People, including fictional",3904,3908
THE TRAGEDY OF ROMEO AND JULIET,2,2,Capulet's Garden.,JOVE,PERSON,"People, including fictional",4140,4144
THE TRAGEDY OF ROMEO AND JULIET,2,2,Capulet's Garden.,MONTHLY,DATE,Absolute or relative dates or periods,4906,4913
THE TRAGEDY OF ROMEO AND JULIET,2,2,Capulet's Garden.,LEST,PERSON,"People, including fictional",4942,4946
THE TRAGEDY OF ROMEO AND JULIET,2,2,Capulet's Garden.,SWEET,PERSON,"People, including fictional",5392,5397
THE TRAGEDY OF ROMEO AND JULIET,2,2,Capulet's Garden.,NURSE!—SWEET MONTAGUE,PERSON,"People, including fictional",6186,6207
THE TRAGEDY OF ROMEO AND JULIET,2,2,Capulet's Garden.,TOMORROW,DATE,Absolute or relative dates or periods,6539,6547
THE TRAGEDY OF ROMEO AND JULIET,2,2,Capulet's Garden.,THOUSAND,CARDINAL,Numerals that do not fall under another type,7016,7024
THE TRAGEDY OF ROMEO AND JULIET,2,2,Capulet's Garden.,ECHO,LOC,"Non-GPE locations, mountain ranges, bodies of water",7376,7380
THE TRAGEDY OF ROMEO AND JULIET,2,2,Capulet's Garden.,THE HOUR,TIME,Times smaller than a day,7696,7704
THE TRAGEDY OF ROMEO AND JULIET,2,2,Capulet's Garden.,TWENTY YEARS,DATE,Absolute or relative dates or periods,7744,7756
THE TRAGEDY OF ROMEO AND JULIET,2,2,Capulet's Garden.,ALMOST MORNING,TIME,Times smaller than a day,8052,8066
THE TRAGEDY OF ROMEO AND JULIET,2,3,Friar Lawrence's Cell.,LAWRENCE,PERSON,"People, including fictional",12,20
THE TRAGEDY OF ROMEO AND JULIET,2,3,Friar Lawrence's Cell.,THE FROWNING NIGHT,TIME,Times smaller than a day,81,99
THE TRAGEDY OF ROMEO AND JULIET,2,3,Friar Lawrence's Cell.,DAY,DATE,Absolute or relative dates or periods,209,212
THE TRAGEDY OF ROMEO AND JULIET,2,3,Friar Lawrence's Cell.,TITAN,ORG,"Companies, agencies, institutions, etc.",232,237
THE TRAGEDY OF ROMEO AND JULIET,2,3,Friar Lawrence's Cell.,POISON,ORG,"Companies, agencies, institutions, etc.",1099,1105
THE TRAGEDY OF ROMEO AND JULIET,2,3,Friar Lawrence's Cell.,"HERBS,—GRACE",ORG,"Companies, agencies, institutions, etc.",1304,1316
THE TRAGEDY OF ROMEO AND JULIET,2,3,Friar Lawrence's Cell.,BENEDICITE,PERSON,"People, including fictional",1460,1470
THE TRAGEDY OF ROMEO AND JULIET,2,3,Friar Lawrence's Cell.,SALUTETH,PERSON,"People, including fictional",1499,1507
THE TRAGEDY OF ROMEO AND JULIET,2,3,Friar Lawrence's Cell.,JESU MARIA,PERSON,"People, including fictional",3139,3149
THE TRAGEDY OF ROMEO AND JULIET,2,3,Friar Lawrence's Cell.,LO,PERSON,"People, including fictional",3393,3395
THE TRAGEDY OF ROMEO AND JULIET,2,4,A Street.,ROMEO,PRODUCT,"Objects, vehicles, foods, etc. (not services)",67,72
THE TRAGEDY OF ROMEO AND JULIET,2,4,A Street.,THIRD,ORDINAL,"""first"", ""second"", etc.",1011,1016
THE TRAGEDY OF ROMEO AND JULIET,2,4,A Street.,SECOND,ORDINAL,"""first"", ""second"", etc.",1145,1151
THE TRAGEDY OF ROMEO AND JULIET,2,4,A Street.,PETRARCH,PERSON,"People, including fictional",1825,1833
THE TRAGEDY OF ROMEO AND JULIET,2,4,A Street.,LAURA,PERSON,"People, including fictional",1845,1850
THE TRAGEDY OF ROMEO AND JULIET,2,4,A Street.,BERHYME,PERSON,"People, including fictional",1922,1929
THE TRAGEDY OF ROMEO AND JULIET,2,4,A Street.,DIDO,PERSON,"People, including fictional",1935,1939
THE TRAGEDY OF ROMEO AND JULIET,2,4,A Street.,CLEOPATRA,PERSON,"People, including fictional",1949,1958
THE TRAGEDY OF ROMEO AND JULIET,2,4,A Street.,HELEN,PERSON,"People, including fictional",1968,1973
THE TRAGEDY OF ROMEO AND JULIET,2,4,A Street.,HERO HILDINGS,PERSON,"People, including fictional",1978,1991
THE TRAGEDY OF ROMEO AND JULIET,2,4,A Street.,FRENCH,NORP,Nationalities or religious or political groups,2088,2094
THE TRAGEDY OF ROMEO AND JULIET,2,4,A Street.,LAST NIGHT,TIME,Times smaller than a day,2162,2172
THE TRAGEDY OF ROMEO AND JULIET,2,4,A Street.,SWITS,PERSON,"People, including fictional",3034,3039
THE TRAGEDY OF ROMEO AND JULIET,2,4,A Street.,PETER,PERSON,"People, including fictional",4387,4392
THE TRAGEDY OF ROMEO AND JULIET,2,4,A Street.,NOON,TIME,Times smaller than a day,4795,4799
THE TRAGEDY OF ROMEO AND JULIET,2,4,A Street.,MAR. NURSE,DATE,Absolute or relative dates or periods,4901,4911
THE TRAGEDY OF ROMEO AND JULIET,2,4,A Street.,MAR,PERSON,"People, including fictional",4958,4961
THE TRAGEDY OF ROMEO AND JULIET,2,4,A Street.,I'FAITH,GPE,"Countries, cities, states",5275,5282
THE TRAGEDY OF ROMEO AND JULIET,2,4,A Street.,LENT,EVENT,"Named hurricanes, battles, wars, sports events, etc.",5656,5660
THE TRAGEDY OF ROMEO AND JULIET,2,4,A Street.,A MONTH,DATE,Absolute or relative dates or periods,6125,6132
THE TRAGEDY OF ROMEO AND JULIET,2,4,A Street.,TWENTY,CARDINAL,Numerals that do not fall under another type,6229,6235
THE TRAGEDY OF ROMEO AND JULIET,2,4,A Street.,JACKS,PERSON,"People, including fictional",6241,6246
THE TRAGEDY OF ROMEO AND JULIET,2,4,A Street.,I'FAITH,PERSON,"People, including fictional",7259,7266
THE TRAGEDY OF ROMEO AND JULIET,2,4,A Street.,LORD,PERSON,"People, including fictional",7298,7302
THE TRAGEDY OF ROMEO AND JULIET,2,4,A Street.,FRIAR LAWRENCE',WORK_OF_ART,"Titles of books, songs, etc.",7581,7596
THE TRAGEDY OF ROMEO AND JULIET,2,4,A Street.,THIS HOUR,TIME,Times smaller than a day,7828,7837
THE TRAGEDY OF ROMEO AND JULIET,2,4,A Street.,AN R. NURSE,ORG,"Companies, agencies, institutions, etc.",8805,8816
THE TRAGEDY OF ROMEO AND JULIET,2,4,A Street.,PETER,ORG,"Companies, agencies, institutions, etc.",9095,9100
THE TRAGEDY OF ROMEO AND JULIET,2,5,Capulet's Garden.,HALF AN HOUR,TIME,Times smaller than a day,74,86
THE TRAGEDY OF ROMEO AND JULIET,2,5,Capulet's Garden.,TEN,CARDINAL,Numerals that do not fall under another type,214,217
THE TRAGEDY OF ROMEO AND JULIET,2,5,Capulet's Garden.,THE HIGHMOST HILL,ORG,"Companies, agencies, institutions, etc.",415,432
THE TRAGEDY OF ROMEO AND JULIET,2,5,Capulet's Garden.,TWELVE,CARDINAL,Numerals that do not fall under another type,475,481
THE TRAGEDY OF ROMEO AND JULIET,2,5,Capulet's Garden.,THREE LONG HOURS,TIME,Times smaller than a day,485,501
THE TRAGEDY OF ROMEO AND JULIET,2,5,Capulet's Garden.,UNWIELDY,GPE,"Countries, cities, states",710,718
THE TRAGEDY OF ROMEO AND JULIET,2,5,Capulet's Garden.,HAST,ORG,"Companies, agencies, institutions, etc.",817,821
THE TRAGEDY OF ROMEO AND JULIET,2,5,Capulet's Garden.,BESHREW,PERSON,"People, including fictional",2336,2343
THE TRAGEDY OF ROMEO AND JULIET,2,5,Capulet's Garden.,FRIAR LAWRENCE',PERSON,"People, including fictional",3123,3138
THE TRAGEDY OF ROMEO AND JULIET,2,6,Friar Lawrence's Cell.,THAT AFTER-HOURS,TIME,Times smaller than a day,88,104
THE TRAGEDY OF ROMEO AND JULIET,2,6,Friar Lawrence's Cell.,BRAGS,PERSON,"People, including fictional",1390,1395
THE TRAGEDY OF ROMEO AND JULIET,2,6,Friar Lawrence's Cell.,HALF,CARDINAL,Numerals that do not fall under another type,1545,1549
THE TRAGEDY OF ROMEO AND JULIET,3,1,A public Place.,JACK,PERSON,"People, including fictional",565,569
THE TRAGEDY OF ROMEO AND JULIET,3,1,A public Place.,ITALY,GPE,"Countries, cities, states",592,597
THE TRAGEDY OF ROMEO AND JULIET,3,1,A public Place.,EASTER,EVENT,"Named hurricanes, battles, wars, sports events, etc.",1376,1382
THE TRAGEDY OF ROMEO AND JULIET,3,1,A public Place.,THOU CONSORTEST,PERSON,"People, including fictional",2103,2118
THE TRAGEDY OF ROMEO AND JULIET,3,1,A public Place.,CONSORT,PERSON,"People, including fictional",2141,2148
THE TRAGEDY OF ROMEO AND JULIET,3,1,A public Place.,I. ENTER ROMEO,ORG,"Companies, agencies, institutions, etc.",2596,2610
THE TRAGEDY OF ROMEO AND JULIET,3,1,A public Place.,VILLAIN,PERSON,"People, including fictional",3027,3034
THE TRAGEDY OF ROMEO AND JULIET,3,1,A public Place.,ALLA STOCCATA,PERSON,"People, including fictional",3455,3468
THE TRAGEDY OF ROMEO AND JULIET,3,1,A public Place.,EIGHT,CARDINAL,Numerals that do not fall under another type,3725,3730
THE TRAGEDY OF ROMEO AND JULIET,3,1,A public Place.,GOOD MERCUTIO,PERSON,"People, including fictional",4157,4170
THE TRAGEDY OF ROMEO AND JULIET,3,1,A public Place.,PARTIZANS,NORP,Nationalities or religious or political groups,4195,4204
THE TRAGEDY OF ROMEO AND JULIET,3,1,A public Place.,BRAGGART,PERSON,"People, including fictional",4791,4799
THE TRAGEDY OF ROMEO AND JULIET,3,1,A public Place.,MO DAYS,DATE,Absolute or relative dates or periods,5627,5634
THE TRAGEDY OF ROMEO AND JULIET,3,1,A public Place.,WIVES,WORK_OF_ART,"Titles of books, songs, etc.",6729,6734
THE TRAGEDY OF ROMEO AND JULIET,3,1,A public Place.,THY KINSMAN,PERSON,"People, including fictional",6935,6946
THE TRAGEDY OF ROMEO AND JULIET,3,1,A public Place.,PRINCE,PERSON,"People, including fictional",7084,7090
THE TRAGEDY OF ROMEO AND JULIET,3,1,A public Place.,RETORTS,PERSON,"People, including fictional",7757,7764
THE TRAGEDY OF ROMEO AND JULIET,3,1,A public Place.,SOME TWENTY,CARDINAL,Numerals that do not fall under another type,8365,8376
THE TRAGEDY OF ROMEO AND JULIET,3,1,A public Place.,THAT HOUR,TIME,Times smaller than a day,9168,9177
THE TRAGEDY OF ROMEO AND JULIET,3,2,A Room in Capulet's House.,GALLOP,PERSON,"People, including fictional",22,28
THE TRAGEDY OF ROMEO AND JULIET,3,2,A Room in Capulet's House.,PHOEBUS,ORG,"Companies, agencies, institutions, etc.",69,76
THE TRAGEDY OF ROMEO AND JULIET,3,2,A Room in Capulet's House.,PHAETON,ORG,"Companies, agencies, institutions, etc.",106,113
THE TRAGEDY OF ROMEO AND JULIET,3,2,A Room in Capulet's House.,ROMEO LEAP,ORG,"Companies, agencies, institutions, etc.",263,273
THE TRAGEDY OF ROMEO AND JULIET,3,2,A Room in Capulet's House.,HOOD,PERSON,"People, including fictional",571,575
THE TRAGEDY OF ROMEO AND JULIET,3,2,A Room in Capulet's House.,WHITER,PERSON,"People, including fictional",799,805
THE TRAGEDY OF ROMEO AND JULIET,3,2,A Room in Capulet's House.,THIS DAY,DATE,Absolute or relative dates or periods,1218,1226
THE TRAGEDY OF ROMEO AND JULIET,3,2,A Room in Capulet's House.,THE NIGHT,TIME,Times smaller than a day,1233,1242
THE TRAGEDY OF ROMEO AND JULIET,3,2,A Room in Capulet's House.,PALE,ORG,"Companies, agencies, institutions, etc.",2448,2452
THE TRAGEDY OF ROMEO AND JULIET,3,2,A Room in Capulet's House.,O TYBALT TYBALT,ORG,"Companies, agencies, institutions, etc.",2727,2743
THE TRAGEDY OF ROMEO AND JULIET,3,2,A Room in Capulet's House.,TYBALT,ORG,"Companies, agencies, institutions, etc.",3186,3192
THE TRAGEDY OF ROMEO AND JULIET,3,2,A Room in Capulet's House.,DOVE,PERSON,"People, including fictional",3371,3375
THE TRAGEDY OF ROMEO AND JULIET,3,2,A Room in Capulet's House.,WOLVISH-RAVENING,TIME,Times smaller than a day,3393,3409
THE TRAGEDY OF ROMEO AND JULIET,3,2,A Room in Capulet's House.,THREE-HOURS,TIME,Times smaller than a day,4415,4426
THE TRAGEDY OF ROMEO AND JULIET,3,2,A Room in Capulet's House.,TEN THOUSAND,CARDINAL,Numerals that do not fall under another type,5074,5086
THE TRAGEDY OF ROMEO AND JULIET,3,2,A Room in Capulet's House.,ROMEO,WORK_OF_ART,"Titles of books, songs, etc.",5411,5416
THE TRAGEDY OF ROMEO AND JULIET,3,2,A Room in Capulet's House.,DIE MAIDEN-WIDOWED,PERSON,"People, including fictional",6008,6026
THE TRAGEDY OF ROMEO AND JULIET,3,3,Friar Lawrence's cell.,HADST,PERSON,"People, including fictional",1957,1962
THE TRAGEDY OF ROMEO AND JULIET,3,3,Friar Lawrence's cell.,ADVERSITY,ORG,"Companies, agencies, institutions, etc.",2461,2470
THE TRAGEDY OF ROMEO AND JULIET,3,3,Friar Lawrence's cell.,WERT,PERSON,"People, including fictional",2931,2935
THE TRAGEDY OF ROMEO AND JULIET,3,3,Friar Lawrence's cell.,GOOD ROMEO,PERSON,"People, including fictional",3236,3246
THE TRAGEDY OF ROMEO AND JULIET,3,3,Friar Lawrence's cell.,KNOCK!—WHO,GPE,"Countries, cities, states",3400,3410
THE TRAGEDY OF ROMEO AND JULIET,3,3,Friar Lawrence's cell.,LADY JULIET,PERSON,"People, including fictional",3706,3717
THE TRAGEDY OF ROMEO AND JULIET,3,3,Friar Lawrence's cell.,FRIAR,LANGUAGE,Any named language,3776,3781
THE TRAGEDY OF ROMEO AND JULIET,3,3,Friar Lawrence's cell.,SPAKEST,ORG,"Companies, agencies, institutions, etc.",4283,4290
THE TRAGEDY OF ROMEO AND JULIET,3,3,Friar Lawrence's cell.,SHOT,PERSON,"People, including fictional",4735,4739
THE TRAGEDY OF ROMEO AND JULIET,3,3,Friar Lawrence's cell.,FRIAR,PERSON,"People, including fictional",4849,4854
THE TRAGEDY OF ROMEO AND JULIET,3,3,Friar Lawrence's cell.,UNSEEMLY,PERSON,"People, including fictional",5149,5157
THE TRAGEDY OF ROMEO AND JULIET,3,3,Friar Lawrence's cell.,FIE,ORG,"Companies, agencies, institutions, etc.",5592,5595
THE TRAGEDY OF ROMEO AND JULIET,3,3,Friar Lawrence's cell.,THY SHAPE,PERSON,"People, including fictional",5610,5619
THE TRAGEDY OF ROMEO AND JULIET,3,3,Friar Lawrence's cell.,DIGRESSING,PERSON,"People, including fictional",5807,5817
THE TRAGEDY OF ROMEO AND JULIET,3,3,Friar Lawrence's cell.,THY JULIET,PERSON,"People, including fictional",6165,6175
THE TRAGEDY OF ROMEO AND JULIET,3,3,Friar Lawrence's cell.,HAPPINESS,ORG,"Companies, agencies, institutions, etc.",6462,6471
THE TRAGEDY OF ROMEO AND JULIET,3,3,Friar Lawrence's cell.,FORTUNE,WORK_OF_ART,"Titles of books, songs, etc.",6562,6569
THE TRAGEDY OF ROMEO AND JULIET,3,3,Friar Lawrence's cell.,ASCEND,ORG,"Companies, agencies, institutions, etc.",6671,6677
THE TRAGEDY OF ROMEO AND JULIET,3,3,Friar Lawrence's cell.,BEG,PERSON,"People, including fictional",6894,6897
THE TRAGEDY OF ROMEO AND JULIET,3,3,Friar Lawrence's cell.,TWENTY HUNDRED THOUSAND,CARDINAL,Numerals that do not fall under another type,6944,6967
THE TRAGEDY OF ROMEO AND JULIET,3,3,Friar Lawrence's cell.,HIE,PERSON,"People, including fictional",7401,7404
THE TRAGEDY OF ROMEO AND JULIET,3,4,A Room in Capulet's House.,I. WELL,PERSON,"People, including fictional",195,202
THE TRAGEDY OF ROMEO AND JULIET,3,4,A Room in Capulet's House.,AN HOUR AGO,TIME,Times smaller than a day,331,342
THE TRAGEDY OF ROMEO AND JULIET,3,4,A Room in Capulet's House.,EARLY TOMORROW,TIME,Times smaller than a day,481,495
THE TRAGEDY OF ROMEO AND JULIET,3,4,A Room in Capulet's House.,WEDNESDAY,DATE,Absolute or relative dates or periods,793,802
THE TRAGEDY OF ROMEO AND JULIET,3,4,A Room in Capulet's House.,MONDAY,DATE,Absolute or relative dates or periods,845,851
THE TRAGEDY OF ROMEO AND JULIET,3,4,A Room in Capulet's House.,THURSDAY,DATE,Absolute or relative dates or periods,918,926
THE TRAGEDY OF ROMEO AND JULIET,3,4,A Room in Capulet's House.,SOME HALF A DOZEN,CARDINAL,Numerals that do not fall under another type,1229,1246
THE TRAGEDY OF ROMEO AND JULIET,3,4,A Room in Capulet's House.,THIS WEDDING DAY,DATE,Absolute or relative dates or periods,1472,1488
THE TRAGEDY OF ROMEO AND JULIET,3,5,"An open Gallery to Juliet's Chamber, overlooking the Garden.",YON GREY,PERSON,"People, including fictional",830,838
THE TRAGEDY OF ROMEO AND JULIET,3,5,"An open Gallery to Juliet's Chamber, overlooking the Garden.",CYNTHIA,PERSON,"People, including fictional",893,900
THE TRAGEDY OF ROMEO AND JULIET,3,5,"An open Gallery to Juliet's Chamber, overlooking the Garden.",DESCENDS,PERSON,"People, including fictional",1881,1889
THE TRAGEDY OF ROMEO AND JULIET,3,5,"An open Gallery to Juliet's Chamber, overlooking the Garden.",AY HUSBAND,PERSON,"People, including fictional",1929,1939
THE TRAGEDY OF ROMEO AND JULIET,3,5,"An open Gallery to Juliet's Chamber, overlooking the Garden.",EVERY DAY,DATE,Absolute or relative dates or periods,1971,1980
THE TRAGEDY OF ROMEO AND JULIET,3,5,"An open Gallery to Juliet's Chamber, overlooking the Garden.",A MINUTE,TIME,Times smaller than a day,2001,2009
THE TRAGEDY OF ROMEO AND JULIET,3,5,"An open Gallery to Juliet's Chamber, overlooking the Garden.",MANY DAYS,DATE,Absolute or relative dates or periods,2020,2029
THE TRAGEDY OF ROMEO AND JULIET,3,5,"An open Gallery to Juliet's Chamber, overlooking the Garden.",YEARS,DATE,Absolute or relative dates or periods,2067,2072
THE TRAGEDY OF ROMEO AND JULIET,3,5,"An open Gallery to Juliet's Chamber, overlooking the Garden.",ADIEU,PERSON,"People, including fictional",2585,2590
THE TRAGEDY OF ROMEO AND JULIET,3,5,"An open Gallery to Juliet's Chamber, overlooking the Garden.",HO,PERSON,"People, including fictional",2843,2845
THE TRAGEDY OF ROMEO AND JULIET,3,5,"An open Gallery to Juliet's Chamber, overlooking the Garden.",EVERMORE,PERSON,"People, including fictional",3106,3114
THE TRAGEDY OF ROMEO AND JULIET,3,5,"An open Gallery to Juliet's Chamber, overlooking the Garden.",EARLY NEXT THURSDAY,DATE,Absolute or relative dates or periods,5153,5172
THE TRAGEDY OF ROMEO AND JULIET,3,5,"An open Gallery to Juliet's Chamber, overlooking the Garden.",MORN,TIME,Times smaller than a day,5173,5177
THE TRAGEDY OF ROMEO AND JULIET,3,5,"An open Gallery to Juliet's Chamber, overlooking the Garden.",THE COUNTY PARIS,GPE,"Countries, cities, states",5219,5235
THE TRAGEDY OF ROMEO AND JULIET,3,5,"An open Gallery to Juliet's Chamber, overlooking the Garden.",GOD,PERSON,"People, including fictional",8109,8112
THE TRAGEDY OF ROMEO AND JULIET,3,5,"An open Gallery to Juliet's Chamber, overlooking the Garden.",ALONE,ORG,"Companies, agencies, institutions, etc.",8181,8186
THE TRAGEDY OF ROMEO AND JULIET,3,5,"An open Gallery to Juliet's Chamber, overlooking the Garden.",GRAZE,PERSON,"People, including fictional",8648,8653
THE TRAGEDY OF ROMEO AND JULIET,3,5,"An open Gallery to Juliet's Chamber, overlooking the Garden.",A WEEK,DATE,Absolute or relative dates or periods,9187,9193
THE TRAGEDY OF ROMEO AND JULIET,3,5,"An open Gallery to Juliet's Chamber, overlooking the Garden.",NURSE,ORG,"Companies, agencies, institutions, etc.",9755,9760
THE TRAGEDY OF ROMEO AND JULIET,3,5,"An open Gallery to Juliet's Chamber, overlooking the Garden.",FRIAR,PRODUCT,"Objects, vehicles, foods, etc. (not services)",10974,10979
THE TRAGEDY OF ROMEO AND JULIET,4,1,Friar Lawrence's Cell.,EVENING,TIME,Times smaller than a day,1812,1819
THE TRAGEDY OF ROMEO AND JULIET,4,1,Friar Lawrence's Cell.,NIGHTLY,TIME,Times smaller than a day,3723,3730
THE TRAGEDY OF ROMEO AND JULIET,4,1,Friar Lawrence's Cell.,YELLOW CHAPLESS SKULLS,PERSON,"People, including fictional",3824,3846
THE TRAGEDY OF ROMEO AND JULIET,4,1,Friar Lawrence's Cell.,TWO AND FORTY HOURS,TIME,Times smaller than a day,4799,4818
THE TRAGEDY OF ROMEO AND JULIET,4,1,Friar Lawrence's Cell.,THE MORNING,TIME,Times smaller than a day,4888,4899
THE TRAGEDY OF ROMEO AND JULIET,4,1,Friar Lawrence's Cell.,SHALL ROMEO,PERSON,"People, including fictional",5169,5180
THE TRAGEDY OF ROMEO AND JULIET,4,2,Hall in Capulet's House.,SIRRAH,PERSON,"People, including fictional",118,124
THE TRAGEDY OF ROMEO AND JULIET,4,2,Hall in Capulet's House.,FRIAR LAWRENCE?,PERSON,"People, including fictional",541,556
THE TRAGEDY OF ROMEO AND JULIET,4,3,Juliet's Chamber.,THIS MANY HUNDRED YEARS,DATE,Absolute or relative dates or periods,1770,1793
THE TRAGEDY OF ROMEO AND JULIET,4,3,Juliet's Chamber.,SOME HOURS,TIME,Times smaller than a day,1941,1951
THE TRAGEDY OF ROMEO AND JULIET,4,3,Juliet's Chamber.,ALACK,GPE,"Countries, cities, states",1981,1986
THE TRAGEDY OF ROMEO AND JULIET,4,3,Juliet's Chamber.,ENVIRONED,ORG,"Companies, agencies, institutions, etc.",2198,2207
THE TRAGEDY OF ROMEO AND JULIET,4,4,Hall in Capulet's House.,THREE O'CLOCK,TIME,Times smaller than a day,259,272
THE TRAGEDY OF ROMEO AND JULIET,4,4,Hall in Capulet's House.,ANGELICA,PERSON,"People, including fictional",304,312
THE TRAGEDY OF ROMEO AND JULIET,4,4,Hall in Capulet's House.,LOGGERHEAD.—GOOD,ORG,"Companies, agencies, institutions, etc.",1149,1165
THE TRAGEDY OF ROMEO AND JULIET,4,5,Juliet's Chamber; Juliet on the bed.,THE NEXT NIGHT,TIME,Times smaller than a day,242,256
THE TRAGEDY OF ROMEO AND JULIET,4,5,Juliet's Chamber; Juliet on the bed.,FLOWER,PERSON,"People, including fictional",1810,1816
THE TRAGEDY OF ROMEO AND JULIET,4,5,Juliet's Chamber; Juliet on the bed.,THIS MORNING,TIME,Times smaller than a day,2012,2024
THE TRAGEDY OF ROMEO AND JULIET,4,5,Juliet's Chamber; Juliet on the bed.,MUSICIAN,PERSON,"People, including fictional",4563,4571
THE TRAGEDY OF ROMEO AND JULIET,4,5,Juliet's Chamber; Juliet on the bed.,GLEEK,NORP,Nationalities or religious or political groups,5122,5127
THE TRAGEDY OF ROMEO AND JULIET,4,5,Juliet's Chamber; Juliet on the bed.,SIMON CATLING,PERSON,"People, including fictional",5781,5794
THE TRAGEDY OF ROMEO AND JULIET,4,5,Juliet's Chamber; Juliet on the bed.,HUGH REBECK,PERSON,"People, including fictional",5888,5899
THE TRAGEDY OF ROMEO AND JULIET,4,5,Juliet's Chamber; Juliet on the bed.,JAMES SOUNDPOST,PERSON,"People, including fictional",6008,6023
THE TRAGEDY OF ROMEO AND JULIET,5,1,Mantua. A Street.,CAPEL,PERSON,"People, including fictional",797,802
THE TRAGEDY OF ROMEO AND JULIET,5,1,Mantua. A Street.,SHARP,ORG,"Companies, agencies, institutions, etc.",1813,1818
THE TRAGEDY OF ROMEO AND JULIET,5,1,Mantua. A Street.,REMNANT,ORG,"Companies, agencies, institutions, etc.",2056,2064
THE TRAGEDY OF ROMEO AND JULIET,5,1,Mantua. A Street.,FORTY DUCATS,MONEY,"Monetary values, including unit",2612,2624
THE TRAGEDY OF ROMEO AND JULIET,5,1,Mantua. A Street.,THINE EYE,GPE,"Countries, cities, states",3110,3120
THE TRAGEDY OF ROMEO AND JULIET,5,2,Friar Lawrence's Cell.,FRIAR JOHN,PERSON,"People, including fictional",905,915
THE TRAGEDY OF ROMEO AND JULIET,5,2,Friar Lawrence's Cell.,THIS THREE HOURS,TIME,Times smaller than a day,1094,1110
THE TRAGEDY OF ROMEO AND JULIET,5,3,A churchyard; in it a Monument belonging to the Capulets.,UNFIRM,GPE,"Countries, cities, states",291,297
THE TRAGEDY OF ROMEO AND JULIET,5,3,A churchyard; in it a Monument belonging to the Capulets.,WHISTLE,PERSON,"People, including fictional",350,357
THE TRAGEDY OF ROMEO AND JULIET,5,3,A churchyard; in it a Monument belonging to the Capulets.,THY CANOPY,PERSON,"People, including fictional",630,640
THE TRAGEDY OF ROMEO AND JULIET,5,3,A churchyard; in it a Monument belonging to the Capulets.,EARLY IN THE MORNING,TIME,Times smaller than a day,1177,1197
THE TRAGEDY OF ROMEO AND JULIET,5,3,A churchyard; in it a Monument belonging to the Capulets.,FALLS,PERSON,"People, including fictional",3389,3394
THE TRAGEDY OF ROMEO AND JULIET,5,3,A churchyard; in it a Monument belonging to the Capulets.,COUNTY,GPE,"Countries, cities, states",3534,3540
THE TRAGEDY OF ROMEO AND JULIET,5,3,A churchyard; in it a Monument belonging to the Capulets.,BEAUTY,PERSON,"People, including fictional",4368,4374
THE TRAGEDY OF ROMEO AND JULIET,5,3,A churchyard; in it a Monument belonging to the Capulets.,SAINT FRANCIS,PERSON,"People, including fictional",5606,5619
THE TRAGEDY OF ROMEO AND JULIET,5,3,A churchyard; in it a Monument belonging to the Capulets.,CAPELS,PERSON,"People, including fictional",5973,5979
THE TRAGEDY OF ROMEO AND JULIET,5,3,A churchyard; in it a Monument belonging to the Capulets.,THIS TWO DAYS,DATE,Absolute or relative dates or periods,8420,8433
THE TRAGEDY OF ROMEO AND JULIET,5,3,A churchyard; in it a Monument belonging to the Capulets.,FIRST WATCH,ORG,"Companies, agencies, institutions, etc.",8794,8805
THE TRAGEDY OF ROMEO AND JULIET,5,3,A churchyard; in it a Monument belonging to the Capulets.,MISTA'EN,FAC,"Buildings, airports, highways, bridges, etc.",9885,9893
THE TRAGEDY OF ROMEO AND JULIET,5,3,A churchyard; in it a Monument belonging to the Capulets.,THE PREFIXED HOUR,TIME,Times smaller than a day,12109,12126
THE TRAGEDY OF ROMEO AND JULIET,5,3,A churchyard; in it a Monument belonging to the Capulets.,SOME MINUTE,TIME,Times smaller than a day,12283,12294
THE TRAGEDY OF ROMEO AND JULIET,5,3,A churchyard; in it a Monument belonging to the Capulets.,MISCARRIED,ORG,"Companies, agencies, institutions, etc.",12677,12687
THE TRAGEDY OF ROMEO AND JULIET,5,3,A churchyard; in it a Monument belonging to the Capulets.,SOME HOUR,TIME,Times smaller than a day,12732,12741
THE TRAGEDY OF ROMEO AND JULIET,5,3,A churchyard; in it a Monument belonging to the Capulets.,ROMEO,EVENT,"Named hurricanes, battles, wars, sports events, etc.",14605,14610
