play,act,scene,location,entity_text,spacy_label,label_description,start_char,end_char
THE TRAGEDY OF ROMEO AND JULIET,0,0,Prologue,Enter Chorus,ORG,"Companies, agencies, institutions, etc.",0,12
THE TRAGEDY OF ROMEO AND JULIET,0,0,Prologue,CHORUS,ORG,"Companies, agencies, institutions, etc.",14,20
THE TRAGEDY OF ROMEO AND JULIET,0,0,Prologue,Two,CARDINAL,Numerals that do not fall under another type,22,25
THE TRAGEDY OF ROMEO AND JULIET,0,0,Prologue,Verona,PERSON,"People, including fictional",69,75
THE TRAGEDY OF ROMEO AND JULIET,0,0,Prologue,two,CARDINAL,Numerals that do not fall under another type,223,226
THE TRAGEDY OF ROMEO AND JULIET,0,0,Prologue,the two hours,TIME,Times smaller than a day,521,534
THE TRAGEDY OF ROMEO AND JULIET,1,1,A public place.,Gregory,PERSON,"People, including fictional",18,25
THE TRAGEDY OF ROMEO AND JULIET,1,1,A public place.,Gregory,PERSON,"People, including fictional",67,74
THE TRAGEDY OF ROMEO AND JULIET,1,1,A public place.,Montague,GPE,"Countries, cities, states",390,398
THE TRAGEDY OF ROMEO AND JULIET,1,1,A public place.,GREGORY,PERSON,"People, including fictional",409,416
THE TRAGEDY OF ROMEO AND JULIET,1,1,A public place.,Montague,ORG,"Companies, agencies, institutions, etc.",614,622
THE TRAGEDY OF ROMEO AND JULIET,1,1,A public place.,Montague,ORG,"Companies, agencies, institutions, etc.",812,820
THE TRAGEDY OF ROMEO AND JULIET,1,1,A public place.,GREGORY,PERSON,"People, including fictional",1082,1089
THE TRAGEDY OF ROMEO AND JULIET,1,1,A public place.,GREGORY,PERSON,"People, including fictional",1356,1363
THE TRAGEDY OF ROMEO AND JULIET,1,1,A public place.,John,PERSON,"People, including fictional",1430,1434
THE TRAGEDY OF ROMEO AND JULIET,1,1,A public place.,Montagues,PERSON,"People, including fictional",1478,1487
THE TRAGEDY OF ROMEO AND JULIET,1,1,A public place.,Balthasar,PERSON,"People, including fictional",1505,1514
THE TRAGEDY OF ROMEO AND JULIET,1,1,A public place.,GREGORY,PERSON,"People, including fictional",1576,1583
THE TRAGEDY OF ROMEO AND JULIET,1,1,A public place.,GREGORY,PERSON,"People, including fictional",2062,2069
THE TRAGEDY OF ROMEO AND JULIET,1,1,A public place.,GREGORY,PERSON,"People, including fictional",2154,2161
THE TRAGEDY OF ROMEO AND JULIET,1,1,A public place.,Gregory,PERSON,"People, including fictional",2474,2481
THE TRAGEDY OF ROMEO AND JULIET,1,1,A public place.,Benvolio,PERSON,"People, including fictional",2698,2706
THE TRAGEDY OF ROMEO AND JULIET,1,1,A public place.,BENVOLIO,PERSON,"People, including fictional",2729,2737
THE TRAGEDY OF ROMEO AND JULIET,1,1,A public place.,Montagues,PERSON,"People, including fictional",2898,2907
THE TRAGEDY OF ROMEO AND JULIET,1,1,A public place.,three,CARDINAL,Numerals that do not fall under another type,2959,2964
THE TRAGEDY OF ROMEO AND JULIET,1,1,A public place.,four,CARDINAL,Numerals that do not fall under another type,2968,2972
THE TRAGEDY OF ROMEO AND JULIET,1,1,A public place.,Citizens,ORG,"Companies, agencies, institutions, etc.",2973,2981
THE TRAGEDY OF ROMEO AND JULIET,1,1,A public place.,FIRST,ORDINAL,"""first"", ""second"", etc.",2994,2999
THE TRAGEDY OF ROMEO AND JULIET,1,1,A public place.,Lady Capulet,PERSON,"People, including fictional",3141,3153
THE TRAGEDY OF ROMEO AND JULIET,1,1,A public place.,CAPULET,ORG,"Companies, agencies, institutions, etc.",3155,3162
THE TRAGEDY OF ROMEO AND JULIET,1,1,A public place.,CAPULET,ORG,"Companies, agencies, institutions, etc.",3271,3278
THE TRAGEDY OF ROMEO AND JULIET,1,1,A public place.,Enter Montague,ORG,"Companies, agencies, institutions, etc.",3360,3374
THE TRAGEDY OF ROMEO AND JULIET,1,1,A public place.,Lady Montague,PERSON,"People, including fictional",3383,3396
THE TRAGEDY OF ROMEO AND JULIET,1,1,A public place.,MONTAGUE,DATE,Absolute or relative dates or periods,3398,3406
THE TRAGEDY OF ROMEO AND JULIET,1,1,A public place.,Capulet,PERSON,"People, including fictional",3421,3428
THE TRAGEDY OF ROMEO AND JULIET,1,1,A public place.,MONTAGUE,DATE,Absolute or relative dates or periods,3459,3467
THE TRAGEDY OF ROMEO AND JULIET,1,1,A public place.,Profaners,ORG,"Companies, agencies, institutions, etc.",3599,3608
THE TRAGEDY OF ROMEO AND JULIET,1,1,A public place.,Three,CARDINAL,Numerals that do not fall under another type,3919,3924
THE TRAGEDY OF ROMEO AND JULIET,1,1,A public place.,Capulet,PERSON,"People, including fictional",3974,3981
THE TRAGEDY OF ROMEO AND JULIET,1,1,A public place.,Montague,GPE,"Countries, cities, states",3987,3995
THE TRAGEDY OF ROMEO AND JULIET,1,1,A public place.,Verona,PERSON,"People, including fictional",4054,4060
THE TRAGEDY OF ROMEO AND JULIET,1,1,A public place.,Canker'd,ORG,"Companies, agencies, institutions, etc.",4162,4170
THE TRAGEDY OF ROMEO AND JULIET,1,1,A public place.,canker'd,ORG,"Companies, agencies, institutions, etc.",4196,4204
THE TRAGEDY OF ROMEO AND JULIET,1,1,A public place.,Capulet,PERSON,"People, including fictional",4342,4349
THE TRAGEDY OF ROMEO AND JULIET,1,1,A public place.,Montague,PERSON,"People, including fictional",4379,4387
THE TRAGEDY OF ROMEO AND JULIET,1,1,A public place.,this afternoon,TIME,Times smaller than a day,4398,4412
THE TRAGEDY OF ROMEO AND JULIET,1,1,A public place.,Capulet,PERSON,"People, including fictional",4578,4585
THE TRAGEDY OF ROMEO AND JULIET,1,1,A public place.,Lady Capulet,PERSON,"People, including fictional",4587,4599
THE TRAGEDY OF ROMEO AND JULIET,1,1,A public place.,MONTAGUE,DATE,Absolute or relative dates or periods,4632,4640
THE TRAGEDY OF ROMEO AND JULIET,1,1,A public place.,MONTAGUE,DATE,Absolute or relative dates or periods,5186,5194
THE TRAGEDY OF ROMEO AND JULIET,1,1,A public place.,Romeo,ORG,"Companies, agencies, institutions, etc.",5207,5212
THE TRAGEDY OF ROMEO AND JULIET,1,1,A public place.,today,DATE,Absolute or relative dates or periods,5226,5231
THE TRAGEDY OF ROMEO AND JULIET,1,1,A public place.,an hour,TIME,Times smaller than a day,5291,5298
THE TRAGEDY OF ROMEO AND JULIET,1,1,A public place.,the worshipp'd sun Peer'd,ORG,"Companies, agencies, institutions, etc.",5306,5331
THE TRAGEDY OF ROMEO AND JULIET,1,1,A public place.,one,CARDINAL,Numerals that do not fall under another type,5710,5713
THE TRAGEDY OF ROMEO AND JULIET,1,1,A public place.,MONTAGUE,DATE,Absolute or relative dates or periods,5822,5830
THE TRAGEDY OF ROMEO AND JULIET,1,1,A public place.,morning,TIME,Times smaller than a day,5904,5911
THE TRAGEDY OF ROMEO AND JULIET,1,1,A public place.,Aurora,ORG,"Companies, agencies, institutions, etc.",6075,6081
THE TRAGEDY OF ROMEO AND JULIET,1,1,A public place.,an artificial night,TIME,Times smaller than a day,6236,6255
THE TRAGEDY OF ROMEO AND JULIET,1,1,A public place.,MONTAGUE,DATE,Absolute or relative dates or periods,6393,6401
THE TRAGEDY OF ROMEO AND JULIET,1,1,A public place.,BENVOLIO,PERSON,"People, including fictional",6443,6451
THE TRAGEDY OF ROMEO AND JULIET,1,1,A public place.,MONTAGUE,DATE,Absolute or relative dates or periods,6491,6499
THE TRAGEDY OF ROMEO AND JULIET,1,1,A public place.,MONTAGUE,DATE,Absolute or relative dates or periods,7018,7026
THE TRAGEDY OF ROMEO AND JULIET,1,1,A public place.,Exeunt Montague,ORG,"Companies, agencies, institutions, etc.",7113,7128
THE TRAGEDY OF ROMEO AND JULIET,1,1,A public place.,Lady Montague,PERSON,"People, including fictional",7133,7146
THE TRAGEDY OF ROMEO AND JULIET,1,1,A public place.,morrow,DATE,Absolute or relative dates or periods,7163,7169
THE TRAGEDY OF ROMEO AND JULIET,1,1,A public place.,the day,DATE,Absolute or relative dates or periods,7189,7196
THE TRAGEDY OF ROMEO AND JULIET,1,1,A public place.,nine,CARDINAL,Numerals that do not fall under another type,7232,7236
THE TRAGEDY OF ROMEO AND JULIET,1,1,A public place.,Romeo,ORG,"Companies, agencies, institutions, etc.",7358,7363
THE TRAGEDY OF ROMEO AND JULIET,1,1,A public place.,BENVOLIO,PERSON,"People, including fictional",7524,7532
THE TRAGEDY OF ROMEO AND JULIET,1,1,A public place.,first,ORDINAL,"""first"", ""second"", etc.",7919,7924
THE TRAGEDY OF ROMEO AND JULIET,1,1,A public place.,Misshapen,PERSON,"People, including fictional",7968,7977
THE TRAGEDY OF ROMEO AND JULIET,1,1,A public place.,Dost,PERSON,"People, including fictional",8151,8155
THE TRAGEDY OF ROMEO AND JULIET,1,1,A public place.,BENVOLIO,PERSON,"People, including fictional",8233,8241
THE TRAGEDY OF ROMEO AND JULIET,1,1,A public place.,Doth,PERSON,"People, including fictional",8453,8457
THE TRAGEDY OF ROMEO AND JULIET,1,1,A public place.,Love,WORK_OF_ART,"Titles of books, songs, etc.",8498,8502
THE TRAGEDY OF ROMEO AND JULIET,1,1,A public place.,Farewell,PERSON,"People, including fictional",8722,8730
THE TRAGEDY OF ROMEO AND JULIET,1,1,A public place.,Romeo,ORG,"Companies, agencies, institutions, etc.",8880,8885
THE TRAGEDY OF ROMEO AND JULIET,1,1,A public place.,BENVOLIO,PERSON,"People, including fictional",9003,9011
THE TRAGEDY OF ROMEO AND JULIET,1,1,A public place.,Groan,PERSON,"People, including fictional",9013,9018
THE TRAGEDY OF ROMEO AND JULIET,1,1,A public place.,BENVOLIO,PERSON,"People, including fictional",9179,9187
THE TRAGEDY OF ROMEO AND JULIET,1,1,A public place.,BENVOLIO,PERSON,"People, including fictional",9284,9292
THE TRAGEDY OF ROMEO AND JULIET,1,1,A public place.,Cupid,ORG,"Companies, agencies, institutions, etc.",9397,9402
THE TRAGEDY OF ROMEO AND JULIET,1,1,A public place.,Dian,PERSON,"People, including fictional",9421,9425
THE TRAGEDY OF ROMEO AND JULIET,1,1,A public place.,Farewell,PERSON,"People, including fictional",10633,10641
THE TRAGEDY OF ROMEO AND JULIET,1,2,A Street.,Paris,GPE,"Countries, cities, states",15,20
THE TRAGEDY OF ROMEO AND JULIET,1,2,A Street.,CAPULET,ORG,"Companies, agencies, institutions, etc.",34,41
THE TRAGEDY OF ROMEO AND JULIET,1,2,A Street.,Montague,PERSON,"People, including fictional",47,55
THE TRAGEDY OF ROMEO AND JULIET,1,2,A Street.,PARIS,GPE,"Countries, cities, states",165,170
THE TRAGEDY OF ROMEO AND JULIET,1,2,A Street.,CAPULET,ORG,"Companies, agencies, institutions, etc.",293,300
THE TRAGEDY OF ROMEO AND JULIET,1,2,A Street.,fourteen years,DATE,Absolute or relative dates or periods,416,430
THE TRAGEDY OF ROMEO AND JULIET,1,2,A Street.,two,CARDINAL,Numerals that do not fall under another type,436,439
THE TRAGEDY OF ROMEO AND JULIET,1,2,A Street.,PARIS,GPE,"Countries, cities, states",516,521
THE TRAGEDY OF ROMEO AND JULIET,1,2,A Street.,CAPULET,ORG,"Companies, agencies, institutions, etc.",564,571
THE TRAGEDY OF ROMEO AND JULIET,1,2,A Street.,Paris,GPE,"Countries, cities, states",722,727
THE TRAGEDY OF ROMEO AND JULIET,1,2,A Street.,This night,TIME,Times smaller than a day,866,876
THE TRAGEDY OF ROMEO AND JULIET,1,2,A Street.,One,CARDINAL,Numerals that do not fall under another type,987,990
THE TRAGEDY OF ROMEO AND JULIET,1,2,A Street.,this night,TIME,Times smaller than a day,1065,1075
THE TRAGEDY OF ROMEO AND JULIET,1,2,A Street.,Earth,LOC,"Non-GPE locations, mountain ranges, bodies of water",1076,1081
THE TRAGEDY OF ROMEO AND JULIET,1,2,A Street.,April,DATE,Absolute or relative dates or periods,1187,1192
THE TRAGEDY OF ROMEO AND JULIET,1,2,A Street.,winter,DATE,Absolute or relative dates or periods,1216,1222
THE TRAGEDY OF ROMEO AND JULIET,1,2,A Street.,this night,TIME,Times smaller than a day,1283,1293
THE TRAGEDY OF ROMEO AND JULIET,1,2,A Street.,May,DATE,Absolute or relative dates or periods,1425,1428
THE TRAGEDY OF ROMEO AND JULIET,1,2,A Street.,Verona,PERSON,"People, including fictional",1528,1534
THE TRAGEDY OF ROMEO AND JULIET,1,2,A Street.,Paris,GPE,"Countries, cities, states",1685,1690
THE TRAGEDY OF ROMEO AND JULIET,1,2,A Street.,Romeo,ORG,"Companies, agencies, institutions, etc.",2079,2084
THE TRAGEDY OF ROMEO AND JULIET,1,2,A Street.,Tut,PERSON,"People, including fictional",2096,2099
THE TRAGEDY OF ROMEO AND JULIET,1,2,A Street.,one,CARDINAL,Numerals that do not fall under another type,2106,2109
THE TRAGEDY OF ROMEO AND JULIET,1,2,A Street.,One,CARDINAL,Numerals that do not fall under another type,2144,2147
THE TRAGEDY OF ROMEO AND JULIET,1,2,A Street.,holp,PERSON,"People, including fictional",2206,2210
THE TRAGEDY OF ROMEO AND JULIET,1,2,A Street.,One,CARDINAL,Numerals that do not fall under another type,2232,2235
THE TRAGEDY OF ROMEO AND JULIET,1,2,A Street.,Romeo,ORG,"Companies, agencies, institutions, etc.",2491,2496
THE TRAGEDY OF ROMEO AND JULIET,1,2,A Street.,Ye,PERSON,"People, including fictional",2898,2900
THE TRAGEDY OF ROMEO AND JULIET,1,2,A Street.,Martino,PERSON,"People, including fictional",2993,3000
THE TRAGEDY OF ROMEO AND JULIET,1,2,A Street.,County Anselmo,ORG,"Companies, agencies, institutions, etc.",3029,3043
THE TRAGEDY OF ROMEO AND JULIET,1,2,A Street.,Utruvio,PERSON,"People, including fictional",3089,3096
THE TRAGEDY OF ROMEO AND JULIET,1,2,A Street.,Signior Placentio,ORG,"Companies, agencies, institutions, etc.",3098,3115
THE TRAGEDY OF ROMEO AND JULIET,1,2,A Street.,Mercutio,PERSON,"People, including fictional",3139,3147
THE TRAGEDY OF ROMEO AND JULIET,1,2,A Street.,Valentine,PERSON,"People, including fictional",3164,3173
THE TRAGEDY OF ROMEO AND JULIET,1,2,A Street.,Capulet,PERSON,"People, including fictional",3186,3193
THE TRAGEDY OF ROMEO AND JULIET,1,2,A Street.,Rosaline,PERSON,"People, including fictional",3234,3242
THE TRAGEDY OF ROMEO AND JULIET,1,2,A Street.,Livia,PERSON,"People, including fictional",3247,3252
THE TRAGEDY OF ROMEO AND JULIET,1,2,A Street.,Valentio,ORG,"Companies, agencies, institutions, etc.",3262,3270
THE TRAGEDY OF ROMEO AND JULIET,1,2,A Street.,Tybalt,PERSON,"People, including fictional",3286,3292
THE TRAGEDY OF ROMEO AND JULIET,1,2,A Street.,Lucio,PERSON,"People, including fictional",3294,3299
THE TRAGEDY OF ROMEO AND JULIET,1,2,A Street.,Helena,ORG,"Companies, agencies, institutions, etc.",3315,3321
THE TRAGEDY OF ROMEO AND JULIET,1,2,A Street.,Whither,PERSON,"People, including fictional",3361,3368
THE TRAGEDY OF ROMEO AND JULIET,1,2,A Street.,Whither,PERSON,"People, including fictional",3407,3414
THE TRAGEDY OF ROMEO AND JULIET,1,2,A Street.,ask'd,NORP,Nationalities or religious or political groups,3519,3524
THE TRAGEDY OF ROMEO AND JULIET,1,2,A Street.,Capulet,PERSON,"People, including fictional",3613,3620
THE TRAGEDY OF ROMEO AND JULIET,1,2,A Street.,Montagues,PERSON,"People, including fictional",3656,3665
THE TRAGEDY OF ROMEO AND JULIET,1,2,A Street.,Capulet,PERSON,"People, including fictional",3766,3773
THE TRAGEDY OF ROMEO AND JULIET,1,2,A Street.,Rosaline,PERSON,"People, including fictional",3790,3798
THE TRAGEDY OF ROMEO AND JULIET,1,2,A Street.,Verona,GPE,"Countries, cities, states",3853,3859
THE TRAGEDY OF ROMEO AND JULIET,1,2,A Street.,One,CARDINAL,Numerals that do not fall under another type,4172,4175
THE TRAGEDY OF ROMEO AND JULIET,1,2,A Street.,first,ORDINAL,"""first"", ""second"", etc.",4242,4247
THE TRAGEDY OF ROMEO AND JULIET,1,2,A Street.,Tut,PERSON,"People, including fictional",4275,4278
THE TRAGEDY OF ROMEO AND JULIET,1,2,A Street.,pois'd,NORP,Nationalities or religious or political groups,4326,4332
THE TRAGEDY OF ROMEO AND JULIET,1,3,Room in Capulet's House.,CAPULET,ORG,"Companies, agencies, institutions, etc.",35,42
THE TRAGEDY OF ROMEO AND JULIET,1,3,Room in Capulet's House.,NURSE,GPE,"Countries, cities, states",94,99
THE TRAGEDY OF ROMEO AND JULIET,1,3,Room in Capulet's House.,twelve year old,DATE,Absolute or relative dates or periods,127,142
THE TRAGEDY OF ROMEO AND JULIET,1,3,Room in Capulet's House.,Juliet,PERSON,"People, including fictional",225,231
THE TRAGEDY OF ROMEO AND JULIET,1,3,Room in Capulet's House.,NURSE,GPE,"Countries, cities, states",275,280
THE TRAGEDY OF ROMEO AND JULIET,1,3,Room in Capulet's House.,JULIET,PERSON,"People, including fictional",295,301
THE TRAGEDY OF ROMEO AND JULIET,1,3,Room in Capulet's House.,NURSE,GPE,"Countries, cities, states",539,544
THE TRAGEDY OF ROMEO AND JULIET,1,3,Room in Capulet's House.,CAPULET,ORG,"Companies, agencies, institutions, etc.",591,598
THE TRAGEDY OF ROMEO AND JULIET,1,3,Room in Capulet's House.,fourteen,DATE,Absolute or relative dates or periods,610,618
THE TRAGEDY OF ROMEO AND JULIET,1,3,Room in Capulet's House.,NURSE,GPE,"Countries, cities, states",620,625
THE TRAGEDY OF ROMEO AND JULIET,1,3,Room in Capulet's House.,fourteen,CARDINAL,Numerals that do not fall under another type,636,644
THE TRAGEDY OF ROMEO AND JULIET,1,3,Room in Capulet's House.,four,CARDINAL,Numerals that do not fall under another type,703,707
THE TRAGEDY OF ROMEO AND JULIET,1,3,Room in Capulet's House.,fourteen,DATE,Absolute or relative dates or periods,720,728
THE TRAGEDY OF ROMEO AND JULIET,1,3,Room in Capulet's House.,Lammas,PERSON,"People, including fictional",752,758
THE TRAGEDY OF ROMEO AND JULIET,1,3,Room in Capulet's House.,A fortnight,DATE,Absolute or relative dates or periods,779,790
THE TRAGEDY OF ROMEO AND JULIET,1,3,Room in Capulet's House.,odd days,DATE,Absolute or relative dates or periods,795,803
THE TRAGEDY OF ROMEO AND JULIET,1,3,Room in Capulet's House.,NURSE,GPE,"Countries, cities, states",805,810
THE TRAGEDY OF ROMEO AND JULIET,1,3,Room in Capulet's House.,all days,DATE,Absolute or relative dates or periods,828,836
THE TRAGEDY OF ROMEO AND JULIET,1,3,Room in Capulet's House.,the year,DATE,Absolute or relative dates or periods,840,848
THE TRAGEDY OF ROMEO AND JULIET,1,3,Room in Capulet's House.,Come Lammas Eve,PERSON,"People, including fictional",850,865
THE TRAGEDY OF ROMEO AND JULIET,1,3,Room in Capulet's House.,night,TIME,Times smaller than a day,869,874
THE TRAGEDY OF ROMEO AND JULIET,1,3,Room in Capulet's House.,fourteen,DATE,Absolute or relative dates or periods,888,896
THE TRAGEDY OF ROMEO AND JULIET,1,3,Room in Capulet's House.,Susan,PERSON,"People, including fictional",898,903
THE TRAGEDY OF ROMEO AND JULIET,1,3,Room in Capulet's House.,Christian,NORP,Nationalities or religious or political groups,926,935
THE TRAGEDY OF ROMEO AND JULIET,1,3,Room in Capulet's House.,Susan,PERSON,"People, including fictional",966,971
THE TRAGEDY OF ROMEO AND JULIET,1,3,Room in Capulet's House.,Lammas Eve,PERSON,"People, including fictional",1028,1038
THE TRAGEDY OF ROMEO AND JULIET,1,3,Room in Capulet's House.,night,TIME,Times smaller than a day,1042,1047
THE TRAGEDY OF ROMEO AND JULIET,1,3,Room in Capulet's House.,fourteen,DATE,Absolute or relative dates or periods,1061,1069
THE TRAGEDY OF ROMEO AND JULIET,1,3,Room in Capulet's House.,eleven years,DATE,Absolute or relative dates or periods,1144,1156
THE TRAGEDY OF ROMEO AND JULIET,1,3,Room in Capulet's House.,the days of the year,DATE,Absolute or relative dates or periods,1211,1231
THE TRAGEDY OF ROMEO AND JULIET,1,3,Room in Capulet's House.,that day,DATE,Absolute or relative dates or periods,1238,1246
THE TRAGEDY OF ROMEO AND JULIET,1,3,Room in Capulet's House.,Mantua,GPE,"Countries, cities, states",1362,1368
THE TRAGEDY OF ROMEO AND JULIET,1,3,Room in Capulet's House.,eleven years,DATE,Absolute or relative dates or periods,1637,1649
THE TRAGEDY OF ROMEO AND JULIET,1,3,Room in Capulet's House.,the day,DATE,Absolute or relative dates or periods,1750,1757
THE TRAGEDY OF ROMEO AND JULIET,1,3,Room in Capulet's House.,Wilt,PERSON,"People, including fictional",1963,1967
THE TRAGEDY OF ROMEO AND JULIET,1,3,Room in Capulet's House.,Jule,PERSON,"People, including fictional",1978,1982
THE TRAGEDY OF ROMEO AND JULIET,1,3,Room in Capulet's House.,a thousand years,DATE,Absolute or relative dates or periods,2121,2137
THE TRAGEDY OF ROMEO AND JULIET,1,3,Room in Capulet's House.,Wilt,PERSON,"People, including fictional",2166,2170
THE TRAGEDY OF ROMEO AND JULIET,1,3,Room in Capulet's House.,Jule,PERSON,"People, including fictional",2181,2185
THE TRAGEDY OF ROMEO AND JULIET,1,3,Room in Capulet's House.,NURSE,GPE,"Countries, cities, states",2301,2306
THE TRAGEDY OF ROMEO AND JULIET,1,3,Room in Capulet's House.,Yea,PERSON,"People, including fictional",2521,2524
THE TRAGEDY OF ROMEO AND JULIET,1,3,Room in Capulet's House.,fall'st,PERSON,"People, including fictional",2546,2553
THE TRAGEDY OF ROMEO AND JULIET,1,3,Room in Capulet's House.,Wilt,PERSON,"People, including fictional",2618,2622
THE TRAGEDY OF ROMEO AND JULIET,1,3,Room in Capulet's House.,Jule,PERSON,"People, including fictional",2633,2637
THE TRAGEDY OF ROMEO AND JULIET,1,3,Room in Capulet's House.,Nurse,PERSON,"People, including fictional",2708,2713
THE TRAGEDY OF ROMEO AND JULIET,1,3,Room in Capulet's House.,I. NURSE,ORG,"Companies, agencies, institutions, etc.",2719,2727
THE TRAGEDY OF ROMEO AND JULIET,1,3,Room in Capulet's House.,nurs'd,FAC,"Buildings, airports, highways, bridges, etc.",2817,2823
THE TRAGEDY OF ROMEO AND JULIET,1,3,Room in Capulet's House.,Juliet,PERSON,"People, including fictional",2971,2977
THE TRAGEDY OF ROMEO AND JULIET,1,3,Room in Capulet's House.,NURSE,GPE,"Countries, cities, states",3067,3072
THE TRAGEDY OF ROMEO AND JULIET,1,3,Room in Capulet's House.,CAPULET,ORG,"Companies, agencies, institutions, etc.",3171,3178
THE TRAGEDY OF ROMEO AND JULIET,1,3,Room in Capulet's House.,Verona,GPE,"Countries, cities, states",3235,3241
THE TRAGEDY OF ROMEO AND JULIET,1,3,Room in Capulet's House.,Paris,GPE,"Countries, cities, states",3398,3403
THE TRAGEDY OF ROMEO AND JULIET,1,3,Room in Capulet's House.,NURSE,GPE,"Countries, cities, states",3428,3433
THE TRAGEDY OF ROMEO AND JULIET,1,3,Room in Capulet's House.,Lady,PERSON,"People, including fictional",3454,3458
THE TRAGEDY OF ROMEO AND JULIET,1,3,Room in Capulet's House.,CAPULET,ORG,"Companies, agencies, institutions, etc.",3516,3523
THE TRAGEDY OF ROMEO AND JULIET,1,3,Room in Capulet's House.,Verona,PERSON,"People, including fictional",3525,3531
THE TRAGEDY OF ROMEO AND JULIET,1,3,Room in Capulet's House.,summer,DATE,Absolute or relative dates or periods,3534,3540
THE TRAGEDY OF ROMEO AND JULIET,1,3,Room in Capulet's House.,NURSE,GPE,"Countries, cities, states",3565,3570
THE TRAGEDY OF ROMEO AND JULIET,1,3,Room in Capulet's House.,This night,TIME,Times smaller than a day,3672,3682
THE TRAGEDY OF ROMEO AND JULIET,1,3,Room in Capulet's House.,Paris,GPE,"Countries, cities, states",3748,3753
THE TRAGEDY OF ROMEO AND JULIET,1,3,Room in Capulet's House.,NURSE,GPE,"Countries, cities, states",4318,4323
THE TRAGEDY OF ROMEO AND JULIET,1,3,Room in Capulet's House.,CAPULET,ORG,"Companies, agencies, institutions, etc.",4370,4377
THE TRAGEDY OF ROMEO AND JULIET,1,3,Room in Capulet's House.,Paris,GPE,"Countries, cities, states",4410,4415
THE TRAGEDY OF ROMEO AND JULIET,1,3,Room in Capulet's House.,CAPULET,ORG,"Companies, agencies, institutions, etc.",4791,4798
THE TRAGEDY OF ROMEO AND JULIET,1,3,Room in Capulet's House.,Exit Servant,PERSON,"People, including fictional",4816,4828
THE TRAGEDY OF ROMEO AND JULIET,1,3,Room in Capulet's House.,Juliet,PERSON,"People, including fictional",4830,4836
THE TRAGEDY OF ROMEO AND JULIET,1,3,Room in Capulet's House.,the County,GPE,"Countries, cities, states",4838,4848
THE TRAGEDY OF ROMEO AND JULIET,1,3,Room in Capulet's House.,NURSE,GPE,"Countries, cities, states",4856,4861
THE TRAGEDY OF ROMEO AND JULIET,1,4,A Street.,Mercutio,PERSON,"People, including fictional",13,21
THE TRAGEDY OF ROMEO AND JULIET,1,4,A Street.,Benvolio,PERSON,"People, including fictional",23,31
THE TRAGEDY OF ROMEO AND JULIET,1,4,A Street.,five,CARDINAL,Numerals that do not fall under another type,38,42
THE TRAGEDY OF ROMEO AND JULIET,1,4,A Street.,Torch,ORG,"Companies, agencies, institutions, etc.",59,64
THE TRAGEDY OF ROMEO AND JULIET,1,4,A Street.,BENVOLIO,PERSON,"People, including fictional",173,181
THE TRAGEDY OF ROMEO AND JULIET,1,4,A Street.,Cupid,ORG,"Companies, agencies, institutions, etc.",232,237
THE TRAGEDY OF ROMEO AND JULIET,1,4,A Street.,Bearing a Tartar's,ORG,"Companies, agencies, institutions, etc.",263,281
THE TRAGEDY OF ROMEO AND JULIET,1,4,A Street.,Romeo,ORG,"Companies, agencies, institutions, etc.",622,627
THE TRAGEDY OF ROMEO AND JULIET,1,4,A Street.,Cupid,ORG,"Companies, agencies, institutions, etc.",820,825
THE TRAGEDY OF ROMEO AND JULIET,1,4,A Street.,Prick,PERSON,"People, including fictional",1297,1302
THE TRAGEDY OF ROMEO AND JULIET,1,4,A Street.,BENVOLIO,PERSON,"People, including fictional",1521,1529
THE TRAGEDY OF ROMEO AND JULIET,1,4,A Street.,Tut,PERSON,"People, including fictional",1841,1844
THE TRAGEDY OF ROMEO AND JULIET,1,4,A Street.,dun,PERSON,"People, including fictional",1846,1849
THE TRAGEDY OF ROMEO AND JULIET,1,4,A Street.,Five,CARDINAL,Numerals that do not fall under another type,2184,2188
THE TRAGEDY OF ROMEO AND JULIET,1,4,A Street.,five,CARDINAL,Numerals that do not fall under another type,2219,2223
THE TRAGEDY OF ROMEO AND JULIET,1,4,A Street.,tonight,TIME,Times smaller than a day,2352,2359
THE TRAGEDY OF ROMEO AND JULIET,1,4,A Street.,I. ROMEO,PERSON,"People, including fictional",2382,2390
THE TRAGEDY OF ROMEO AND JULIET,1,4,A Street.,Queen Mab,PERSON,"People, including fictional",2528,2537
THE TRAGEDY OF ROMEO AND JULIET,1,4,A Street.,Time,ORG,"Companies, agencies, institutions, etc.",3165,3169
THE TRAGEDY OF ROMEO AND JULIET,1,4,A Street.,night,TIME,Times smaller than a day,3247,3252
THE TRAGEDY OF ROMEO AND JULIET,1,4,A Street.,O'er,PERSON,"People, including fictional",3306,3310
THE TRAGEDY OF ROMEO AND JULIET,1,4,A Street.,O'er,PERSON,"People, including fictional",3362,3366
THE TRAGEDY OF ROMEO AND JULIET,1,4,A Street.,O'er,PERSON,"People, including fictional",3413,3417
THE TRAGEDY OF ROMEO AND JULIET,1,4,A Street.,Mab,PERSON,"People, including fictional",3482,3485
THE TRAGEDY OF ROMEO AND JULIET,1,4,A Street.,ambuscados,GPE,"Countries, cities, states",3879,3889
THE TRAGEDY OF ROMEO AND JULIET,1,4,A Street.,Spanish,NORP,Nationalities or religious or political groups,3891,3898
THE TRAGEDY OF ROMEO AND JULIET,1,4,A Street.,five,CARDINAL,Numerals that do not fall under another type,3918,3922
THE TRAGEDY OF ROMEO AND JULIET,1,4,A Street.,two,CARDINAL,Numerals that do not fall under another type,4043,4046
THE TRAGEDY OF ROMEO AND JULIET,1,4,A Street.,Mab,PERSON,"People, including fictional",4084,4087
THE TRAGEDY OF ROMEO AND JULIET,1,4,A Street.,sluttish,NORP,Nationalities or religious or political groups,4165,4173
THE TRAGEDY OF ROMEO AND JULIET,1,4,A Street.,first,ORDINAL,"""first"", ""second"", etc.",4310,4315
THE TRAGEDY OF ROMEO AND JULIET,1,4,A Street.,Mercutio,PERSON,"People, including fictional",4396,4404
THE TRAGEDY OF ROMEO AND JULIET,1,4,A Street.,this night,TIME,Times smaller than a day,4995,5005
THE TRAGEDY OF ROMEO AND JULIET,1,4,A Street.,BENVOLIO,PERSON,"People, including fictional",5196,5204
THE TRAGEDY OF ROMEO AND JULIET,1,5,A Hall in Capulet's House.,FIRST,ORDINAL,"""first"", ""second"", etc.",35,40
THE TRAGEDY OF ROMEO AND JULIET,1,5,A Hall in Capulet's House.,Potpan,PERSON,"People, including fictional",58,64
THE TRAGEDY OF ROMEO AND JULIET,1,5,A Hall in Capulet's House.,one,CARDINAL,Numerals that do not fall under another type,192,195
THE TRAGEDY OF ROMEO AND JULIET,1,5,A Hall in Capulet's House.,two,CARDINAL,Numerals that do not fall under another type,199,202
THE TRAGEDY OF ROMEO AND JULIET,1,5,A Hall in Capulet's House.,FIRST,ORDINAL,"""first"", ""second"", etc.",258,263
THE TRAGEDY OF ROMEO AND JULIET,1,5,A Hall in Capulet's House.,marchpane,PERSON,"People, including fictional",376,385
THE TRAGEDY OF ROMEO AND JULIET,1,5,A Hall in Capulet's House.,Susan Grindstone,PERSON,"People, including fictional",431,447
THE TRAGEDY OF ROMEO AND JULIET,1,5,A Hall in Capulet's House.,Nell,PERSON,"People, including fictional",452,456
THE TRAGEDY OF ROMEO AND JULIET,1,5,A Hall in Capulet's House.,Antony,PERSON,"People, including fictional",458,464
THE TRAGEDY OF ROMEO AND JULIET,1,5,A Hall in Capulet's House.,Potpan,PERSON,"People, including fictional",469,475
THE TRAGEDY OF ROMEO AND JULIET,1,5,A Hall in Capulet's House.,FIRST,ORDINAL,"""first"", ""second"", etc.",509,514
THE TRAGEDY OF ROMEO AND JULIET,1,5,A Hall in Capulet's House.,Maskers,PRODUCT,"Objects, vehicles, foods, etc. (not services)",786,793
THE TRAGEDY OF ROMEO AND JULIET,1,5,A Hall in Capulet's House.,CAPULET,ORG,"Companies, agencies, institutions, etc.",795,802
THE TRAGEDY OF ROMEO AND JULIET,1,5,A Hall in Capulet's House.,the day,DATE,Absolute or relative dates or periods,1064,1071
THE TRAGEDY OF ROMEO AND JULIET,1,5,A Hall in Capulet's House.,Capulet,PERSON,"People, including fictional",1508,1515
THE TRAGEDY OF ROMEO AND JULIET,1,5,A Hall in Capulet's House.,CAPULET,ORG,"Companies, agencies, institutions, etc.",1618,1625
THE TRAGEDY OF ROMEO AND JULIET,1,5,A Hall in Capulet's House.,COUSIN,DATE,Absolute or relative dates or periods,1628,1634
THE TRAGEDY OF ROMEO AND JULIET,1,5,A Hall in Capulet's House.,By'r Lady,PERSON,"People, including fictional",1636,1645
THE TRAGEDY OF ROMEO AND JULIET,1,5,A Hall in Capulet's House.,thirty years,DATE,Absolute or relative dates or periods,1647,1659
THE TRAGEDY OF ROMEO AND JULIET,1,5,A Hall in Capulet's House.,CAPULET,ORG,"Companies, agencies, institutions, etc.",1661,1668
THE TRAGEDY OF ROMEO AND JULIET,1,5,A Hall in Capulet's House.,Some five and twenty years,DATE,Absolute or relative dates or periods,1791,1817
THE TRAGEDY OF ROMEO AND JULIET,1,5,A Hall in Capulet's House.,CAPULET,ORG,"Companies, agencies, institutions, etc.",1839,1846
THE TRAGEDY OF ROMEO AND JULIET,1,5,A Hall in Capulet's House.,COUSIN,DATE,Absolute or relative dates or periods,1849,1855
THE TRAGEDY OF ROMEO AND JULIET,1,5,A Hall in Capulet's House.,CAPULET,ORG,"Companies, agencies, institutions, etc.",1921,1928
THE TRAGEDY OF ROMEO AND JULIET,1,5,A Hall in Capulet's House.,two years ago,DATE,Absolute or relative dates or periods,1976,1989
THE TRAGEDY OF ROMEO AND JULIET,1,5,A Hall in Capulet's House.,Ethiop,PERSON,"People, including fictional",2206,2212
THE TRAGEDY OF ROMEO AND JULIET,1,5,A Hall in Capulet's House.,o'er,PERSON,"People, including fictional",2322,2326
THE TRAGEDY OF ROMEO AND JULIET,1,5,A Hall in Capulet's House.,Forswear,PERSON,"People, including fictional",2469,2477
THE TRAGEDY OF ROMEO AND JULIET,1,5,A Hall in Capulet's House.,this night,TIME,Times smaller than a day,2522,2532
THE TRAGEDY OF ROMEO AND JULIET,1,5,A Hall in Capulet's House.,Montague,GPE,"Countries, cities, states",2573,2581
THE TRAGEDY OF ROMEO AND JULIET,1,5,A Hall in Capulet's House.,CAPULET,ORG,"Companies, agencies, institutions, etc.",2787,2794
THE TRAGEDY OF ROMEO AND JULIET,1,5,A Hall in Capulet's House.,Uncle,PERSON,"People, including fictional",2850,2855
THE TRAGEDY OF ROMEO AND JULIET,1,5,A Hall in Capulet's House.,Montague,GPE,"Countries, cities, states",2867,2875
THE TRAGEDY OF ROMEO AND JULIET,1,5,A Hall in Capulet's House.,this night,TIME,Times smaller than a day,2952,2962
THE TRAGEDY OF ROMEO AND JULIET,1,5,A Hall in Capulet's House.,CAPULET,ORG,"Companies, agencies, institutions, etc.",2964,2971
THE TRAGEDY OF ROMEO AND JULIET,1,5,A Hall in Capulet's House.,Young Romeo,PERSON,"People, including fictional",2973,2984
THE TRAGEDY OF ROMEO AND JULIET,1,5,A Hall in Capulet's House.,Romeo,ORG,"Companies, agencies, institutions, etc.",3023,3028
THE TRAGEDY OF ROMEO AND JULIET,1,5,A Hall in Capulet's House.,CAPULET,ORG,"Companies, agencies, institutions, etc.",3030,3037
THE TRAGEDY OF ROMEO AND JULIET,1,5,A Hall in Capulet's House.,Verona,PERSON,"People, including fictional",3136,3142
THE TRAGEDY OF ROMEO AND JULIET,1,5,A Hall in Capulet's House.,CAPULET,ORG,"Companies, agencies, institutions, etc.",3521,3528
THE TRAGEDY OF ROMEO AND JULIET,1,5,A Hall in Capulet's House.,goodman,PERSON,"People, including fictional",3557,3564
THE TRAGEDY OF ROMEO AND JULIET,1,5,A Hall in Capulet's House.,CAPULET,ORG,"Companies, agencies, institutions, etc.",3794,3801
THE TRAGEDY OF ROMEO AND JULIET,1,5,A Hall in Capulet's House.,Marry,PERSON,"People, including fictional",3927,3932
THE TRAGEDY OF ROMEO AND JULIET,1,5,A Hall in Capulet's House.,light!—For,PERSON,"People, including fictional",4020,4030
THE TRAGEDY OF ROMEO AND JULIET,1,5,A Hall in Capulet's House.,Juliet,PERSON,"People, including fictional",4292,4298
THE TRAGEDY OF ROMEO AND JULIET,1,5,A Hall in Capulet's House.,two,CARDINAL,Numerals that do not fall under another type,4389,4392
THE TRAGEDY OF ROMEO AND JULIET,1,5,A Hall in Capulet's House.,JULIET,PERSON,"People, including fictional",4471,4477
THE TRAGEDY OF ROMEO AND JULIET,1,5,A Hall in Capulet's House.,pilgrim,ORG,"Companies, agencies, institutions, etc.",4721,4728
THE TRAGEDY OF ROMEO AND JULIET,1,5,A Hall in Capulet's House.,JULIET,PERSON,"People, including fictional",5044,5050
THE TRAGEDY OF ROMEO AND JULIET,1,5,A Hall in Capulet's House.,NURSE,GPE,"Countries, cities, states",5202,5207
THE TRAGEDY OF ROMEO AND JULIET,1,5,A Hall in Capulet's House.,NURSE,GPE,"Countries, cities, states",5279,5284
THE TRAGEDY OF ROMEO AND JULIET,1,5,A Hall in Capulet's House.,nurs'd,FAC,"Buildings, airports, highways, bridges, etc.",5384,5390
THE TRAGEDY OF ROMEO AND JULIET,1,5,A Hall in Capulet's House.,Capulet,PERSON,"People, including fictional",5507,5514
THE TRAGEDY OF ROMEO AND JULIET,1,5,A Hall in Capulet's House.,CAPULET,ORG,"Companies, agencies, institutions, etc.",5654,5661
THE TRAGEDY OF ROMEO AND JULIET,1,5,A Hall in Capulet's House.,my fay,PERSON,"People, including fictional",5894,5900
THE TRAGEDY OF ROMEO AND JULIET,1,5,A Hall in Capulet's House.,Juliet,PERSON,"People, including fictional",5949,5955
THE TRAGEDY OF ROMEO AND JULIET,1,5,A Hall in Capulet's House.,Nurse,PERSON,"People, including fictional",5988,5993
THE TRAGEDY OF ROMEO AND JULIET,1,5,A Hall in Capulet's House.,NURSE,GPE,"Countries, cities, states",6019,6024
THE TRAGEDY OF ROMEO AND JULIET,1,5,A Hall in Capulet's House.,Tiberio,GPE,"Countries, cities, states",6050,6057
THE TRAGEDY OF ROMEO AND JULIET,1,5,A Hall in Capulet's House.,NURSE,GPE,"Countries, cities, states",6108,6113
THE TRAGEDY OF ROMEO AND JULIET,1,5,A Hall in Capulet's House.,Petruchio,PERSON,"People, including fictional",6144,6153
THE TRAGEDY OF ROMEO AND JULIET,1,5,A Hall in Capulet's House.,NURSE,GPE,"Countries, cities, states",6214,6219
THE TRAGEDY OF ROMEO AND JULIET,1,5,A Hall in Capulet's House.,NURSE,GPE,"Countries, cities, states",6315,6320
THE TRAGEDY OF ROMEO AND JULIET,1,5,A Hall in Capulet's House.,Romeo,ORG,"Companies, agencies, institutions, etc.",6334,6339
THE TRAGEDY OF ROMEO AND JULIET,1,5,A Hall in Capulet's House.,Montague,GPE,"Countries, cities, states",6347,6355
THE TRAGEDY OF ROMEO AND JULIET,1,5,A Hall in Capulet's House.,NURSE,GPE,"Countries, cities, states",6554,6559
THE TRAGEDY OF ROMEO AND JULIET,1,5,A Hall in Capulet's House.,one,CARDINAL,Numerals that do not fall under another type,6625,6628
THE TRAGEDY OF ROMEO AND JULIET,1,5,A Hall in Capulet's House.,Juliet,PERSON,"People, including fictional",6665,6671
THE TRAGEDY OF ROMEO AND JULIET,1,5,A Hall in Capulet's House.,NURSE,GPE,"Countries, cities, states",6674,6679
THE TRAGEDY OF ROMEO AND JULIET,2,1,An open place adjoining Capulet's Garden.,Benvolio,PERSON,"People, including fictional",159,167
THE TRAGEDY OF ROMEO AND JULIET,2,1,An open place adjoining Capulet's Garden.,Mercutio,PERSON,"People, including fictional",172,180
THE TRAGEDY OF ROMEO AND JULIET,2,1,An open place adjoining Capulet's Garden.,Romeo,PERSON,"People, including fictional",209,214
THE TRAGEDY OF ROMEO AND JULIET,2,1,An open place adjoining Capulet's Garden.,MERCUTIO,PERSON,"People, including fictional",223,231
THE TRAGEDY OF ROMEO AND JULIET,2,1,An open place adjoining Capulet's Garden.,Mercutio,PERSON,"People, including fictional",357,365
THE TRAGEDY OF ROMEO AND JULIET,2,1,An open place adjoining Capulet's Garden.,Madman,PERSON,"People, including fictional",416,422
THE TRAGEDY OF ROMEO AND JULIET,2,1,An open place adjoining Capulet's Garden.,one,CARDINAL,Numerals that do not fall under another type,489,492
THE TRAGEDY OF ROMEO AND JULIET,2,1,An open place adjoining Capulet's Garden.,Love,WORK_OF_ART,"Titles of books, songs, etc.",551,555
THE TRAGEDY OF ROMEO AND JULIET,2,1,An open place adjoining Capulet's Garden.,Venus,PRODUCT,"Objects, vehicles, foods, etc. (not services)",585,590
THE TRAGEDY OF ROMEO AND JULIET,2,1,An open place adjoining Capulet's Garden.,One,CARDINAL,Numerals that do not fall under another type,606,609
THE TRAGEDY OF ROMEO AND JULIET,2,1,An open place adjoining Capulet's Garden.,Young Abraham Cupid,PERSON,"People, including fictional",650,669
THE TRAGEDY OF ROMEO AND JULIET,2,1,An open place adjoining Capulet's Garden.,Rosaline,PERSON,"People, including fictional",841,849
THE TRAGEDY OF ROMEO AND JULIET,2,1,An open place adjoining Capulet's Garden.,BENVOLIO,PERSON,"People, including fictional",1042,1050
THE TRAGEDY OF ROMEO AND JULIET,2,1,An open place adjoining Capulet's Garden.,BENVOLIO,PERSON,"People, including fictional",1398,1406
THE TRAGEDY OF ROMEO AND JULIET,2,1,An open place adjoining Capulet's Garden.,Romeo,PERSON,"People, including fictional",1798,1803
THE TRAGEDY OF ROMEO AND JULIET,2,2,Capulet's Garden.,Juliet,PERSON,"People, including fictional",63,69
THE TRAGEDY OF ROMEO AND JULIET,2,2,Capulet's Garden.,Juliet,PERSON,"People, including fictional",168,174
THE TRAGEDY OF ROMEO AND JULIET,2,2,Capulet's Garden.,Two,CARDINAL,Numerals that do not fall under another type,627,630
THE TRAGEDY OF ROMEO AND JULIET,2,2,Capulet's Garden.,this night,TIME,Times smaller than a day,1203,1213
THE TRAGEDY OF ROMEO AND JULIET,2,2,Capulet's Garden.,Romeo,ORG,"Companies, agencies, institutions, etc.",1446,1451
THE TRAGEDY OF ROMEO AND JULIET,2,2,Capulet's Garden.,Romeo,PERSON,"People, including fictional",1472,1477
THE TRAGEDY OF ROMEO AND JULIET,2,2,Capulet's Garden.,Montague,GPE,"Countries, cities, states",1726,1734
THE TRAGEDY OF ROMEO AND JULIET,2,2,Capulet's Garden.,Montague,PERSON,"People, including fictional",1743,1751
THE TRAGEDY OF ROMEO AND JULIET,2,2,Capulet's Garden.,Romeo,ORG,"Companies, agencies, institutions, etc.",1945,1950
THE TRAGEDY OF ROMEO AND JULIET,2,2,Capulet's Garden.,Romeo,PERSON,"People, including fictional",1970,1975
THE TRAGEDY OF ROMEO AND JULIET,2,2,Capulet's Garden.,Romeo,ORG,"Companies, agencies, institutions, etc.",2046,2051
THE TRAGEDY OF ROMEO AND JULIET,2,2,Capulet's Garden.,Romeo,ORG,"Companies, agencies, institutions, etc.",2232,2237
THE TRAGEDY OF ROMEO AND JULIET,2,2,Capulet's Garden.,bescreen'd,ORG,"Companies, agencies, institutions, etc.",2276,2286
THE TRAGEDY OF ROMEO AND JULIET,2,2,Capulet's Garden.,night,TIME,Times smaller than a day,2290,2295
THE TRAGEDY OF ROMEO AND JULIET,2,2,Capulet's Garden.,JULIET,PERSON,"People, including fictional",2495,2501
THE TRAGEDY OF ROMEO AND JULIET,2,2,Capulet's Garden.,hundred,CARDINAL,Numerals that do not fall under another type,2532,2539
THE TRAGEDY OF ROMEO AND JULIET,2,2,Capulet's Garden.,Romeo,ORG,"Companies, agencies, institutions, etc.",2608,2613
THE TRAGEDY OF ROMEO AND JULIET,2,2,Capulet's Garden.,Montague,GPE,"Countries, cities, states",2621,2629
THE TRAGEDY OF ROMEO AND JULIET,2,2,Capulet's Garden.,JULIET,PERSON,"People, including fictional",2682,2688
THE TRAGEDY OF ROMEO AND JULIET,2,2,Capulet's Garden.,JULIET,PERSON,"People, including fictional",3055,3061
THE TRAGEDY OF ROMEO AND JULIET,2,2,Capulet's Garden.,night,TIME,Times smaller than a day,3311,3316
THE TRAGEDY OF ROMEO AND JULIET,2,2,Capulet's Garden.,JULIET,PERSON,"People, including fictional",3481,3487
THE TRAGEDY OF ROMEO AND JULIET,2,2,Capulet's Garden.,first,ORDINAL,"""first"", ""second"", etc.",3559,3564
THE TRAGEDY OF ROMEO AND JULIET,2,2,Capulet's Garden.,tonight,TIME,Times smaller than a day,3895,3902
THE TRAGEDY OF ROMEO AND JULIET,2,2,Capulet's Garden.,Fain,PERSON,"People, including fictional",3904,3908
THE TRAGEDY OF ROMEO AND JULIET,2,2,Capulet's Garden.,Dost,PERSON,"People, including fictional",3992,3996
THE TRAGEDY OF ROMEO AND JULIET,2,2,Capulet's Garden.,Jove,PERSON,"People, including fictional",4140,4144
THE TRAGEDY OF ROMEO AND JULIET,2,2,Capulet's Garden.,Montague,PERSON,"People, including fictional",4363,4371
THE TRAGEDY OF ROMEO AND JULIET,2,2,Capulet's Garden.,overheard'st,GPE,"Countries, cities, states",4596,4608
THE TRAGEDY OF ROMEO AND JULIET,2,2,Capulet's Garden.,monthly,DATE,Absolute or relative dates or periods,4906,4913
THE TRAGEDY OF ROMEO AND JULIET,2,2,Capulet's Garden.,Lest,PERSON,"People, including fictional",4942,4946
THE TRAGEDY OF ROMEO AND JULIET,2,2,Capulet's Garden.,tonight,TIME,Times smaller than a day,5262,5269
THE TRAGEDY OF ROMEO AND JULIET,2,2,Capulet's Garden.,Sweet,PERSON,"People, including fictional",5392,5397
THE TRAGEDY OF ROMEO AND JULIET,2,2,Capulet's Garden.,summer,DATE,Absolute or relative dates or periods,5432,5438
THE TRAGEDY OF ROMEO AND JULIET,2,2,Capulet's Garden.,May,DATE,Absolute or relative dates or periods,5458,5461
THE TRAGEDY OF ROMEO AND JULIET,2,2,Capulet's Garden.,tonight,TIME,Times smaller than a day,5685,5692
THE TRAGEDY OF ROMEO AND JULIET,2,2,Capulet's Garden.,JULIET,PERSON,"People, including fictional",5750,5756
THE TRAGEDY OF ROMEO AND JULIET,2,2,Capulet's Garden.,Nurse!—Sweet Montague,PERSON,"People, including fictional",6186,6207
THE TRAGEDY OF ROMEO AND JULIET,2,2,Capulet's Garden.,night,TIME,Times smaller than a day,6287,6292
THE TRAGEDY OF ROMEO AND JULIET,2,2,Capulet's Garden.,night,TIME,Times smaller than a day,6316,6321
THE TRAGEDY OF ROMEO AND JULIET,2,2,Capulet's Garden.,Three,CARDINAL,Numerals that do not fall under another type,6416,6421
THE TRAGEDY OF ROMEO AND JULIET,2,2,Capulet's Garden.,Romeo,PERSON,"People, including fictional",6434,6439
THE TRAGEDY OF ROMEO AND JULIET,2,2,Capulet's Garden.,tomorrow,DATE,Absolute or relative dates or periods,6539,6547
THE TRAGEDY OF ROMEO AND JULIET,2,2,Capulet's Garden.,NURSE,GPE,"Countries, cities, states",6726,6731
THE TRAGEDY OF ROMEO AND JULIET,2,2,Capulet's Garden.,JULIET,PERSON,"People, including fictional",6748,6754
THE TRAGEDY OF ROMEO AND JULIET,2,2,Capulet's Garden.,NURSE,GPE,"Countries, cities, states",6821,6826
THE TRAGEDY OF ROMEO AND JULIET,2,2,Capulet's Garden.,JULIET,PERSON,"People, including fictional",6843,6849
THE TRAGEDY OF ROMEO AND JULIET,2,2,Capulet's Garden.,Tomorrow,DATE,Absolute or relative dates or periods,6915,6923
THE TRAGEDY OF ROMEO AND JULIET,2,2,Capulet's Garden.,thousand,CARDINAL,Numerals that do not fall under another type,7016,7024
THE TRAGEDY OF ROMEO AND JULIET,2,2,Capulet's Garden.,Love,WORK_OF_ART,"Titles of books, songs, etc.",7061,7065
THE TRAGEDY OF ROMEO AND JULIET,2,2,Capulet's Garden.,Juliet,PERSON,"People, including fictional",7194,7200
THE TRAGEDY OF ROMEO AND JULIET,2,2,Capulet's Garden.,Romeo,PERSON,"People, including fictional",7223,7228
THE TRAGEDY OF ROMEO AND JULIET,2,2,Capulet's Garden.,Echo,LOC,"Non-GPE locations, mountain ranges, bodies of water",7376,7380
THE TRAGEDY OF ROMEO AND JULIET,2,2,Capulet's Garden.,Romeo,ORG,"Companies, agencies, institutions, etc.",7456,7461
THE TRAGEDY OF ROMEO AND JULIET,2,2,Capulet's Garden.,tomorrow,DATE,Absolute or relative dates or periods,7655,7663
THE TRAGEDY OF ROMEO AND JULIET,2,2,Capulet's Garden.,the hour,TIME,Times smaller than a day,7696,7704
THE TRAGEDY OF ROMEO AND JULIET,2,2,Capulet's Garden.,twenty years,DATE,Absolute or relative dates or periods,7744,7756
THE TRAGEDY OF ROMEO AND JULIET,2,2,Capulet's Garden.,JULIET,PERSON,"People, including fictional",7856,7862
THE TRAGEDY OF ROMEO AND JULIET,2,2,Capulet's Garden.,JULIET,PERSON,"People, including fictional",8039,8045
THE TRAGEDY OF ROMEO AND JULIET,2,2,Capulet's Garden.,almost morning,TIME,Times smaller than a day,8052,8066
THE TRAGEDY OF ROMEO AND JULIET,2,2,Capulet's Garden.,Sweet,PERSON,"People, including fictional",8336,8341
THE TRAGEDY OF ROMEO AND JULIET,2,2,Capulet's Garden.,night,TIME,Times smaller than a day,8475,8480
THE TRAGEDY OF ROMEO AND JULIET,2,2,Capulet's Garden.,morrow,DATE,Absolute or relative dates or periods,8492,8498
THE TRAGEDY OF ROMEO AND JULIET,2,3,Friar Lawrence's Cell.,Lawrence,PERSON,"People, including fictional",12,20
THE TRAGEDY OF ROMEO AND JULIET,2,3,Friar Lawrence's Cell.,the frowning night,TIME,Times smaller than a day,81,99
THE TRAGEDY OF ROMEO AND JULIET,2,3,Friar Lawrence's Cell.,day,DATE,Absolute or relative dates or periods,209,212
THE TRAGEDY OF ROMEO AND JULIET,2,3,Friar Lawrence's Cell.,Titan,ORG,"Companies, agencies, institutions, etc.",232,237
THE TRAGEDY OF ROMEO AND JULIET,2,3,Friar Lawrence's Cell.,The day,DATE,Absolute or relative dates or periods,295,302
THE TRAGEDY OF ROMEO AND JULIET,2,3,Friar Lawrence's Cell.,night,TIME,Times smaller than a day,317,322
THE TRAGEDY OF ROMEO AND JULIET,2,3,Friar Lawrence's Cell.,Poison,ORG,"Companies, agencies, institutions, etc.",1099,1105
THE TRAGEDY OF ROMEO AND JULIET,2,3,Friar Lawrence's Cell.,Two,CARDINAL,Numerals that do not fall under another type,1245,1248
THE TRAGEDY OF ROMEO AND JULIET,2,3,Friar Lawrence's Cell.,"herbs,—grace",ORG,"Companies, agencies, institutions, etc.",1304,1316
THE TRAGEDY OF ROMEO AND JULIET,2,3,Friar Lawrence's Cell.,morrow,DATE,Absolute or relative dates or periods,1428,1434
THE TRAGEDY OF ROMEO AND JULIET,2,3,Friar Lawrence's Cell.,LAWRENCE,PERSON,"People, including fictional",1450,1458
THE TRAGEDY OF ROMEO AND JULIET,2,3,Friar Lawrence's Cell.,Benedicite,PERSON,"People, including fictional",1460,1470
THE TRAGEDY OF ROMEO AND JULIET,2,3,Friar Lawrence's Cell.,saluteth,PERSON,"People, including fictional",1499,1507
THE TRAGEDY OF ROMEO AND JULIET,2,3,Friar Lawrence's Cell.,morrow,DATE,Absolute or relative dates or periods,1572,1578
THE TRAGEDY OF ROMEO AND JULIET,2,3,Friar Lawrence's Cell.,unstuff'd,CARDINAL,Numerals that do not fall under another type,1711,1720
THE TRAGEDY OF ROMEO AND JULIET,2,3,Friar Lawrence's Cell.,Romeo,ORG,"Companies, agencies, institutions, etc.",1907,1912
THE TRAGEDY OF ROMEO AND JULIET,2,3,Friar Lawrence's Cell.,tonight,TIME,Times smaller than a day,1934,1941
THE TRAGEDY OF ROMEO AND JULIET,2,3,Friar Lawrence's Cell.,Rosaline,PERSON,"People, including fictional",2043,2051
THE TRAGEDY OF ROMEO AND JULIET,2,3,Friar Lawrence's Cell.,Rosaline,PERSON,"People, including fictional",2065,2073
THE TRAGEDY OF ROMEO AND JULIET,2,3,Friar Lawrence's Cell.,one,CARDINAL,Numerals that do not fall under another type,2315,2318
THE TRAGEDY OF ROMEO AND JULIET,2,3,Friar Lawrence's Cell.,Capulet,PERSON,"People, including fictional",2682,2689
THE TRAGEDY OF ROMEO AND JULIET,2,3,Friar Lawrence's Cell.,combin'd,ORG,"Companies, agencies, institutions, etc.",2740,2748
THE TRAGEDY OF ROMEO AND JULIET,2,3,Friar Lawrence's Cell.,today,DATE,Absolute or relative dates or periods,2939,2944
THE TRAGEDY OF ROMEO AND JULIET,2,3,Friar Lawrence's Cell.,Rosaline,PERSON,"People, including fictional",3008,3016
THE TRAGEDY OF ROMEO AND JULIET,2,3,Friar Lawrence's Cell.,Jesu Maria,PERSON,"People, including fictional",3139,3149
THE TRAGEDY OF ROMEO AND JULIET,2,3,Friar Lawrence's Cell.,Rosaline,PERSON,"People, including fictional",3206,3214
THE TRAGEDY OF ROMEO AND JULIET,2,3,Friar Lawrence's Cell.,Lo,PERSON,"People, including fictional",3393,3395
THE TRAGEDY OF ROMEO AND JULIET,2,3,Friar Lawrence's Cell.,Rosaline,PERSON,"People, including fictional",3559,3567
THE TRAGEDY OF ROMEO AND JULIET,2,3,Friar Lawrence's Cell.,Thou chidd'st,PERSON,"People, including fictional",3677,3690
THE TRAGEDY OF ROMEO AND JULIET,2,3,Friar Lawrence's Cell.,Rosaline,PERSON,"People, including fictional",3709,3717
THE TRAGEDY OF ROMEO AND JULIET,2,3,Friar Lawrence's Cell.,bad'st,PERSON,"People, including fictional",3786,3792
THE TRAGEDY OF ROMEO AND JULIET,2,3,Friar Lawrence's Cell.,one,CARDINAL,Numerals that do not fall under another type,4116,4119
THE TRAGEDY OF ROMEO AND JULIET,2,4,A Street.,Mercutio,PERSON,"People, including fictional",19,27
THE TRAGEDY OF ROMEO AND JULIET,2,4,A Street.,Romeo,PRODUCT,"Objects, vehicles, foods, etc. (not services)",67,72
THE TRAGEDY OF ROMEO AND JULIET,2,4,A Street.,tonight,TIME,Times smaller than a day,94,101
THE TRAGEDY OF ROMEO AND JULIET,2,4,A Street.,Rosaline,PERSON,"People, including fictional",211,219
THE TRAGEDY OF ROMEO AND JULIET,2,4,A Street.,BENVOLIO,PERSON,"People, including fictional",264,272
THE TRAGEDY OF ROMEO AND JULIET,2,4,A Street.,Capulet,PERSON,"People, including fictional",301,308
THE TRAGEDY OF ROMEO AND JULIET,2,4,A Street.,Romeo,ORG,"Companies, agencies, institutions, etc.",397,402
THE TRAGEDY OF ROMEO AND JULIET,2,4,A Street.,BENVOLIO,PERSON,"People, including fictional",473,481
THE TRAGEDY OF ROMEO AND JULIET,2,4,A Street.,Romeo,ORG,"Companies, agencies, institutions, etc.",571,576
THE TRAGEDY OF ROMEO AND JULIET,2,4,A Street.,one,CARDINAL,Numerals that do not fall under another type,993,996
THE TRAGEDY OF ROMEO AND JULIET,2,4,A Street.,two,CARDINAL,Numerals that do not fall under another type,998,1001
THE TRAGEDY OF ROMEO AND JULIET,2,4,A Street.,third,ORDINAL,"""first"", ""second"", etc.",1011,1016
THE TRAGEDY OF ROMEO AND JULIET,2,4,A Street.,first,ORDINAL,"""first"", ""second"", etc.",1115,1120
THE TRAGEDY OF ROMEO AND JULIET,2,4,A Street.,first,ORDINAL,"""first"", ""second"", etc.",1135,1140
THE TRAGEDY OF ROMEO AND JULIET,2,4,A Street.,second,ORDINAL,"""first"", ""second"", etc.",1145,1151
THE TRAGEDY OF ROMEO AND JULIET,2,4,A Street.,Romeo,PERSON,"People, including fictional",1680,1685
THE TRAGEDY OF ROMEO AND JULIET,2,4,A Street.,Romeo,PERSON,"People, including fictional",1698,1703
THE TRAGEDY OF ROMEO AND JULIET,2,4,A Street.,Petrarch,PERSON,"People, including fictional",1825,1833
THE TRAGEDY OF ROMEO AND JULIET,2,4,A Street.,Laura,PERSON,"People, including fictional",1845,1850
THE TRAGEDY OF ROMEO AND JULIET,2,4,A Street.,berhyme,PERSON,"People, including fictional",1922,1929
THE TRAGEDY OF ROMEO AND JULIET,2,4,A Street.,Dido,PERSON,"People, including fictional",1935,1939
THE TRAGEDY OF ROMEO AND JULIET,2,4,A Street.,Cleopatra,PERSON,"People, including fictional",1949,1958
THE TRAGEDY OF ROMEO AND JULIET,2,4,A Street.,Helen,PERSON,"People, including fictional",1968,1973
THE TRAGEDY OF ROMEO AND JULIET,2,4,A Street.,Hero hildings,PERSON,"People, including fictional",1978,1991
THE TRAGEDY OF ROMEO AND JULIET,2,4,A Street.,Romeo,PERSON,"People, including fictional",2062,2067
THE TRAGEDY OF ROMEO AND JULIET,2,4,A Street.,French,NORP,Nationalities or religious or political groups,2088,2094
THE TRAGEDY OF ROMEO AND JULIET,2,4,A Street.,French,NORP,Nationalities or religious or political groups,2114,2120
THE TRAGEDY OF ROMEO AND JULIET,2,4,A Street.,last night,TIME,Times smaller than a day,2162,2172
THE TRAGEDY OF ROMEO AND JULIET,2,4,A Street.,morrow,DATE,Absolute or relative dates or periods,2186,2192
THE TRAGEDY OF ROMEO AND JULIET,2,4,A Street.,Mercutio,PERSON,"People, including fictional",2315,2323
THE TRAGEDY OF ROMEO AND JULIET,2,4,A Street.,MERCUTIO,PERSON,"People, including fictional",2402,2410
THE TRAGEDY OF ROMEO AND JULIET,2,4,A Street.,Benvolio,PERSON,"People, including fictional",3002,3010
THE TRAGEDY OF ROMEO AND JULIET,2,4,A Street.,Swits,PERSON,"People, including fictional",3034,3039
THE TRAGEDY OF ROMEO AND JULIET,2,4,A Street.,one,CARDINAL,Numerals that do not fall under another type,3193,3196
THE TRAGEDY OF ROMEO AND JULIET,2,4,A Street.,Romeo,PERSON,"People, including fictional",3888,3893
THE TRAGEDY OF ROMEO AND JULIET,2,4,A Street.,Peter,PERSON,"People, including fictional",4387,4392
THE TRAGEDY OF ROMEO AND JULIET,2,4,A Street.,Two,CARDINAL,Numerals that do not fall under another type,4447,4450
THE TRAGEDY OF ROMEO AND JULIET,2,4,A Street.,two,CARDINAL,Numerals that do not fall under another type,4452,4455
THE TRAGEDY OF ROMEO AND JULIET,2,4,A Street.,NURSE,GPE,"Countries, cities, states",4478,4483
THE TRAGEDY OF ROMEO AND JULIET,2,4,A Street.,Peter,PERSON,"People, including fictional",4485,4490
THE TRAGEDY OF ROMEO AND JULIET,2,4,A Street.,PETER,PERSON,"People, including fictional",4492,4497
THE TRAGEDY OF ROMEO AND JULIET,2,4,A Street.,NURSE,GPE,"Countries, cities, states",4505,4510
THE TRAGEDY OF ROMEO AND JULIET,2,4,A Street.,Peter,PERSON,"People, including fictional",4520,4525
THE TRAGEDY OF ROMEO AND JULIET,2,4,A Street.,Peter,PERSON,"People, including fictional",4542,4547
THE TRAGEDY OF ROMEO AND JULIET,2,4,A Street.,NURSE,GPE,"Countries, cities, states",4598,4603
THE TRAGEDY OF ROMEO AND JULIET,2,4,A Street.,morrow,DATE,Absolute or relative dates or periods,4617,4623
THE TRAGEDY OF ROMEO AND JULIET,2,4,A Street.,NURSE,GPE,"Countries, cities, states",4681,4686
THE TRAGEDY OF ROMEO AND JULIET,2,4,A Street.,noon,TIME,Times smaller than a day,4795,4799
THE TRAGEDY OF ROMEO AND JULIET,2,4,A Street.,NURSE,GPE,"Countries, cities, states",4801,4806
THE TRAGEDY OF ROMEO AND JULIET,2,4,A Street.,One,CARDINAL,Numerals that do not fall under another type,4849,4852
THE TRAGEDY OF ROMEO AND JULIET,2,4,A Street.,mar. NURSE,DATE,Absolute or relative dates or periods,4901,4911
THE TRAGEDY OF ROMEO AND JULIET,2,4,A Street.,mar,PERSON,"People, including fictional",4958,4961
THE TRAGEDY OF ROMEO AND JULIET,2,4,A Street.,Romeo,ORG,"Companies, agencies, institutions, etc.",5033,5038
THE TRAGEDY OF ROMEO AND JULIET,2,4,A Street.,Romeo,ORG,"Companies, agencies, institutions, etc.",5073,5078
THE TRAGEDY OF ROMEO AND JULIET,2,4,A Street.,NURSE,GPE,"Countries, cities, states",5204,5209
THE TRAGEDY OF ROMEO AND JULIET,2,4,A Street.,i'faith,GPE,"Countries, cities, states",5275,5282
THE TRAGEDY OF ROMEO AND JULIET,2,4,A Street.,NURSE,GPE,"Countries, cities, states",5300,5305
THE TRAGEDY OF ROMEO AND JULIET,2,4,A Street.,BENVOLIO,PERSON,"People, including fictional",5361,5369
THE TRAGEDY OF ROMEO AND JULIET,2,4,A Street.,Lent,EVENT,"Named hurricanes, battles, wars, sports events, etc.",5656,5660
THE TRAGEDY OF ROMEO AND JULIET,2,4,A Street.,Romeo,ORG,"Companies, agencies, institutions, etc.",5741,5746
THE TRAGEDY OF ROMEO AND JULIET,2,4,A Street.,Mercutio,PERSON,"People, including fictional",5900,5908
THE TRAGEDY OF ROMEO AND JULIET,2,4,A Street.,Benvolio,PERSON,"People, including fictional",5913,5921
THE TRAGEDY OF ROMEO AND JULIET,2,4,A Street.,NURSE,GPE,"Countries, cities, states",5923,5928
THE TRAGEDY OF ROMEO AND JULIET,2,4,A Street.,Nurse,PERSON,"People, including fictional",6028,6033
THE TRAGEDY OF ROMEO AND JULIET,2,4,A Street.,a month,DATE,Absolute or relative dates or periods,6125,6132
THE TRAGEDY OF ROMEO AND JULIET,2,4,A Street.,NURSE,GPE,"Countries, cities, states",6134,6139
THE TRAGEDY OF ROMEO AND JULIET,2,4,A Street.,twenty,CARDINAL,Numerals that do not fall under another type,6229,6235
THE TRAGEDY OF ROMEO AND JULIET,2,4,A Street.,Jacks,PERSON,"People, including fictional",6241,6246
THE TRAGEDY OF ROMEO AND JULIET,2,4,A Street.,PETER,PERSON,"People, including fictional",6445,6450
THE TRAGEDY OF ROMEO AND JULIET,2,4,A Street.,NURSE,GPE,"Countries, cities, states",6652,6657
THE TRAGEDY OF ROMEO AND JULIET,2,4,A Street.,first,ORDINAL,"""first"", ""second"", etc.",6866,6871
THE TRAGEDY OF ROMEO AND JULIET,2,4,A Street.,NURSE,GPE,"Countries, cities, states",7236,7241
THE TRAGEDY OF ROMEO AND JULIET,2,4,A Street.,i'faith,PERSON,"People, including fictional",7259,7266
THE TRAGEDY OF ROMEO AND JULIET,2,4,A Street.,Lord,PERSON,"People, including fictional",7298,7302
THE TRAGEDY OF ROMEO AND JULIET,2,4,A Street.,Nurse,PERSON,"People, including fictional",7364,7369
THE TRAGEDY OF ROMEO AND JULIET,2,4,A Street.,NURSE,GPE,"Countries, cities, states",7394,7399
THE TRAGEDY OF ROMEO AND JULIET,2,4,A Street.,this afternoon,TIME,Times smaller than a day,7542,7556
THE TRAGEDY OF ROMEO AND JULIET,2,4,A Street.,Friar Lawrence',WORK_OF_ART,"Titles of books, songs, etc.",7581,7596
THE TRAGEDY OF ROMEO AND JULIET,2,4,A Street.,NURSE,GPE,"Countries, cities, states",7649,7654
THE TRAGEDY OF ROMEO AND JULIET,2,4,A Street.,NURSE,GPE,"Countries, cities, states",7715,7720
THE TRAGEDY OF ROMEO AND JULIET,2,4,A Street.,This afternoon,TIME,Times smaller than a day,7722,7736
THE TRAGEDY OF ROMEO AND JULIET,2,4,A Street.,Nurse,PERSON,"People, including fictional",7791,7796
THE TRAGEDY OF ROMEO AND JULIET,2,4,A Street.,this hour,TIME,Times smaller than a day,7828,7837
THE TRAGEDY OF ROMEO AND JULIET,2,4,A Street.,Farewell,PERSON,"People, including fictional",7991,7999
THE TRAGEDY OF ROMEO AND JULIET,2,4,A Street.,Farewell,PERSON,"People, including fictional",8037,8045
THE TRAGEDY OF ROMEO AND JULIET,2,4,A Street.,NURSE,GPE,"Countries, cities, states",8075,8080
THE TRAGEDY OF ROMEO AND JULIET,2,4,A Street.,Nurse,PERSON,"People, including fictional",8160,8165
THE TRAGEDY OF ROMEO AND JULIET,2,4,A Street.,NURSE,GPE,"Countries, cities, states",8167,8172
THE TRAGEDY OF ROMEO AND JULIET,2,4,A Street.,Two,CARDINAL,Numerals that do not fall under another type,8218,8221
THE TRAGEDY OF ROMEO AND JULIET,2,4,A Street.,NURSE,GPE,"Countries, cities, states",8307,8312
THE TRAGEDY OF ROMEO AND JULIET,2,4,A Street.,one,CARDINAL,Numerals that do not fall under another type,8438,8441
THE TRAGEDY OF ROMEO AND JULIET,2,4,A Street.,Paris,GPE,"Countries, cities, states",8442,8447
THE TRAGEDY OF ROMEO AND JULIET,2,4,A Street.,Paris,GPE,"Countries, cities, states",8593,8598
THE TRAGEDY OF ROMEO AND JULIET,2,4,A Street.,Romeo,ORG,"Companies, agencies, institutions, etc.",8731,8736
THE TRAGEDY OF ROMEO AND JULIET,2,4,A Street.,Nurse,PERSON,"People, including fictional",8774,8779
THE TRAGEDY OF ROMEO AND JULIET,2,4,A Street.,an R. NURSE,ORG,"Companies, agencies, institutions, etc.",8805,8816
THE TRAGEDY OF ROMEO AND JULIET,2,4,A Street.,NURSE,GPE,"Countries, cities, states",9047,9052
THE TRAGEDY OF ROMEO AND JULIET,2,4,A Street.,Peter,PERSON,"People, including fictional",9076,9081
THE TRAGEDY OF ROMEO AND JULIET,2,4,A Street.,Exit Romeo,PERSON,"People, including fictional",9083,9093
THE TRAGEDY OF ROMEO AND JULIET,2,4,A Street.,PETER,ORG,"Companies, agencies, institutions, etc.",9095,9100
THE TRAGEDY OF ROMEO AND JULIET,2,4,A Street.,NURSE,GPE,"Countries, cities, states",9108,9113
THE TRAGEDY OF ROMEO AND JULIET,2,5,Capulet's Garden.,nine,CARDINAL,Numerals that do not fall under another type,39,43
THE TRAGEDY OF ROMEO AND JULIET,2,5,Capulet's Garden.,half an hour,TIME,Times smaller than a day,74,86
THE TRAGEDY OF ROMEO AND JULIET,2,5,Capulet's Garden.,Love,WORK_OF_ART,"Titles of books, songs, etc.",173,177
THE TRAGEDY OF ROMEO AND JULIET,2,5,Capulet's Garden.,ten,CARDINAL,Numerals that do not fall under another type,214,217
THE TRAGEDY OF ROMEO AND JULIET,2,5,Capulet's Garden.,Cupid,ORG,"Companies, agencies, institutions, etc.",382,387
THE TRAGEDY OF ROMEO AND JULIET,2,5,Capulet's Garden.,the highmost hill,ORG,"Companies, agencies, institutions, etc.",415,432
THE TRAGEDY OF ROMEO AND JULIET,2,5,Capulet's Garden.,day,DATE,Absolute or relative dates or periods,441,444
THE TRAGEDY OF ROMEO AND JULIET,2,5,Capulet's Garden.,nine,CARDINAL,Numerals that do not fall under another type,465,469
THE TRAGEDY OF ROMEO AND JULIET,2,5,Capulet's Garden.,twelve,CARDINAL,Numerals that do not fall under another type,475,481
THE TRAGEDY OF ROMEO AND JULIET,2,5,Capulet's Garden.,three long hours,TIME,Times smaller than a day,485,501
THE TRAGEDY OF ROMEO AND JULIET,2,5,Capulet's Garden.,Unwieldy,GPE,"Countries, cities, states",710,718
THE TRAGEDY OF ROMEO AND JULIET,2,5,Capulet's Garden.,Peter,PERSON,"People, including fictional",766,771
THE TRAGEDY OF ROMEO AND JULIET,2,5,Capulet's Garden.,Hast,ORG,"Companies, agencies, institutions, etc.",817,821
THE TRAGEDY OF ROMEO AND JULIET,2,5,Capulet's Garden.,NURSE,GPE,"Countries, cities, states",860,865
THE TRAGEDY OF ROMEO AND JULIET,2,5,Capulet's Garden.,Peter,PERSON,"People, including fictional",867,872
THE TRAGEDY OF ROMEO AND JULIET,2,5,Capulet's Garden.,Exit Peter,PERSON,"People, including fictional",892,902
THE TRAGEDY OF ROMEO AND JULIET,2,5,Capulet's Garden.,sham'st,PERSON,"People, including fictional",1022,1029
THE TRAGEDY OF ROMEO AND JULIET,2,5,Capulet's Garden.,NURSE,GPE,"Countries, cities, states",1095,1100
THE TRAGEDY OF ROMEO AND JULIET,2,5,Capulet's Garden.,NURSE,GPE,"Countries, cities, states",1293,1298
THE TRAGEDY OF ROMEO AND JULIET,2,5,Capulet's Garden.,NURSE,GPE,"Countries, cities, states",1695,1700
THE TRAGEDY OF ROMEO AND JULIET,2,5,Capulet's Garden.,NURSE,GPE,"Countries, cities, states",2195,2200
THE TRAGEDY OF ROMEO AND JULIET,2,5,Capulet's Garden.,twenty,CARDINAL,Numerals that do not fall under another type,2276,2282
THE TRAGEDY OF ROMEO AND JULIET,2,5,Capulet's Garden.,Beshrew,PERSON,"People, including fictional",2336,2343
THE TRAGEDY OF ROMEO AND JULIET,2,5,Capulet's Garden.,JULIET,PERSON,"People, including fictional",2421,2427
THE TRAGEDY OF ROMEO AND JULIET,2,5,Capulet's Garden.,Sweet,PERSON,"People, including fictional",2473,2478
THE TRAGEDY OF ROMEO AND JULIET,2,5,Capulet's Garden.,Nurse,PERSON,"People, including fictional",2493,2498
THE TRAGEDY OF ROMEO AND JULIET,2,5,Capulet's Garden.,NURSE,GPE,"Countries, cities, states",2528,2533
THE TRAGEDY OF ROMEO AND JULIET,2,5,Capulet's Garden.,NURSE,GPE,"Countries, cities, states",2830,2835
THE TRAGEDY OF ROMEO AND JULIET,2,5,Capulet's Garden.,Romeo,PERSON,"People, including fictional",3022,3027
THE TRAGEDY OF ROMEO AND JULIET,2,5,Capulet's Garden.,NURSE,GPE,"Countries, cities, states",3029,3034
THE TRAGEDY OF ROMEO AND JULIET,2,5,Capulet's Garden.,today,DATE,Absolute or relative dates or periods,3071,3076
THE TRAGEDY OF ROMEO AND JULIET,2,5,Capulet's Garden.,NURSE,GPE,"Countries, cities, states",3094,3099
THE TRAGEDY OF ROMEO AND JULIET,2,5,Capulet's Garden.,Friar Lawrence',PERSON,"People, including fictional",3123,3138
THE TRAGEDY OF ROMEO AND JULIET,2,5,Capulet's Garden.,night,TIME,Times smaller than a day,3485,3490
THE TRAGEDY OF ROMEO AND JULIET,2,6,Friar Lawrence's Cell.,Lawrence,PERSON,"People, including fictional",12,20
THE TRAGEDY OF ROMEO AND JULIET,2,6,Friar Lawrence's Cell.,Romeo,PERSON,"People, including fictional",25,30
THE TRAGEDY OF ROMEO AND JULIET,2,6,Friar Lawrence's Cell.,That after-hours,TIME,Times smaller than a day,88,104
THE TRAGEDY OF ROMEO AND JULIET,2,6,Friar Lawrence's Cell.,Juliet,PERSON,"People, including fictional",1084,1090
THE TRAGEDY OF ROMEO AND JULIET,2,6,Friar Lawrence's Cell.,Brags,PERSON,"People, including fictional",1390,1395
THE TRAGEDY OF ROMEO AND JULIET,2,6,Friar Lawrence's Cell.,half,CARDINAL,Numerals that do not fall under another type,1545,1549
THE TRAGEDY OF ROMEO AND JULIET,2,6,Friar Lawrence's Cell.,two,CARDINAL,Numerals that do not fall under another type,1701,1704
THE TRAGEDY OF ROMEO AND JULIET,3,1,A public Place.,Mercutio,PERSON,"People, including fictional",73,81
THE TRAGEDY OF ROMEO AND JULIET,3,1,A public Place.,The day,DATE,Absolute or relative dates or periods,97,104
THE TRAGEDY OF ROMEO AND JULIET,3,1,A public Place.,second,ORDINAL,"""first"", ""second"", etc.",424,430
THE TRAGEDY OF ROMEO AND JULIET,3,1,A public Place.,Jack,PERSON,"People, including fictional",565,569
THE TRAGEDY OF ROMEO AND JULIET,3,1,A public Place.,Italy,GPE,"Countries, cities, states",592,597
THE TRAGEDY OF ROMEO AND JULIET,3,1,A public Place.,two,CARDINAL,Numerals that do not fall under another type,713,716
THE TRAGEDY OF ROMEO AND JULIET,3,1,A public Place.,Easter,EVENT,"Named hurricanes, battles, wars, sports events, etc.",1376,1382
THE TRAGEDY OF ROMEO AND JULIET,3,1,A public Place.,BENVOLIO,PERSON,"People, including fictional",1486,1494
THE TRAGEDY OF ROMEO AND JULIET,3,1,A public Place.,an hour,TIME,Times smaller than a day,1587,1594
THE TRAGEDY OF ROMEO AND JULIET,3,1,A public Place.,one,CARDINAL,Numerals that do not fall under another type,1836,1839
THE TRAGEDY OF ROMEO AND JULIET,3,1,A public Place.,one,CARDINAL,Numerals that do not fall under another type,1866,1869
THE TRAGEDY OF ROMEO AND JULIET,3,1,A public Place.,one,CARDINAL,Numerals that do not fall under another type,1880,1883
THE TRAGEDY OF ROMEO AND JULIET,3,1,A public Place.,Mercutio,PERSON,"People, including fictional",2093,2101
THE TRAGEDY OF ROMEO AND JULIET,3,1,A public Place.,thou consortest,PERSON,"People, including fictional",2103,2118
THE TRAGEDY OF ROMEO AND JULIET,3,1,A public Place.,Romeo,ORG,"Companies, agencies, institutions, etc.",2124,2129
THE TRAGEDY OF ROMEO AND JULIET,3,1,A public Place.,Consort,PERSON,"People, including fictional",2141,2148
THE TRAGEDY OF ROMEO AND JULIET,3,1,A public Place.,BENVOLIO,PERSON,"People, including fictional",2325,2333
THE TRAGEDY OF ROMEO AND JULIET,3,1,A public Place.,I. Enter Romeo,ORG,"Companies, agencies, institutions, etc.",2596,2610
THE TRAGEDY OF ROMEO AND JULIET,3,1,A public Place.,Romeo,ORG,"Companies, agencies, institutions, etc.",2832,2837
THE TRAGEDY OF ROMEO AND JULIET,3,1,A public Place.,Doth,PERSON,"People, including fictional",2968,2972
THE TRAGEDY OF ROMEO AND JULIET,3,1,A public Place.,Villain,PERSON,"People, including fictional",3027,3034
THE TRAGEDY OF ROMEO AND JULIET,3,1,A public Place.,Capulet,PERSON,"People, including fictional",3332,3339
THE TRAGEDY OF ROMEO AND JULIET,3,1,A public Place.,Alla stoccata,PERSON,"People, including fictional",3455,3468
THE TRAGEDY OF ROMEO AND JULIET,3,1,A public Place.,one,CARDINAL,Numerals that do not fall under another type,3607,3610
THE TRAGEDY OF ROMEO AND JULIET,3,1,A public Place.,nine,CARDINAL,Numerals that do not fall under another type,3619,3623
THE TRAGEDY OF ROMEO AND JULIET,3,1,A public Place.,eight,CARDINAL,Numerals that do not fall under another type,3725,3730
THE TRAGEDY OF ROMEO AND JULIET,3,1,A public Place.,Mercutio,PERSON,"People, including fictional",3891,3899
THE TRAGEDY OF ROMEO AND JULIET,3,1,A public Place.,Benvolio,PERSON,"People, including fictional",3980,3988
THE TRAGEDY OF ROMEO AND JULIET,3,1,A public Place.,Mercutio,PERSON,"People, including fictional",4067,4075
THE TRAGEDY OF ROMEO AND JULIET,3,1,A public Place.,Verona,GPE,"Countries, cities, states",4127,4133
THE TRAGEDY OF ROMEO AND JULIET,3,1,A public Place.,Good Mercutio,PERSON,"People, including fictional",4157,4170
THE TRAGEDY OF ROMEO AND JULIET,3,1,A public Place.,Exeunt Tybalt,WORK_OF_ART,"Titles of books, songs, etc.",4172,4185
THE TRAGEDY OF ROMEO AND JULIET,3,1,A public Place.,Partizans,NORP,Nationalities or religious or political groups,4195,4204
THE TRAGEDY OF ROMEO AND JULIET,3,1,A public Place.,BENVOLIO,PERSON,"People, including fictional",4298,4306
THE TRAGEDY OF ROMEO AND JULIET,3,1,A public Place.,Exit Page,ORG,"Companies, agencies, institutions, etc.",4436,4445
THE TRAGEDY OF ROMEO AND JULIET,3,1,A public Place.,tomorrow,DATE,Absolute or relative dates or periods,4607,4615
THE TRAGEDY OF ROMEO AND JULIET,3,1,A public Place.,braggart,PERSON,"People, including fictional",4791,4799
THE TRAGEDY OF ROMEO AND JULIET,3,1,A public Place.,Benvolio,PERSON,"People, including fictional",4992,5000
THE TRAGEDY OF ROMEO AND JULIET,3,1,A public Place.,Benvolio,PERSON,"People, including fictional",5145,5153
THE TRAGEDY OF ROMEO AND JULIET,3,1,A public Place.,Tybalt,PERSON,"People, including fictional",5284,5290
THE TRAGEDY OF ROMEO AND JULIET,3,1,A public Place.,Juliet,PERSON,"People, including fictional",5352,5358
THE TRAGEDY OF ROMEO AND JULIET,3,1,A public Place.,Benvolio,PERSON,"People, including fictional",5446,5454
THE TRAGEDY OF ROMEO AND JULIET,3,1,A public Place.,Romeo,ORG,"Companies, agencies, institutions, etc.",5475,5480
THE TRAGEDY OF ROMEO AND JULIET,3,1,A public Place.,Mercutio,PERSON,"People, including fictional",5488,5496
THE TRAGEDY OF ROMEO AND JULIET,3,1,A public Place.,day,DATE,Absolute or relative dates or periods,5607,5610
THE TRAGEDY OF ROMEO AND JULIET,3,1,A public Place.,mo days,DATE,Absolute or relative dates or periods,5627,5634
THE TRAGEDY OF ROMEO AND JULIET,3,1,A public Place.,Mercutio,PERSON,"People, including fictional",5787,5795
THE TRAGEDY OF ROMEO AND JULIET,3,1,A public Place.,gav'st,NORP,Nationalities or religious or political groups,5933,5939
THE TRAGEDY OF ROMEO AND JULIET,3,1,A public Place.,Mercutio,PERSON,"People, including fictional",5948,5956
THE TRAGEDY OF ROMEO AND JULIET,3,1,A public Place.,Romeo,ORG,"Companies, agencies, institutions, etc.",6233,6238
THE TRAGEDY OF ROMEO AND JULIET,3,1,A public Place.,Tybalt,PERSON,"People, including fictional",6280,6286
THE TRAGEDY OF ROMEO AND JULIET,3,1,A public Place.,BENVOLIO,PERSON,"People, including fictional",6416,6424
THE TRAGEDY OF ROMEO AND JULIET,3,1,A public Place.,Exit Romeo,ORG,"Companies, agencies, institutions, etc.",6446,6456
THE TRAGEDY OF ROMEO AND JULIET,3,1,A public Place.,Enter Citizens,ORG,"Companies, agencies, institutions, etc.",6458,6472
THE TRAGEDY OF ROMEO AND JULIET,3,1,A public Place.,FIRST,ORDINAL,"""first"", ""second"", etc.",6474,6479
THE TRAGEDY OF ROMEO AND JULIET,3,1,A public Place.,Mercutio,PERSON,"People, including fictional",6518,6526
THE TRAGEDY OF ROMEO AND JULIET,3,1,A public Place.,BENVOLIO,PERSON,"People, including fictional",6569,6577
THE TRAGEDY OF ROMEO AND JULIET,3,1,A public Place.,FIRST,ORDINAL,"""first"", ""second"", etc.",6603,6608
THE TRAGEDY OF ROMEO AND JULIET,3,1,A public Place.,Montague,GPE,"Countries, cities, states",6704,6712
THE TRAGEDY OF ROMEO AND JULIET,3,1,A public Place.,Capulet,PERSON,"People, including fictional",6714,6721
THE TRAGEDY OF ROMEO AND JULIET,3,1,A public Place.,Wives,WORK_OF_ART,"Titles of books, songs, etc.",6729,6734
THE TRAGEDY OF ROMEO AND JULIET,3,1,A public Place.,Romeo,PERSON,"People, including fictional",6918,6923
THE TRAGEDY OF ROMEO AND JULIET,3,1,A public Place.,thy kinsman,PERSON,"People, including fictional",6935,6946
THE TRAGEDY OF ROMEO AND JULIET,3,1,A public Place.,Mercutio,PERSON,"People, including fictional",6954,6962
THE TRAGEDY OF ROMEO AND JULIET,3,1,A public Place.,Prince,PERSON,"People, including fictional",7084,7090
THE TRAGEDY OF ROMEO AND JULIET,3,1,A public Place.,Montague,GPE,"Countries, cities, states",7142,7150
THE TRAGEDY OF ROMEO AND JULIET,3,1,A public Place.,Benvolio,PERSON,"People, including fictional",7178,7186
THE TRAGEDY OF ROMEO AND JULIET,3,1,A public Place.,BENVOLIO,PERSON,"People, including fictional",7216,7224
THE TRAGEDY OF ROMEO AND JULIET,3,1,A public Place.,Romeo,PERSON,"People, including fictional",7251,7256
THE TRAGEDY OF ROMEO AND JULIET,3,1,A public Place.,Romeo,ORG,"Companies, agencies, institutions, etc.",7274,7279
THE TRAGEDY OF ROMEO AND JULIET,3,1,A public Place.,Mercutio,PERSON,"People, including fictional",7567,7575
THE TRAGEDY OF ROMEO AND JULIET,3,1,A public Place.,one,CARDINAL,Numerals that do not fall under another type,7664,7667
THE TRAGEDY OF ROMEO AND JULIET,3,1,A public Place.,Retorts,PERSON,"People, including fictional",7757,7764
THE TRAGEDY OF ROMEO AND JULIET,3,1,A public Place.,Mercutio,PERSON,"People, including fictional",7994,8002
THE TRAGEDY OF ROMEO AND JULIET,3,1,A public Place.,Romeo,ORG,"Companies, agencies, institutions, etc.",8054,8059
THE TRAGEDY OF ROMEO AND JULIET,3,1,A public Place.,Tybalt,PERSON,"People, including fictional",8178,8184
THE TRAGEDY OF ROMEO AND JULIET,3,1,A public Place.,Romeo,ORG,"Companies, agencies, institutions, etc.",8211,8216
THE TRAGEDY OF ROMEO AND JULIET,3,1,A public Place.,Benvolio,PERSON,"People, including fictional",8257,8265
THE TRAGEDY OF ROMEO AND JULIET,3,1,A public Place.,Montague,GPE,"Countries, cities, states",8308,8316
THE TRAGEDY OF ROMEO AND JULIET,3,1,A public Place.,Some twenty,CARDINAL,Numerals that do not fall under another type,8365,8376
THE TRAGEDY OF ROMEO AND JULIET,3,1,A public Place.,one,CARDINAL,Numerals that do not fall under another type,8450,8453
THE TRAGEDY OF ROMEO AND JULIET,3,1,A public Place.,Prince,PERSON,"People, including fictional",8491,8497
THE TRAGEDY OF ROMEO AND JULIET,3,1,A public Place.,Romeo,PERSON,"People, including fictional",8510,8515
THE TRAGEDY OF ROMEO AND JULIET,3,1,A public Place.,Mercutio,PERSON,"People, including fictional",8582,8590
THE TRAGEDY OF ROMEO AND JULIET,3,1,A public Place.,doth,PERSON,"People, including fictional",8628,8632
THE TRAGEDY OF ROMEO AND JULIET,3,1,A public Place.,MONTAGUE,DATE,Absolute or relative dates or periods,8638,8646
THE TRAGEDY OF ROMEO AND JULIET,3,1,A public Place.,Romeo,PERSON,"People, including fictional",8652,8657
THE TRAGEDY OF ROMEO AND JULIET,3,1,A public Place.,Mercutio,PERSON,"People, including fictional",8674,8682
THE TRAGEDY OF ROMEO AND JULIET,3,1,A public Place.,Romeo,ORG,"Companies, agencies, institutions, etc.",9122,9127
THE TRAGEDY OF ROMEO AND JULIET,3,1,A public Place.,that hour,TIME,Times smaller than a day,9168,9177
THE TRAGEDY OF ROMEO AND JULIET,3,2,A Room in Capulet's House.,Gallop,PERSON,"People, including fictional",22,28
THE TRAGEDY OF ROMEO AND JULIET,3,2,A Room in Capulet's House.,Phoebus,ORG,"Companies, agencies, institutions, etc.",69,76
THE TRAGEDY OF ROMEO AND JULIET,3,2,A Room in Capulet's House.,Phaeton,ORG,"Companies, agencies, institutions, etc.",106,113
THE TRAGEDY OF ROMEO AND JULIET,3,2,A Room in Capulet's House.,Romeo Leap,ORG,"Companies, agencies, institutions, etc.",263,273
THE TRAGEDY OF ROMEO AND JULIET,3,2,A Room in Capulet's House.,night,TIME,Times smaller than a day,419,424
THE TRAGEDY OF ROMEO AND JULIET,3,2,A Room in Capulet's House.,Hood,PERSON,"People, including fictional",571,575
THE TRAGEDY OF ROMEO AND JULIET,3,2,A Room in Capulet's House.,Romeo,PERSON,"People, including fictional",725,730
THE TRAGEDY OF ROMEO AND JULIET,3,2,A Room in Capulet's House.,night,TIME,Times smaller than a day,750,755
THE TRAGEDY OF ROMEO AND JULIET,3,2,A Room in Capulet's House.,Whiter,PERSON,"People, including fictional",799,805
THE TRAGEDY OF ROMEO AND JULIET,3,2,A Room in Capulet's House.,Romeo,PERSON,"People, including fictional",903,908
THE TRAGEDY OF ROMEO AND JULIET,3,2,A Room in Capulet's House.,this day,DATE,Absolute or relative dates or periods,1218,1226
THE TRAGEDY OF ROMEO AND JULIET,3,2,A Room in Capulet's House.,the night,TIME,Times smaller than a day,1233,1242
THE TRAGEDY OF ROMEO AND JULIET,3,2,A Room in Capulet's House.,Romeo,ORG,"Companies, agencies, institutions, etc.",1407,1412
THE TRAGEDY OF ROMEO AND JULIET,3,2,A Room in Capulet's House.,Nurse,PERSON,"People, including fictional",1477,1482
THE TRAGEDY OF ROMEO AND JULIET,3,2,A Room in Capulet's House.,Romeo,ORG,"Companies, agencies, institutions, etc.",1532,1537
THE TRAGEDY OF ROMEO AND JULIET,3,2,A Room in Capulet's House.,NURSE,GPE,"Countries, cities, states",1554,1559
THE TRAGEDY OF ROMEO AND JULIET,3,2,A Room in Capulet's House.,NURSE,GPE,"Countries, cities, states",1655,1660
THE TRAGEDY OF ROMEO AND JULIET,3,2,A Room in Capulet's House.,the day,DATE,Absolute or relative dates or periods,1753,1760
THE TRAGEDY OF ROMEO AND JULIET,3,2,A Room in Capulet's House.,JULIET,PERSON,"People, including fictional",1797,1803
THE TRAGEDY OF ROMEO AND JULIET,3,2,A Room in Capulet's House.,NURSE,GPE,"Countries, cities, states",1831,1836
THE TRAGEDY OF ROMEO AND JULIET,3,2,A Room in Capulet's House.,Romeo,ORG,"Companies, agencies, institutions, etc.",1838,1843
THE TRAGEDY OF ROMEO AND JULIET,3,2,A Room in Capulet's House.,Romeo,ORG,"Companies, agencies, institutions, etc.",1880,1885
THE TRAGEDY OF ROMEO AND JULIET,3,2,A Room in Capulet's House.,Romeo,PERSON,"People, including fictional",2033,2038
THE TRAGEDY OF ROMEO AND JULIET,3,2,A Room in Capulet's House.,NURSE,GPE,"Countries, cities, states",2313,2318
THE TRAGEDY OF ROMEO AND JULIET,3,2,A Room in Capulet's House.,Pale,ORG,"Companies, agencies, institutions, etc.",2448,2452
THE TRAGEDY OF ROMEO AND JULIET,3,2,A Room in Capulet's House.,Romeo,ORG,"Companies, agencies, institutions, etc.",2692,2697
THE TRAGEDY OF ROMEO AND JULIET,3,2,A Room in Capulet's House.,one,CARDINAL,Numerals that do not fall under another type,2704,2707
THE TRAGEDY OF ROMEO AND JULIET,3,2,A Room in Capulet's House.,NURSE,GPE,"Countries, cities, states",2720,2725
THE TRAGEDY OF ROMEO AND JULIET,3,2,A Room in Capulet's House.,"O Tybalt, Tybalt",ORG,"Companies, agencies, institutions, etc.",2727,2743
THE TRAGEDY OF ROMEO AND JULIET,3,2,A Room in Capulet's House.,JULIET,PERSON,"People, including fictional",2848,2854
THE TRAGEDY OF ROMEO AND JULIET,3,2,A Room in Capulet's House.,Romeo,ORG,"Companies, agencies, institutions, etc.",2902,2907
THE TRAGEDY OF ROMEO AND JULIET,3,2,A Room in Capulet's House.,two,CARDINAL,Numerals that do not fall under another type,3053,3056
THE TRAGEDY OF ROMEO AND JULIET,3,2,A Room in Capulet's House.,NURSE,GPE,"Countries, cities, states",3067,3072
THE TRAGEDY OF ROMEO AND JULIET,3,2,A Room in Capulet's House.,Romeo,ORG,"Companies, agencies, institutions, etc.",3094,3099
THE TRAGEDY OF ROMEO AND JULIET,3,2,A Room in Capulet's House.,Romeo,ORG,"Companies, agencies, institutions, etc.",3110,3115
THE TRAGEDY OF ROMEO AND JULIET,3,2,A Room in Capulet's House.,Romeo,ORG,"Companies, agencies, institutions, etc.",3168,3173
THE TRAGEDY OF ROMEO AND JULIET,3,2,A Room in Capulet's House.,Tybalt,ORG,"Companies, agencies, institutions, etc.",3186,3192
THE TRAGEDY OF ROMEO AND JULIET,3,2,A Room in Capulet's House.,NURSE,GPE,"Countries, cities, states",3202,3207
THE TRAGEDY OF ROMEO AND JULIET,3,2,A Room in Capulet's House.,the day,DATE,Absolute or relative dates or periods,3230,3237
THE TRAGEDY OF ROMEO AND JULIET,3,2,A Room in Capulet's House.,Dove,PERSON,"People, including fictional",3371,3375
THE TRAGEDY OF ROMEO AND JULIET,3,2,A Room in Capulet's House.,wolvish-ravening,TIME,Times smaller than a day,3393,3409
THE TRAGEDY OF ROMEO AND JULIET,3,2,A Room in Capulet's House.,seem'st,GPE,"Countries, cities, states",3487,3494
THE TRAGEDY OF ROMEO AND JULIET,3,2,A Room in Capulet's House.,NURSE,GPE,"Countries, cities, states",3773,3778
THE TRAGEDY OF ROMEO AND JULIET,3,2,A Room in Capulet's House.,Romeo,ORG,"Companies, agencies, institutions, etc.",3996,4001
THE TRAGEDY OF ROMEO AND JULIET,3,2,A Room in Capulet's House.,NURSE,GPE,"Countries, cities, states",4239,4244
THE TRAGEDY OF ROMEO AND JULIET,3,2,A Room in Capulet's House.,three-hours,TIME,Times smaller than a day,4415,4426
THE TRAGEDY OF ROMEO AND JULIET,3,2,A Room in Capulet's House.,Tybalt,PERSON,"People, including fictional",4851,4857
THE TRAGEDY OF ROMEO AND JULIET,3,2,A Room in Capulet's House.,Romeo,ORG,"Companies, agencies, institutions, etc.",5004,5009
THE TRAGEDY OF ROMEO AND JULIET,3,2,A Room in Capulet's House.,ten thousand,CARDINAL,Numerals that do not fall under another type,5074,5086
THE TRAGEDY OF ROMEO AND JULIET,3,2,A Room in Capulet's House.,Tybalt,PERSON,"People, including fictional",5266,5272
THE TRAGEDY OF ROMEO AND JULIET,3,2,A Room in Capulet's House.,Romeo,WORK_OF_ART,"Titles of books, songs, etc.",5411,5416
THE TRAGEDY OF ROMEO AND JULIET,3,2,A Room in Capulet's House.,Juliet,PERSON,"People, including fictional",5483,5489
THE TRAGEDY OF ROMEO AND JULIET,3,2,A Room in Capulet's House.,Romeo,ORG,"Companies, agencies, institutions, etc.",5512,5517
THE TRAGEDY OF ROMEO AND JULIET,3,2,A Room in Capulet's House.,Nurse,PERSON,"People, including fictional",5659,5664
THE TRAGEDY OF ROMEO AND JULIET,3,2,A Room in Capulet's House.,NURSE,GPE,"Countries, cities, states",5666,5671
THE TRAGEDY OF ROMEO AND JULIET,3,2,A Room in Capulet's House.,Tybalt,PERSON,"People, including fictional",5698,5704
THE TRAGEDY OF ROMEO AND JULIET,3,2,A Room in Capulet's House.,Romeo,ORG,"Companies, agencies, institutions, etc.",5848,5853
THE TRAGEDY OF ROMEO AND JULIET,3,2,A Room in Capulet's House.,Romeo,ORG,"Companies, agencies, institutions, etc.",5939,5944
THE TRAGEDY OF ROMEO AND JULIET,3,2,A Room in Capulet's House.,die maiden-widowed,PERSON,"People, including fictional",6008,6026
THE TRAGEDY OF ROMEO AND JULIET,3,2,A Room in Capulet's House.,Romeo,ORG,"Companies, agencies, institutions, etc.",6091,6096
THE TRAGEDY OF ROMEO AND JULIET,3,2,A Room in Capulet's House.,NURSE,GPE,"Countries, cities, states",6118,6123
THE TRAGEDY OF ROMEO AND JULIET,3,2,A Room in Capulet's House.,Romeo,ORG,"Companies, agencies, institutions, etc.",6156,6161
THE TRAGEDY OF ROMEO AND JULIET,3,2,A Room in Capulet's House.,Romeo,ORG,"Companies, agencies, institutions, etc.",6216,6221
THE TRAGEDY OF ROMEO AND JULIET,3,2,A Room in Capulet's House.,night,TIME,Times smaller than a day,6238,6243
THE TRAGEDY OF ROMEO AND JULIET,3,2,A Room in Capulet's House.,Lawrence,PERSON,"People, including fictional",6271,6279
THE TRAGEDY OF ROMEO AND JULIET,3,3,Friar Lawrence's cell.,Lawrence,PERSON,"People, including fictional",12,20
THE TRAGEDY OF ROMEO AND JULIET,3,3,Friar Lawrence's cell.,Romeo,ORG,"Companies, agencies, institutions, etc.",38,43
THE TRAGEDY OF ROMEO AND JULIET,3,3,Friar Lawrence's cell.,Verona,GPE,"Countries, cities, states",712,718
THE TRAGEDY OF ROMEO AND JULIET,3,3,Friar Lawrence's cell.,Verona,PERSON,"People, including fictional",816,822
THE TRAGEDY OF ROMEO AND JULIET,3,3,Friar Lawrence's cell.,Juliet,PERSON,"People, including fictional",1384,1390
THE TRAGEDY OF ROMEO AND JULIET,3,3,Friar Lawrence's cell.,Romeo,ORG,"Companies, agencies, institutions, etc.",1506,1511
THE TRAGEDY OF ROMEO AND JULIET,3,3,Friar Lawrence's cell.,Romeo,ORG,"Companies, agencies, institutions, etc.",1602,1607
THE TRAGEDY OF ROMEO AND JULIET,3,3,Friar Lawrence's cell.,Juliet,PERSON,"People, including fictional",1652,1658
THE TRAGEDY OF ROMEO AND JULIET,3,3,Friar Lawrence's cell.,Romeo,ORG,"Companies, agencies, institutions, etc.",1798,1803
THE TRAGEDY OF ROMEO AND JULIET,3,3,Friar Lawrence's cell.,Hadst,PERSON,"People, including fictional",1957,1962
THE TRAGEDY OF ROMEO AND JULIET,3,3,Friar Lawrence's cell.,Adversity,ORG,"Companies, agencies, institutions, etc.",2461,2470
THE TRAGEDY OF ROMEO AND JULIET,3,3,Friar Lawrence's cell.,Wert,PERSON,"People, including fictional",2931,2935
THE TRAGEDY OF ROMEO AND JULIET,3,3,Friar Lawrence's cell.,Juliet,PERSON,"People, including fictional",2956,2962
THE TRAGEDY OF ROMEO AND JULIET,3,3,Friar Lawrence's cell.,An hour,TIME,Times smaller than a day,2973,2980
THE TRAGEDY OF ROMEO AND JULIET,3,3,Friar Lawrence's cell.,one,CARDINAL,Numerals that do not fall under another type,3224,3227
THE TRAGEDY OF ROMEO AND JULIET,3,3,Friar Lawrence's cell.,Good Romeo,PERSON,"People, including fictional",3236,3246
THE TRAGEDY OF ROMEO AND JULIET,3,3,Friar Lawrence's cell.,knock!—Who,GPE,"Countries, cities, states",3400,3410
THE TRAGEDY OF ROMEO AND JULIET,3,3,Friar Lawrence's cell.,NURSE,GPE,"Countries, cities, states",3633,3638
THE TRAGEDY OF ROMEO AND JULIET,3,3,Friar Lawrence's cell.,Lady Juliet,PERSON,"People, including fictional",3706,3717
THE TRAGEDY OF ROMEO AND JULIET,3,3,Friar Lawrence's cell.,Enter Nurse,ORG,"Companies, agencies, institutions, etc.",3749,3760
THE TRAGEDY OF ROMEO AND JULIET,3,3,Friar Lawrence's cell.,NURSE,GPE,"Countries, cities, states",3762,3767
THE TRAGEDY OF ROMEO AND JULIET,3,3,Friar Lawrence's cell.,Friar,LANGUAGE,Any named language,3776,3781
THE TRAGEDY OF ROMEO AND JULIET,3,3,Friar Lawrence's cell.,Friar,LANGUAGE,Any named language,3800,3805
THE TRAGEDY OF ROMEO AND JULIET,3,3,Friar Lawrence's cell.,Romeo,ORG,"Companies, agencies, institutions, etc.",3840,3845
THE TRAGEDY OF ROMEO AND JULIET,3,3,Friar Lawrence's cell.,NURSE,GPE,"Countries, cities, states",3915,3920
THE TRAGEDY OF ROMEO AND JULIET,3,3,Friar Lawrence's cell.,Juliet,PERSON,"People, including fictional",4131,4137
THE TRAGEDY OF ROMEO AND JULIET,3,3,Friar Lawrence's cell.,NURSE,GPE,"Countries, cities, states",4229,4234
THE TRAGEDY OF ROMEO AND JULIET,3,3,Friar Lawrence's cell.,Spakest,ORG,"Companies, agencies, institutions, etc.",4283,4290
THE TRAGEDY OF ROMEO AND JULIET,3,3,Friar Lawrence's cell.,Juliet,PERSON,"People, including fictional",4299,4305
THE TRAGEDY OF ROMEO AND JULIET,3,3,Friar Lawrence's cell.,stain'd,ORDINAL,"""first"", ""second"", etc.",4377,4384
THE TRAGEDY OF ROMEO AND JULIET,3,3,Friar Lawrence's cell.,NURSE,GPE,"Countries, cities, states",4541,4546
THE TRAGEDY OF ROMEO AND JULIET,3,3,Friar Lawrence's cell.,Romeo,ORG,"Companies, agencies, institutions, etc.",4671,4676
THE TRAGEDY OF ROMEO AND JULIET,3,3,Friar Lawrence's cell.,Shot,PERSON,"People, including fictional",4735,4739
THE TRAGEDY OF ROMEO AND JULIET,3,3,Friar Lawrence's cell.,Friar,PERSON,"People, including fictional",4849,4854
THE TRAGEDY OF ROMEO AND JULIET,3,3,Friar Lawrence's cell.,Unseemly,PERSON,"People, including fictional",5149,5157
THE TRAGEDY OF ROMEO AND JULIET,3,3,Friar Lawrence's cell.,Hast,ORG,"Companies, agencies, institutions, etc.",5305,5309
THE TRAGEDY OF ROMEO AND JULIET,3,3,Friar Lawrence's cell.,Tybalt,PERSON,"People, including fictional",5321,5327
THE TRAGEDY OF ROMEO AND JULIET,3,3,Friar Lawrence's cell.,Wilt,PERSON,"People, including fictional",5329,5333
THE TRAGEDY OF ROMEO AND JULIET,3,3,Friar Lawrence's cell.,rail'st,NORP,Nationalities or religious or political groups,5435,5442
THE TRAGEDY OF ROMEO AND JULIET,3,3,Friar Lawrence's cell.,three,CARDINAL,Numerals that do not fall under another type,5523,5528
THE TRAGEDY OF ROMEO AND JULIET,3,3,Friar Lawrence's cell.,fie,ORG,"Companies, agencies, institutions, etc.",5592,5595
THE TRAGEDY OF ROMEO AND JULIET,3,3,Friar Lawrence's cell.,sham'st,PERSON,"People, including fictional",5602,5609
THE TRAGEDY OF ROMEO AND JULIET,3,3,Friar Lawrence's cell.,thy shape,PERSON,"People, including fictional",5610,5619
THE TRAGEDY OF ROMEO AND JULIET,3,3,Friar Lawrence's cell.,Digressing,PERSON,"People, including fictional",5807,5817
THE TRAGEDY OF ROMEO AND JULIET,3,3,Friar Lawrence's cell.,Misshapen,PERSON,"People, including fictional",5978,5987
THE TRAGEDY OF ROMEO AND JULIET,3,3,Friar Lawrence's cell.,Thy Juliet,PERSON,"People, including fictional",6165,6175
THE TRAGEDY OF ROMEO AND JULIET,3,3,Friar Lawrence's cell.,slew'st Tybalt,PERSON,"People, including fictional",6288,6302
THE TRAGEDY OF ROMEO AND JULIET,3,3,Friar Lawrence's cell.,Happiness,ORG,"Companies, agencies, institutions, etc.",6462,6471
THE TRAGEDY OF ROMEO AND JULIET,3,3,Friar Lawrence's cell.,Fortune,WORK_OF_ART,"Titles of books, songs, etc.",6562,6569
THE TRAGEDY OF ROMEO AND JULIET,3,3,Friar Lawrence's cell.,Ascend,ORG,"Companies, agencies, institutions, etc.",6671,6677
THE TRAGEDY OF ROMEO AND JULIET,3,3,Friar Lawrence's cell.,Mantua,GPE,"Countries, cities, states",6792,6798
THE TRAGEDY OF ROMEO AND JULIET,3,3,Friar Lawrence's cell.,Beg,PERSON,"People, including fictional",6894,6897
THE TRAGEDY OF ROMEO AND JULIET,3,3,Friar Lawrence's cell.,twenty hundred thousand,CARDINAL,Numerals that do not fall under another type,6944,6967
THE TRAGEDY OF ROMEO AND JULIET,3,3,Friar Lawrence's cell.,Romeo,ORG,"Companies, agencies, institutions, etc.",7146,7151
THE TRAGEDY OF ROMEO AND JULIET,3,3,Friar Lawrence's cell.,NURSE,GPE,"Countries, cities, states",7163,7168
THE TRAGEDY OF ROMEO AND JULIET,3,3,Friar Lawrence's cell.,NURSE,GPE,"Countries, cities, states",7351,7356
THE TRAGEDY OF ROMEO AND JULIET,3,3,Friar Lawrence's cell.,Hie,PERSON,"People, including fictional",7401,7404
THE TRAGEDY OF ROMEO AND JULIET,3,3,Friar Lawrence's cell.,Mantua,GPE,"Countries, cities, states",7665,7671
THE TRAGEDY OF ROMEO AND JULIET,3,3,Friar Lawrence's cell.,Farewell,PERSON,"People, including fictional",7920,7928
THE TRAGEDY OF ROMEO AND JULIET,3,4,A Room in Capulet's House.,Lady Capulet,PERSON,"People, including fictional",15,27
THE TRAGEDY OF ROMEO AND JULIET,3,4,A Room in Capulet's House.,Paris,GPE,"Countries, cities, states",32,37
THE TRAGEDY OF ROMEO AND JULIET,3,4,A Room in Capulet's House.,CAPULET,ORG,"Companies, agencies, institutions, etc.",39,46
THE TRAGEDY OF ROMEO AND JULIET,3,4,A Room in Capulet's House.,I. Well,PERSON,"People, including fictional",195,202
THE TRAGEDY OF ROMEO AND JULIET,3,4,A Room in Capulet's House.,tonight,TIME,Times smaller than a day,262,269
THE TRAGEDY OF ROMEO AND JULIET,3,4,A Room in Capulet's House.,an hour ago,TIME,Times smaller than a day,331,342
THE TRAGEDY OF ROMEO AND JULIET,3,4,A Room in Capulet's House.,PARIS,GPE,"Countries, cities, states",344,349
THE TRAGEDY OF ROMEO AND JULIET,3,4,A Room in Capulet's House.,CAPULET,ORG,"Companies, agencies, institutions, etc.",446,453
THE TRAGEDY OF ROMEO AND JULIET,3,4,A Room in Capulet's House.,early tomorrow,TIME,Times smaller than a day,481,495
THE TRAGEDY OF ROMEO AND JULIET,3,4,A Room in Capulet's House.,Tonight,TIME,Times smaller than a day,497,504
THE TRAGEDY OF ROMEO AND JULIET,3,4,A Room in Capulet's House.,CAPULET,ORG,"Companies, agencies, institutions, etc.",538,545
THE TRAGEDY OF ROMEO AND JULIET,3,4,A Room in Capulet's House.,Paris,GPE,"Countries, cities, states",551,556
THE TRAGEDY OF ROMEO AND JULIET,3,4,A Room in Capulet's House.,Paris,GPE,"Countries, cities, states",751,756
THE TRAGEDY OF ROMEO AND JULIET,3,4,A Room in Capulet's House.,Wednesday,DATE,Absolute or relative dates or periods,793,802
THE TRAGEDY OF ROMEO AND JULIET,3,4,A Room in Capulet's House.,PARIS,GPE,"Countries, cities, states",838,843
THE TRAGEDY OF ROMEO AND JULIET,3,4,A Room in Capulet's House.,Monday,DATE,Absolute or relative dates or periods,845,851
THE TRAGEDY OF ROMEO AND JULIET,3,4,A Room in Capulet's House.,CAPULET,ORG,"Companies, agencies, institutions, etc.",862,869
THE TRAGEDY OF ROMEO AND JULIET,3,4,A Room in Capulet's House.,Monday,DATE,Absolute or relative dates or periods,871,877
THE TRAGEDY OF ROMEO AND JULIET,3,4,A Room in Capulet's House.,Wednesday,DATE,Absolute or relative dates or periods,893,902
THE TRAGEDY OF ROMEO AND JULIET,3,4,A Room in Capulet's House.,Thursday,DATE,Absolute or relative dates or periods,918,926
THE TRAGEDY OF ROMEO AND JULIET,3,4,A Room in Capulet's House.,Thursday,DATE,Absolute or relative dates or periods,940,948
THE TRAGEDY OF ROMEO AND JULIET,3,4,A Room in Capulet's House.,two,CARDINAL,Numerals that do not fall under another type,1081,1084
THE TRAGEDY OF ROMEO AND JULIET,3,4,A Room in Capulet's House.,some half a dozen,CARDINAL,Numerals that do not fall under another type,1229,1246
THE TRAGEDY OF ROMEO AND JULIET,3,4,A Room in Capulet's House.,Thursday,DATE,Absolute or relative dates or periods,1294,1302
THE TRAGEDY OF ROMEO AND JULIET,3,4,A Room in Capulet's House.,PARIS,GPE,"Countries, cities, states",1304,1309
THE TRAGEDY OF ROMEO AND JULIET,3,4,A Room in Capulet's House.,Thursday,DATE,Absolute or relative dates or periods,1333,1341
THE TRAGEDY OF ROMEO AND JULIET,3,4,A Room in Capulet's House.,tomorrow,DATE,Absolute or relative dates or periods,1347,1355
THE TRAGEDY OF ROMEO AND JULIET,3,4,A Room in Capulet's House.,CAPULET,ORG,"Companies, agencies, institutions, etc.",1357,1364
THE TRAGEDY OF ROMEO AND JULIET,3,4,A Room in Capulet's House.,Thursday,DATE,Absolute or relative dates or periods,1388,1396
THE TRAGEDY OF ROMEO AND JULIET,3,4,A Room in Capulet's House.,Juliet,PERSON,"People, including fictional",1419,1425
THE TRAGEDY OF ROMEO AND JULIET,3,4,A Room in Capulet's House.,this wedding day,DATE,Absolute or relative dates or periods,1472,1488
THE TRAGEDY OF ROMEO AND JULIET,3,4,A Room in Capulet's House.,Farewell,PERSON,"People, including fictional",1490,1498
THE TRAGEDY OF ROMEO AND JULIET,3,4,A Room in Capulet's House.,night,TIME,Times smaller than a day,1610,1615
THE TRAGEDY OF ROMEO AND JULIET,3,5,"An open Gallery to Juliet's Chamber, overlooking the Garden.",Juliet,PERSON,"People, including fictional",16,22
THE TRAGEDY OF ROMEO AND JULIET,3,5,"An open Gallery to Juliet's Chamber, overlooking the Garden.",Wilt,PERSON,"People, including fictional",32,36
THE TRAGEDY OF ROMEO AND JULIET,3,5,"An open Gallery to Juliet's Chamber, overlooking the Garden.",this night,TIME,Times smaller than a day,623,633
THE TRAGEDY OF ROMEO AND JULIET,3,5,"An open Gallery to Juliet's Chamber, overlooking the Garden.",Mantua,GPE,"Countries, cities, states",677,683
THE TRAGEDY OF ROMEO AND JULIET,3,5,"An open Gallery to Juliet's Chamber, overlooking the Garden.",need'st,GPE,"Countries, cities, states",710,717
THE TRAGEDY OF ROMEO AND JULIET,3,5,"An open Gallery to Juliet's Chamber, overlooking the Garden.",yon grey,PERSON,"People, including fictional",830,838
THE TRAGEDY OF ROMEO AND JULIET,3,5,"An open Gallery to Juliet's Chamber, overlooking the Garden.",morning,TIME,Times smaller than a day,850,857
THE TRAGEDY OF ROMEO AND JULIET,3,5,"An open Gallery to Juliet's Chamber, overlooking the Garden.",Cynthia,PERSON,"People, including fictional",893,900
THE TRAGEDY OF ROMEO AND JULIET,3,5,"An open Gallery to Juliet's Chamber, overlooking the Garden.",Juliet,PERSON,"People, including fictional",1065,1071
THE TRAGEDY OF ROMEO AND JULIET,3,5,"An open Gallery to Juliet's Chamber, overlooking the Garden.",JULIET,PERSON,"People, including fictional",1131,1137
THE TRAGEDY OF ROMEO AND JULIET,3,5,"An open Gallery to Juliet's Chamber, overlooking the Garden.",the day,DATE,Absolute or relative dates or periods,1523,1530
THE TRAGEDY OF ROMEO AND JULIET,3,5,"An open Gallery to Juliet's Chamber, overlooking the Garden.",Enter Nurse,ORG,"Companies, agencies, institutions, etc.",1636,1647
THE TRAGEDY OF ROMEO AND JULIET,3,5,"An open Gallery to Juliet's Chamber, overlooking the Garden.",NURSE,GPE,"Countries, cities, states",1649,1654
THE TRAGEDY OF ROMEO AND JULIET,3,5,"An open Gallery to Juliet's Chamber, overlooking the Garden.",NURSE,GPE,"Countries, cities, states",1678,1683
THE TRAGEDY OF ROMEO AND JULIET,3,5,"An open Gallery to Juliet's Chamber, overlooking the Garden.",The day,DATE,Absolute or relative dates or periods,1729,1736
THE TRAGEDY OF ROMEO AND JULIET,3,5,"An open Gallery to Juliet's Chamber, overlooking the Garden.",Farewell,PERSON,"People, including fictional",1833,1841
THE TRAGEDY OF ROMEO AND JULIET,3,5,"An open Gallery to Juliet's Chamber, overlooking the Garden.",one,CARDINAL,Numerals that do not fall under another type,1853,1856
THE TRAGEDY OF ROMEO AND JULIET,3,5,"An open Gallery to Juliet's Chamber, overlooking the Garden.",Descends,PERSON,"People, including fictional",1881,1889
THE TRAGEDY OF ROMEO AND JULIET,3,5,"An open Gallery to Juliet's Chamber, overlooking the Garden.",Love,WORK_OF_ART,"Titles of books, songs, etc.",1917,1921
THE TRAGEDY OF ROMEO AND JULIET,3,5,"An open Gallery to Juliet's Chamber, overlooking the Garden.",ay husband,PERSON,"People, including fictional",1929,1939
THE TRAGEDY OF ROMEO AND JULIET,3,5,"An open Gallery to Juliet's Chamber, overlooking the Garden.",every day,DATE,Absolute or relative dates or periods,1971,1980
THE TRAGEDY OF ROMEO AND JULIET,3,5,"An open Gallery to Juliet's Chamber, overlooking the Garden.",the hour,TIME,Times smaller than a day,1984,1992
THE TRAGEDY OF ROMEO AND JULIET,3,5,"An open Gallery to Juliet's Chamber, overlooking the Garden.",a minute,TIME,Times smaller than a day,2001,2009
THE TRAGEDY OF ROMEO AND JULIET,3,5,"An open Gallery to Juliet's Chamber, overlooking the Garden.",many days,DATE,Absolute or relative dates or periods,2020,2029
THE TRAGEDY OF ROMEO AND JULIET,3,5,"An open Gallery to Juliet's Chamber, overlooking the Garden.",years,DATE,Absolute or relative dates or periods,2067,2072
THE TRAGEDY OF ROMEO AND JULIET,3,5,"An open Gallery to Juliet's Chamber, overlooking the Garden.",Romeo,PRODUCT,"Objects, vehicles, foods, etc. (not services)",2095,2100
THE TRAGEDY OF ROMEO AND JULIET,3,5,"An open Gallery to Juliet's Chamber, overlooking the Garden.",JULIET,PERSON,"People, including fictional",2191,2197
THE TRAGEDY OF ROMEO AND JULIET,3,5,"An open Gallery to Juliet's Chamber, overlooking the Garden.",one,CARDINAL,Numerals that do not fall under another type,2426,2429
THE TRAGEDY OF ROMEO AND JULIET,3,5,"An open Gallery to Juliet's Chamber, overlooking the Garden.",Adieu,PERSON,"People, including fictional",2585,2590
THE TRAGEDY OF ROMEO AND JULIET,3,5,"An open Gallery to Juliet's Chamber, overlooking the Garden.",Fortune,WORK_OF_ART,"Titles of books, songs, etc.",2748,2755
THE TRAGEDY OF ROMEO AND JULIET,3,5,"An open Gallery to Juliet's Chamber, overlooking the Garden.",CAPULET,ORG,"Companies, agencies, institutions, etc.",2826,2833
THE TRAGEDY OF ROMEO AND JULIET,3,5,"An open Gallery to Juliet's Chamber, overlooking the Garden.",Ho,PERSON,"People, including fictional",2843,2845
THE TRAGEDY OF ROMEO AND JULIET,3,5,"An open Gallery to Juliet's Chamber, overlooking the Garden.",Juliet,PERSON,"People, including fictional",3054,3060
THE TRAGEDY OF ROMEO AND JULIET,3,5,"An open Gallery to Juliet's Chamber, overlooking the Garden.",Evermore,PERSON,"People, including fictional",3106,3114
THE TRAGEDY OF ROMEO AND JULIET,3,5,"An open Gallery to Juliet's Chamber, overlooking the Garden.",JULIET,PERSON,"People, including fictional",3353,3359
THE TRAGEDY OF ROMEO AND JULIET,3,5,"An open Gallery to Juliet's Chamber, overlooking the Garden.",CAPULET,ORG,"Companies, agencies, institutions, etc.",3407,3414
THE TRAGEDY OF ROMEO AND JULIET,3,5,"An open Gallery to Juliet's Chamber, overlooking the Garden.",CAPULET,ORG,"Companies, agencies, institutions, etc.",3559,3566
THE TRAGEDY OF ROMEO AND JULIET,3,5,"An open Gallery to Juliet's Chamber, overlooking the Garden.",weep'st,GPE,"Countries, cities, states",3585,3592
THE TRAGEDY OF ROMEO AND JULIET,3,5,"An open Gallery to Juliet's Chamber, overlooking the Garden.",JULIET,PERSON,"People, including fictional",3668,3674
THE TRAGEDY OF ROMEO AND JULIET,3,5,"An open Gallery to Juliet's Chamber, overlooking the Garden.",Romeo,PERSON,"People, including fictional",3729,3734
THE TRAGEDY OF ROMEO AND JULIET,3,5,"An open Gallery to Juliet's Chamber, overlooking the Garden.",Villain,PERSON,"People, including fictional",3744,3751
THE TRAGEDY OF ROMEO AND JULIET,3,5,"An open Gallery to Juliet's Chamber, overlooking the Garden.",CAPULET,ORG,"Companies, agencies, institutions, etc.",4031,4038
THE TRAGEDY OF ROMEO AND JULIET,3,5,"An open Gallery to Juliet's Chamber, overlooking the Garden.",Mantua,GPE,"Countries, cities, states",4125,4131
THE TRAGEDY OF ROMEO AND JULIET,3,5,"An open Gallery to Juliet's Chamber, overlooking the Garden.",Romeo,PERSON,"People, including fictional",4346,4351
THE TRAGEDY OF ROMEO AND JULIET,3,5,"An open Gallery to Juliet's Chamber, overlooking the Garden.",Romeo,ORG,"Companies, agencies, institutions, etc.",4498,4503
THE TRAGEDY OF ROMEO AND JULIET,3,5,"An open Gallery to Juliet's Chamber, overlooking the Garden.",CAPULET,ORG,"Companies, agencies, institutions, etc.",4701,4708
THE TRAGEDY OF ROMEO AND JULIET,3,5,"An open Gallery to Juliet's Chamber, overlooking the Garden.",One,CARDINAL,Numerals that do not fall under another type,4952,4955
THE TRAGEDY OF ROMEO AND JULIET,3,5,"An open Gallery to Juliet's Chamber, overlooking the Garden.",early next Thursday,DATE,Absolute or relative dates or periods,5153,5172
THE TRAGEDY OF ROMEO AND JULIET,3,5,"An open Gallery to Juliet's Chamber, overlooking the Garden.",morn,TIME,Times smaller than a day,5173,5177
THE TRAGEDY OF ROMEO AND JULIET,3,5,"An open Gallery to Juliet's Chamber, overlooking the Garden.",The County Paris,GPE,"Countries, cities, states",5219,5235
THE TRAGEDY OF ROMEO AND JULIET,3,5,"An open Gallery to Juliet's Chamber, overlooking the Garden.",Saint Peter's Church,FAC,"Buildings, airports, highways, bridges, etc.",5240,5260
THE TRAGEDY OF ROMEO AND JULIET,3,5,"An open Gallery to Juliet's Chamber, overlooking the Garden.",Saint Peter's Church,ORG,"Companies, agencies, institutions, etc.",5323,5343
THE TRAGEDY OF ROMEO AND JULIET,3,5,"An open Gallery to Juliet's Chamber, overlooking the Garden.",Peter,PERSON,"People, including fictional",5349,5354
THE TRAGEDY OF ROMEO AND JULIET,3,5,"An open Gallery to Juliet's Chamber, overlooking the Garden.",Romeo,ORG,"Companies, agencies, institutions, etc.",5587,5592
THE TRAGEDY OF ROMEO AND JULIET,3,5,"An open Gallery to Juliet's Chamber, overlooking the Garden.",Paris,GPE,"Countries, cities, states",5628,5633
THE TRAGEDY OF ROMEO AND JULIET,3,5,"An open Gallery to Juliet's Chamber, overlooking the Garden.",CAPULET,ORG,"Companies, agencies, institutions, etc.",5786,5793
THE TRAGEDY OF ROMEO AND JULIET,3,5,"An open Gallery to Juliet's Chamber, overlooking the Garden.",Evermore,PERSON,"People, including fictional",5947,5955
THE TRAGEDY OF ROMEO AND JULIET,3,5,"An open Gallery to Juliet's Chamber, overlooking the Garden.",one,CARDINAL,Numerals that do not fall under another type,5970,5973
THE TRAGEDY OF ROMEO AND JULIET,3,5,"An open Gallery to Juliet's Chamber, overlooking the Garden.",CAPULET,ORG,"Companies, agencies, institutions, etc.",6440,6447
THE TRAGEDY OF ROMEO AND JULIET,3,5,"An open Gallery to Juliet's Chamber, overlooking the Garden.",CAPULET,ORG,"Companies, agencies, institutions, etc.",6819,6826
THE TRAGEDY OF ROMEO AND JULIET,3,5,"An open Gallery to Juliet's Chamber, overlooking the Garden.",Thursday,DATE,Absolute or relative dates or periods,7044,7052
THE TRAGEDY OF ROMEO AND JULIET,3,5,"An open Gallery to Juliet's Chamber, overlooking the Garden.",Paris,GPE,"Countries, cities, states",7069,7074
THE TRAGEDY OF ROMEO AND JULIET,3,5,"An open Gallery to Juliet's Chamber, overlooking the Garden.",Saint Peter's Church,ORG,"Companies, agencies, institutions, etc.",7078,7098
THE TRAGEDY OF ROMEO AND JULIET,3,5,"An open Gallery to Juliet's Chamber, overlooking the Garden.",CAPULET,ORG,"Companies, agencies, institutions, etc.",7214,7221
THE TRAGEDY OF ROMEO AND JULIET,3,5,"An open Gallery to Juliet's Chamber, overlooking the Garden.",CAPULET,ORG,"Companies, agencies, institutions, etc.",7343,7350
THE TRAGEDY OF ROMEO AND JULIET,3,5,"An open Gallery to Juliet's Chamber, overlooking the Garden.",Thursday,DATE,Absolute or relative dates or periods,7436,7444
THE TRAGEDY OF ROMEO AND JULIET,3,5,"An open Gallery to Juliet's Chamber, overlooking the Garden.",NURSE,GPE,"Countries, cities, states",7715,7720
THE TRAGEDY OF ROMEO AND JULIET,3,5,"An open Gallery to Juliet's Chamber, overlooking the Garden.",CAPULET,ORG,"Companies, agencies, institutions, etc.",7790,7797
THE TRAGEDY OF ROMEO AND JULIET,3,5,"An open Gallery to Juliet's Chamber, overlooking the Garden.",NURSE,GPE,"Countries, cities, states",7888,7893
THE TRAGEDY OF ROMEO AND JULIET,3,5,"An open Gallery to Juliet's Chamber, overlooking the Garden.",CAPULET,ORG,"Companies, agencies, institutions, etc.",7915,7922
THE TRAGEDY OF ROMEO AND JULIET,3,5,"An open Gallery to Juliet's Chamber, overlooking the Garden.",NURSE,GPE,"Countries, cities, states",7942,7947
THE TRAGEDY OF ROMEO AND JULIET,3,5,"An open Gallery to Juliet's Chamber, overlooking the Garden.",May,DATE,Absolute or relative dates or periods,7949,7952
THE TRAGEDY OF ROMEO AND JULIET,3,5,"An open Gallery to Juliet's Chamber, overlooking the Garden.",CAPULET,ORG,"Companies, agencies, institutions, etc.",7968,7975
THE TRAGEDY OF ROMEO AND JULIET,3,5,"An open Gallery to Juliet's Chamber, overlooking the Garden.",CAPULET,ORG,"Companies, agencies, institutions, etc.",8100,8107
THE TRAGEDY OF ROMEO AND JULIET,3,5,"An open Gallery to Juliet's Chamber, overlooking the Garden.",God,PERSON,"People, including fictional",8109,8112
THE TRAGEDY OF ROMEO AND JULIET,3,5,"An open Gallery to Juliet's Chamber, overlooking the Garden.",Alone,ORG,"Companies, agencies, institutions, etc.",8181,8186
THE TRAGEDY OF ROMEO AND JULIET,3,5,"An open Gallery to Juliet's Chamber, overlooking the Garden.",Proportion'd,GPE,"Countries, cities, states",8392,8404
THE TRAGEDY OF ROMEO AND JULIET,3,5,"An open Gallery to Juliet's Chamber, overlooking the Garden.",Graze,PERSON,"People, including fictional",8648,8653
THE TRAGEDY OF ROMEO AND JULIET,3,5,"An open Gallery to Juliet's Chamber, overlooking the Garden.",Thursday,DATE,Absolute or relative dates or periods,8744,8752
THE TRAGEDY OF ROMEO AND JULIET,3,5,"An open Gallery to Juliet's Chamber, overlooking the Garden.",a month,DATE,Absolute or relative dates or periods,9178,9185
THE TRAGEDY OF ROMEO AND JULIET,3,5,"An open Gallery to Juliet's Chamber, overlooking the Garden.",a week,DATE,Absolute or relative dates or periods,9187,9193
THE TRAGEDY OF ROMEO AND JULIET,3,5,"An open Gallery to Juliet's Chamber, overlooking the Garden.",Nurse,ORG,"Companies, agencies, institutions, etc.",9755,9760
THE TRAGEDY OF ROMEO AND JULIET,3,5,"An open Gallery to Juliet's Chamber, overlooking the Garden.",NURSE,GPE,"Countries, cities, states",9762,9767
THE TRAGEDY OF ROMEO AND JULIET,3,5,"An open Gallery to Juliet's Chamber, overlooking the Garden.",Romeo,ORG,"Companies, agencies, institutions, etc.",9788,9793
THE TRAGEDY OF ROMEO AND JULIET,3,5,"An open Gallery to Juliet's Chamber, overlooking the Garden.",the County,GPE,"Countries, cities, states",10006,10016
THE TRAGEDY OF ROMEO AND JULIET,3,5,"An open Gallery to Juliet's Chamber, overlooking the Garden.",Romeo,ORG,"Companies, agencies, institutions, etc.",10046,10051
THE TRAGEDY OF ROMEO AND JULIET,3,5,"An open Gallery to Juliet's Chamber, overlooking the Garden.",Paris,GPE,"Countries, cities, states",10138,10143
THE TRAGEDY OF ROMEO AND JULIET,3,5,"An open Gallery to Juliet's Chamber, overlooking the Garden.",Beshrew,PERSON,"People, including fictional",10150,10157
THE TRAGEDY OF ROMEO AND JULIET,3,5,"An open Gallery to Juliet's Chamber, overlooking the Garden.",second,ORDINAL,"""first"", ""second"", etc.",10203,10209
THE TRAGEDY OF ROMEO AND JULIET,3,5,"An open Gallery to Juliet's Chamber, overlooking the Garden.",first,ORDINAL,"""first"", ""second"", etc.",10236,10241
THE TRAGEDY OF ROMEO AND JULIET,3,5,"An open Gallery to Juliet's Chamber, overlooking the Garden.",first,ORDINAL,"""first"", ""second"", etc.",10266,10271
THE TRAGEDY OF ROMEO AND JULIET,3,5,"An open Gallery to Juliet's Chamber, overlooking the Garden.",NURSE,GPE,"Countries, cities, states",10384,10389
THE TRAGEDY OF ROMEO AND JULIET,3,5,"An open Gallery to Juliet's Chamber, overlooking the Garden.",beshrew,PERSON,"People, including fictional",10421,10428
THE TRAGEDY OF ROMEO AND JULIET,3,5,"An open Gallery to Juliet's Chamber, overlooking the Garden.",NURSE,GPE,"Countries, cities, states",10454,10459
THE TRAGEDY OF ROMEO AND JULIET,3,5,"An open Gallery to Juliet's Chamber, overlooking the Garden.",Lawrence,PERSON,"People, including fictional",10588,10596
THE TRAGEDY OF ROMEO AND JULIET,3,5,"An open Gallery to Juliet's Chamber, overlooking the Garden.",NURSE,GPE,"Countries, cities, states",10643,10648
THE TRAGEDY OF ROMEO AND JULIET,3,5,"An open Gallery to Juliet's Chamber, overlooking the Garden.",Friar,PRODUCT,"Objects, vehicles, foods, etc. (not services)",10974,10979
THE TRAGEDY OF ROMEO AND JULIET,4,1,Friar Lawrence's Cell.,Lawrence,PERSON,"People, including fictional",12,20
THE TRAGEDY OF ROMEO AND JULIET,4,1,Friar Lawrence's Cell.,Paris,GPE,"Countries, cities, states",25,30
THE TRAGEDY OF ROMEO AND JULIET,4,1,Friar Lawrence's Cell.,Thursday,DATE,Absolute or relative dates or periods,51,59
THE TRAGEDY OF ROMEO AND JULIET,4,1,Friar Lawrence's Cell.,PARIS,GPE,"Countries, cities, states",90,95
THE TRAGEDY OF ROMEO AND JULIET,4,1,Friar Lawrence's Cell.,Capulet,PERSON,"People, including fictional",107,114
THE TRAGEDY OF ROMEO AND JULIET,4,1,Friar Lawrence's Cell.,PARIS,GPE,"Countries, cities, states",268,273
THE TRAGEDY OF ROMEO AND JULIET,4,1,Friar Lawrence's Cell.,Tybalt,PERSON,"People, including fictional",302,308
THE TRAGEDY OF ROMEO AND JULIET,4,1,Friar Lawrence's Cell.,Venus,PRODUCT,"Objects, vehicles, foods, etc. (not services)",366,371
THE TRAGEDY OF ROMEO AND JULIET,4,1,Friar Lawrence's Cell.,May,DATE,Absolute or relative dates or periods,605,608
THE TRAGEDY OF ROMEO AND JULIET,4,1,Friar Lawrence's Cell.,PARIS,GPE,"Countries, cities, states",808,813
THE TRAGEDY OF ROMEO AND JULIET,4,1,Friar Lawrence's Cell.,JULIET,PERSON,"People, including fictional",849,855
THE TRAGEDY OF ROMEO AND JULIET,4,1,Friar Lawrence's Cell.,PARIS,GPE,"Countries, cities, states",897,902
THE TRAGEDY OF ROMEO AND JULIET,4,1,Friar Lawrence's Cell.,Thursday,DATE,Absolute or relative dates or periods,935,943
THE TRAGEDY OF ROMEO AND JULIET,4,1,Friar Lawrence's Cell.,PARIS,GPE,"Countries, cities, states",1020,1025
THE TRAGEDY OF ROMEO AND JULIET,4,1,Friar Lawrence's Cell.,PARIS,GPE,"Countries, cities, states",1120,1125
THE TRAGEDY OF ROMEO AND JULIET,4,1,Friar Lawrence's Cell.,JULIET,PERSON,"People, including fictional",1164,1170
THE TRAGEDY OF ROMEO AND JULIET,4,1,Friar Lawrence's Cell.,PARIS,GPE,"Countries, cities, states",1211,1216
THE TRAGEDY OF ROMEO AND JULIET,4,1,Friar Lawrence's Cell.,JULIET,PERSON,"People, including fictional",1259,1265
THE TRAGEDY OF ROMEO AND JULIET,4,1,Friar Lawrence's Cell.,PARIS,GPE,"Countries, cities, states",1353,1358
THE TRAGEDY OF ROMEO AND JULIET,4,1,Friar Lawrence's Cell.,JULIET,PERSON,"People, including fictional",1407,1413
THE TRAGEDY OF ROMEO AND JULIET,4,1,Friar Lawrence's Cell.,PARIS,GPE,"Countries, cities, states",1499,1504
THE TRAGEDY OF ROMEO AND JULIET,4,1,Friar Lawrence's Cell.,wrong'st,GPE,"Countries, cities, states",1511,1519
THE TRAGEDY OF ROMEO AND JULIET,4,1,Friar Lawrence's Cell.,JULIET,PERSON,"People, including fictional",1557,1563
THE TRAGEDY OF ROMEO AND JULIET,4,1,Friar Lawrence's Cell.,PARIS,GPE,"Countries, cities, states",1649,1654
THE TRAGEDY OF ROMEO AND JULIET,4,1,Friar Lawrence's Cell.,JULIET,PERSON,"People, including fictional",1702,1708
THE TRAGEDY OF ROMEO AND JULIET,4,1,Friar Lawrence's Cell.,evening,TIME,Times smaller than a day,1812,1819
THE TRAGEDY OF ROMEO AND JULIET,4,1,Friar Lawrence's Cell.,PARIS,GPE,"Countries, cities, states",1929,1934
THE TRAGEDY OF ROMEO AND JULIET,4,1,Friar Lawrence's Cell.,Juliet,PERSON,"People, including fictional",1975,1981
THE TRAGEDY OF ROMEO AND JULIET,4,1,Friar Lawrence's Cell.,Thursday,DATE,Absolute or relative dates or periods,1986,1994
THE TRAGEDY OF ROMEO AND JULIET,4,1,Friar Lawrence's Cell.,Thursday,DATE,Absolute or relative dates or periods,2317,2325
THE TRAGEDY OF ROMEO AND JULIET,4,1,Friar Lawrence's Cell.,Friar,PRODUCT,"Objects, vehicles, foods, etc. (not services)",2379,2384
THE TRAGEDY OF ROMEO AND JULIET,4,1,Friar Lawrence's Cell.,Romeo,ORG,"Companies, agencies, institutions, etc.",2603,2608
THE TRAGEDY OF ROMEO AND JULIET,4,1,Friar Lawrence's Cell.,Romeo,ORG,"Companies, agencies, institutions, etc.",2658,2663
THE TRAGEDY OF ROMEO AND JULIET,4,1,Friar Lawrence's Cell.,Paris,GPE,"Countries, cities, states",3302,3307
THE TRAGEDY OF ROMEO AND JULIET,4,1,Friar Lawrence's Cell.,Paris,GPE,"Countries, cities, states",3573,3578
THE TRAGEDY OF ROMEO AND JULIET,4,1,Friar Lawrence's Cell.,nightly,TIME,Times smaller than a day,3723,3730
THE TRAGEDY OF ROMEO AND JULIET,4,1,Friar Lawrence's Cell.,yellow chapless skulls,PERSON,"People, including fictional",3824,3846
THE TRAGEDY OF ROMEO AND JULIET,4,1,Friar Lawrence's Cell.,Paris,GPE,"Countries, cities, states",4133,4138
THE TRAGEDY OF ROMEO AND JULIET,4,1,Friar Lawrence's Cell.,Wednesday,DATE,Absolute or relative dates or periods,4140,4149
THE TRAGEDY OF ROMEO AND JULIET,4,1,Friar Lawrence's Cell.,tomorrow,DATE,Absolute or relative dates or periods,4153,4161
THE TRAGEDY OF ROMEO AND JULIET,4,1,Friar Lawrence's Cell.,Tomorrow,DATE,Absolute or relative dates or periods,4163,4171
THE TRAGEDY OF ROMEO AND JULIET,4,1,Friar Lawrence's Cell.,night,TIME,Times smaller than a day,4172,4177
THE TRAGEDY OF ROMEO AND JULIET,4,1,Friar Lawrence's Cell.,the day,DATE,Absolute or relative dates or periods,4625,4632
THE TRAGEDY OF ROMEO AND JULIET,4,1,Friar Lawrence's Cell.,two and forty hours,TIME,Times smaller than a day,4799,4818
THE TRAGEDY OF ROMEO AND JULIET,4,1,Friar Lawrence's Cell.,the morning,TIME,Times smaller than a day,4888,4899
THE TRAGEDY OF ROMEO AND JULIET,4,1,Friar Lawrence's Cell.,Shall Romeo,PERSON,"People, including fictional",5169,5180
THE TRAGEDY OF ROMEO AND JULIET,4,1,Friar Lawrence's Cell.,Mantua,GPE,"Countries, cities, states",5324,5330
THE TRAGEDY OF ROMEO AND JULIET,4,1,Friar Lawrence's Cell.,Mantua,GPE,"Countries, cities, states",5615,5621
THE TRAGEDY OF ROMEO AND JULIET,4,1,Friar Lawrence's Cell.,JULIET,PERSON,"People, including fictional",5652,5658
THE TRAGEDY OF ROMEO AND JULIET,4,1,Friar Lawrence's Cell.,Farewell,PERSON,"People, including fictional",5715,5723
THE TRAGEDY OF ROMEO AND JULIET,4,2,Hall in Capulet's House.,Lady Capulet,PERSON,"People, including fictional",15,27
THE TRAGEDY OF ROMEO AND JULIET,4,2,Hall in Capulet's House.,CAPULET,ORG,"Companies, agencies, institutions, etc.",49,56
THE TRAGEDY OF ROMEO AND JULIET,4,2,Hall in Capulet's House.,Sirrah,PERSON,"People, including fictional",118,124
THE TRAGEDY OF ROMEO AND JULIET,4,2,Hall in Capulet's House.,twenty,CARDINAL,Numerals that do not fall under another type,137,143
THE TRAGEDY OF ROMEO AND JULIET,4,2,Hall in Capulet's House.,CAPULET,ORG,"Companies, agencies, institutions, etc.",250,257
THE TRAGEDY OF ROMEO AND JULIET,4,2,Hall in Capulet's House.,CAPULET,ORG,"Companies, agencies, institutions, etc.",426,433
THE TRAGEDY OF ROMEO AND JULIET,4,2,Hall in Capulet's House.,Friar Lawrence?,PERSON,"People, including fictional",541,556
THE TRAGEDY OF ROMEO AND JULIET,4,2,Hall in Capulet's House.,NURSE,GPE,"Countries, cities, states",557,562
THE TRAGEDY OF ROMEO AND JULIET,4,2,Hall in Capulet's House.,CAPULET,ORG,"Companies, agencies, institutions, etc.",578,585
THE TRAGEDY OF ROMEO AND JULIET,4,2,Hall in Capulet's House.,NURSE,GPE,"Countries, cities, states",683,688
THE TRAGEDY OF ROMEO AND JULIET,4,2,Hall in Capulet's House.,CAPULET,ORG,"Companies, agencies, institutions, etc.",739,746
THE TRAGEDY OF ROMEO AND JULIET,4,2,Hall in Capulet's House.,Lawrence,PERSON,"People, including fictional",925,933
THE TRAGEDY OF ROMEO AND JULIET,4,2,Hall in Capulet's House.,CAPULET,ORG,"Companies, agencies, institutions, etc.",1038,1045
THE TRAGEDY OF ROMEO AND JULIET,4,2,Hall in Capulet's House.,the County,GPE,"Countries, cities, states",1056,1066
THE TRAGEDY OF ROMEO AND JULIET,4,2,Hall in Capulet's House.,tomorrow,DATE,Absolute or relative dates or periods,1117,1125
THE TRAGEDY OF ROMEO AND JULIET,4,2,Hall in Capulet's House.,JULIET,PERSON,"People, including fictional",1135,1141
THE TRAGEDY OF ROMEO AND JULIET,4,2,Hall in Capulet's House.,Lawrence,PERSON,"People, including fictional",1170,1178
THE TRAGEDY OF ROMEO AND JULIET,4,2,Hall in Capulet's House.,CAPULET,ORG,"Companies, agencies, institutions, etc.",1267,1274
THE TRAGEDY OF ROMEO AND JULIET,4,2,Hall in Capulet's House.,as't,PERSON,"People, including fictional",1329,1333
THE TRAGEDY OF ROMEO AND JULIET,4,2,Hall in Capulet's House.,the County,GPE,"Countries, cities, states",1356,1366
THE TRAGEDY OF ROMEO AND JULIET,4,2,Hall in Capulet's House.,Friar,LANGUAGE,Any named language,1446,1451
THE TRAGEDY OF ROMEO AND JULIET,4,2,Hall in Capulet's House.,tomorrow,DATE,Absolute or relative dates or periods,1615,1623
THE TRAGEDY OF ROMEO AND JULIET,4,2,Hall in Capulet's House.,Thursday,DATE,Absolute or relative dates or periods,1652,1660
THE TRAGEDY OF ROMEO AND JULIET,4,2,Hall in Capulet's House.,CAPULET,ORG,"Companies, agencies, institutions, etc.",1684,1691
THE TRAGEDY OF ROMEO AND JULIET,4,2,Hall in Capulet's House.,tomorrow,DATE,Absolute or relative dates or periods,1733,1741
THE TRAGEDY OF ROMEO AND JULIET,4,2,Hall in Capulet's House.,night,TIME,Times smaller than a day,1832,1837
THE TRAGEDY OF ROMEO AND JULIET,4,2,Hall in Capulet's House.,CAPULET,ORG,"Companies, agencies, institutions, etc.",1839,1846
THE TRAGEDY OF ROMEO AND JULIET,4,2,Hall in Capulet's House.,Juliet,PERSON,"People, including fictional",1936,1942
THE TRAGEDY OF ROMEO AND JULIET,4,2,Hall in Capulet's House.,tonight,TIME,Times smaller than a day,1981,1988
THE TRAGEDY OF ROMEO AND JULIET,4,2,Hall in Capulet's House.,Paris,GPE,"Countries, cities, states",2109,2114
THE TRAGEDY OF ROMEO AND JULIET,4,2,Hall in Capulet's House.,tomorrow,DATE,Absolute or relative dates or periods,2142,2150
THE TRAGEDY OF ROMEO AND JULIET,4,3,Juliet's Chamber.,Nurse,PERSON,"People, including fictional",72,77
THE TRAGEDY OF ROMEO AND JULIET,4,3,Juliet's Chamber.,tonight,TIME,Times smaller than a day,110,117
THE TRAGEDY OF ROMEO AND JULIET,4,3,Juliet's Chamber.,tomorrow,DATE,Absolute or relative dates or periods,405,413
THE TRAGEDY OF ROMEO AND JULIET,4,3,Juliet's Chamber.,this night,TIME,Times smaller than a day,474,484
THE TRAGEDY OF ROMEO AND JULIET,4,3,Juliet's Chamber.,night,TIME,Times smaller than a day,592,597
THE TRAGEDY OF ROMEO AND JULIET,4,3,Juliet's Chamber.,tomorrow,DATE,Absolute or relative dates or periods,1011,1019
THE TRAGEDY OF ROMEO AND JULIET,4,3,Juliet's Chamber.,Lest,PERSON,"People, including fictional",1179,1183
THE TRAGEDY OF ROMEO AND JULIET,4,3,Juliet's Chamber.,Romeo,PERSON,"People, including fictional",1259,1264
THE TRAGEDY OF ROMEO AND JULIET,4,3,Juliet's Chamber.,Romeo,PERSON,"People, including fictional",1593,1598
THE TRAGEDY OF ROMEO AND JULIET,4,3,Juliet's Chamber.,this many hundred years,DATE,Absolute or relative dates or periods,1770,1793
THE TRAGEDY OF ROMEO AND JULIET,4,3,Juliet's Chamber.,some hours,TIME,Times smaller than a day,1941,1951
THE TRAGEDY OF ROMEO AND JULIET,4,3,Juliet's Chamber.,Alack,GPE,"Countries, cities, states",1981,1986
THE TRAGEDY OF ROMEO AND JULIET,4,3,Juliet's Chamber.,Environed,ORG,"Companies, agencies, institutions, etc.",2198,2207
THE TRAGEDY OF ROMEO AND JULIET,4,3,Juliet's Chamber.,Romeo,ORG,"Companies, agencies, institutions, etc.",2478,2483
THE TRAGEDY OF ROMEO AND JULIET,4,3,Juliet's Chamber.,Romeo,PERSON,"People, including fictional",2550,2555
THE TRAGEDY OF ROMEO AND JULIET,4,3,Juliet's Chamber.,Romeo,ORG,"Companies, agencies, institutions, etc.",2557,2562
THE TRAGEDY OF ROMEO AND JULIET,4,3,Juliet's Chamber.,Romeo,ORG,"Companies, agencies, institutions, etc.",2564,2569
THE TRAGEDY OF ROMEO AND JULIET,4,4,Hall in Capulet's House.,Nurse,ORG,"Companies, agencies, institutions, etc.",89,94
THE TRAGEDY OF ROMEO AND JULIET,4,4,Hall in Capulet's House.,NURSE,GPE,"Countries, cities, states",96,101
THE TRAGEDY OF ROMEO AND JULIET,4,4,Hall in Capulet's House.,CAPULET,ORG,"Companies, agencies, institutions, etc.",165,172
THE TRAGEDY OF ROMEO AND JULIET,4,4,Hall in Capulet's House.,second,ORDINAL,"""first"", ""second"", etc.",202,208
THE TRAGEDY OF ROMEO AND JULIET,4,4,Hall in Capulet's House.,three o'clock,TIME,Times smaller than a day,259,272
THE TRAGEDY OF ROMEO AND JULIET,4,4,Hall in Capulet's House.,Angelica,PERSON,"People, including fictional",304,312
THE TRAGEDY OF ROMEO AND JULIET,4,4,Hall in Capulet's House.,NURSE,GPE,"Countries, cities, states",334,339
THE TRAGEDY OF ROMEO AND JULIET,4,4,Hall in Capulet's House.,tomorrow,DATE,Absolute or relative dates or periods,402,410
THE TRAGEDY OF ROMEO AND JULIET,4,4,Hall in Capulet's House.,this night,TIME,Times smaller than a day,415,425
THE TRAGEDY OF ROMEO AND JULIET,4,4,Hall in Capulet's House.,CAPULET,ORG,"Companies, agencies, institutions, etc.",438,445
THE TRAGEDY OF ROMEO AND JULIET,4,4,Hall in Capulet's House.,CAPULET,ORG,"Companies, agencies, institutions, etc.",546,553
THE TRAGEDY OF ROMEO AND JULIET,4,4,Hall in Capulet's House.,CAPULET,ORG,"Companies, agencies, institutions, etc.",676,683
THE TRAGEDY OF ROMEO AND JULIET,4,4,Hall in Capulet's House.,FIRST,ORDINAL,"""first"", ""second"", etc.",790,795
THE TRAGEDY OF ROMEO AND JULIET,4,4,Hall in Capulet's House.,CAPULET,ORG,"Companies, agencies, institutions, etc.",852,859
THE TRAGEDY OF ROMEO AND JULIET,4,4,Hall in Capulet's House.,Sirrah,PERSON,"People, including fictional",906,912
THE TRAGEDY OF ROMEO AND JULIET,4,4,Hall in Capulet's House.,Peter,PERSON,"People, including fictional",937,942
THE TRAGEDY OF ROMEO AND JULIET,4,4,Hall in Capulet's House.,Peter,PERSON,"People, including fictional",1056,1061
THE TRAGEDY OF ROMEO AND JULIET,4,4,Hall in Capulet's House.,CAPULET,ORG,"Companies, agencies, institutions, etc.",1084,1091
THE TRAGEDY OF ROMEO AND JULIET,4,4,Hall in Capulet's House.,loggerhead.—Good,ORG,"Companies, agencies, institutions, etc.",1149,1165
THE TRAGEDY OF ROMEO AND JULIET,4,4,Hall in Capulet's House.,The County,GPE,"Countries, cities, states",1183,1193
THE TRAGEDY OF ROMEO AND JULIET,4,4,Hall in Capulet's House.,Nurse,PERSON,"People, including fictional",1311,1316
THE TRAGEDY OF ROMEO AND JULIET,4,4,Hall in Capulet's House.,Juliet,PERSON,"People, including fictional",1350,1356
THE TRAGEDY OF ROMEO AND JULIET,4,4,Hall in Capulet's House.,Paris,GPE,"Countries, cities, states",1400,1405
THE TRAGEDY OF ROMEO AND JULIET,4,5,Juliet's Chamber; Juliet on the bed.,Enter Nurse,ORG,"Companies, agencies, institutions, etc.",0,11
THE TRAGEDY OF ROMEO AND JULIET,4,5,Juliet's Chamber; Juliet on the bed.,NURSE,GPE,"Countries, cities, states",13,18
THE TRAGEDY OF ROMEO AND JULIET,4,5,Juliet's Chamber; Juliet on the bed.,Juliet,PERSON,"People, including fictional",46,52
THE TRAGEDY OF ROMEO AND JULIET,4,5,Juliet's Chamber; Juliet on the bed.,fie,ORG,"Companies, agencies, institutions, etc.",102,105
THE TRAGEDY OF ROMEO AND JULIET,4,5,Juliet's Chamber; Juliet on the bed.,a week,DATE,Absolute or relative dates or periods,230,236
THE TRAGEDY OF ROMEO AND JULIET,4,5,Juliet's Chamber; Juliet on the bed.,the next night,TIME,Times smaller than a day,242,256
THE TRAGEDY OF ROMEO AND JULIET,4,5,Juliet's Chamber; Juliet on the bed.,Paris,GPE,"Countries, cities, states",280,285
THE TRAGEDY OF ROMEO AND JULIET,4,5,Juliet's Chamber; Juliet on the bed.,the County,GPE,"Countries, cities, states",448,458
THE TRAGEDY OF ROMEO AND JULIET,4,5,Juliet's Chamber; Juliet on the bed.,i'faith,GPE,"Countries, cities, states",502,509
THE TRAGEDY OF ROMEO AND JULIET,4,5,Juliet's Chamber; Juliet on the bed.,NURSE,GPE,"Countries, cities, states",789,794
THE TRAGEDY OF ROMEO AND JULIET,4,5,Juliet's Chamber; Juliet on the bed.,NURSE,GPE,"Countries, cities, states",848,853
THE TRAGEDY OF ROMEO AND JULIET,4,5,Juliet's Chamber; Juliet on the bed.,CAPULET,ORG,"Companies, agencies, institutions, etc.",1010,1017
THE TRAGEDY OF ROMEO AND JULIET,4,5,Juliet's Chamber; Juliet on the bed.,Juliet,PERSON,"People, including fictional",1036,1042
THE TRAGEDY OF ROMEO AND JULIET,4,5,Juliet's Chamber; Juliet on the bed.,NURSE,GPE,"Countries, cities, states",1068,1073
THE TRAGEDY OF ROMEO AND JULIET,4,5,Juliet's Chamber; Juliet on the bed.,the day,DATE,Absolute or relative dates or periods,1115,1122
THE TRAGEDY OF ROMEO AND JULIET,4,5,Juliet's Chamber; Juliet on the bed.,the day,DATE,Absolute or relative dates or periods,1144,1151
THE TRAGEDY OF ROMEO AND JULIET,4,5,Juliet's Chamber; Juliet on the bed.,CAPULET,ORG,"Companies, agencies, institutions, etc.",1189,1196
THE TRAGEDY OF ROMEO AND JULIET,4,5,Juliet's Chamber; Juliet on the bed.,NURSE,GPE,"Countries, cities, states",1417,1422
THE TRAGEDY OF ROMEO AND JULIET,4,5,Juliet's Chamber; Juliet on the bed.,CAPULET,ORG,"Companies, agencies, institutions, etc.",1470,1477
THE TRAGEDY OF ROMEO AND JULIET,4,5,Juliet's Chamber; Juliet on the bed.,Lawrence,PERSON,"People, including fictional",1586,1594
THE TRAGEDY OF ROMEO AND JULIET,4,5,Juliet's Chamber; Juliet on the bed.,Paris,GPE,"Countries, cities, states",1599,1604
THE TRAGEDY OF ROMEO AND JULIET,4,5,Juliet's Chamber; Juliet on the bed.,CAPULET,ORG,"Companies, agencies, institutions, etc.",1679,1686
THE TRAGEDY OF ROMEO AND JULIET,4,5,Juliet's Chamber; Juliet on the bed.,the night,TIME,Times smaller than a day,1729,1738
THE TRAGEDY OF ROMEO AND JULIET,4,5,Juliet's Chamber; Juliet on the bed.,Flower,PERSON,"People, including fictional",1810,1816
THE TRAGEDY OF ROMEO AND JULIET,4,5,Juliet's Chamber; Juliet on the bed.,PARIS,GPE,"Countries, cities, states",1978,1983
THE TRAGEDY OF ROMEO AND JULIET,4,5,Juliet's Chamber; Juliet on the bed.,this morning,TIME,Times smaller than a day,2012,2024
THE TRAGEDY OF ROMEO AND JULIET,4,5,Juliet's Chamber; Juliet on the bed.,one,CARDINAL,Numerals that do not fall under another type,2211,2214
THE TRAGEDY OF ROMEO AND JULIET,4,5,Juliet's Chamber; Juliet on the bed.,one,CARDINAL,Numerals that do not fall under another type,2221,2224
THE TRAGEDY OF ROMEO AND JULIET,4,5,Juliet's Chamber; Juliet on the bed.,one,CARDINAL,Numerals that do not fall under another type,2257,2260
THE TRAGEDY OF ROMEO AND JULIET,4,5,Juliet's Chamber; Juliet on the bed.,NURSE,GPE,"Countries, cities, states",2340,2345
THE TRAGEDY OF ROMEO AND JULIET,4,5,Juliet's Chamber; Juliet on the bed.,PARIS,GPE,"Countries, cities, states",2559,2564
THE TRAGEDY OF ROMEO AND JULIET,4,5,Juliet's Chamber; Juliet on the bed.,CAPULET,ORG,"Companies, agencies, institutions, etc.",2735,2742
THE TRAGEDY OF ROMEO AND JULIET,4,5,Juliet's Chamber; Juliet on the bed.,Despis'd,ORG,"Companies, agencies, institutions, etc.",2744,2752
THE TRAGEDY OF ROMEO AND JULIET,4,5,Juliet's Chamber; Juliet on the bed.,ho,PERSON,"People, including fictional",3010,3012
THE TRAGEDY OF ROMEO AND JULIET,4,5,Juliet's Chamber; Juliet on the bed.,CAPULET,ORG,"Companies, agencies, institutions, etc.",3838,3845
THE TRAGEDY OF ROMEO AND JULIET,4,5,Juliet's Chamber; Juliet on the bed.,Paris,GPE,"Countries, cities, states",4203,4208
THE TRAGEDY OF ROMEO AND JULIET,4,5,Juliet's Chamber; Juliet on the bed.,Lady Capulet,PERSON,"People, including fictional",4376,4388
THE TRAGEDY OF ROMEO AND JULIET,4,5,Juliet's Chamber; Juliet on the bed.,Paris,GPE,"Countries, cities, states",4390,4395
THE TRAGEDY OF ROMEO AND JULIET,4,5,Juliet's Chamber; Juliet on the bed.,Friar,LANGUAGE,Any named language,4400,4405
THE TRAGEDY OF ROMEO AND JULIET,4,5,Juliet's Chamber; Juliet on the bed.,FIRST,ORDINAL,"""first"", ""second"", etc.",4407,4412
THE TRAGEDY OF ROMEO AND JULIET,4,5,Juliet's Chamber; Juliet on the bed.,NURSE,GPE,"Countries, cities, states",4467,4472
THE TRAGEDY OF ROMEO AND JULIET,4,5,Juliet's Chamber; Juliet on the bed.,FIRST,ORDINAL,"""first"", ""second"", etc.",4557,4562
THE TRAGEDY OF ROMEO AND JULIET,4,5,Juliet's Chamber; Juliet on the bed.,MUSICIAN,PERSON,"People, including fictional",4563,4571
THE TRAGEDY OF ROMEO AND JULIET,4,5,Juliet's Chamber; Juliet on the bed.,Exit Nurse,ORG,"Companies, agencies, institutions, etc.",4615,4625
THE TRAGEDY OF ROMEO AND JULIET,4,5,Juliet's Chamber; Juliet on the bed.,Peter,PERSON,"People, including fictional",4633,4638
THE TRAGEDY OF ROMEO AND JULIET,4,5,Juliet's Chamber; Juliet on the bed.,PETER,PERSON,"People, including fictional",4640,4645
THE TRAGEDY OF ROMEO AND JULIET,4,5,Juliet's Chamber; Juliet on the bed.,FIRST,ORDINAL,"""first"", ""second"", etc.",4755,4760
THE TRAGEDY OF ROMEO AND JULIET,4,5,Juliet's Chamber; Juliet on the bed.,MUSICIAN,PERSON,"People, including fictional",4761,4769
THE TRAGEDY OF ROMEO AND JULIET,4,5,Juliet's Chamber; Juliet on the bed.,PETER,PERSON,"People, including fictional",4791,4796
THE TRAGEDY OF ROMEO AND JULIET,4,5,Juliet's Chamber; Juliet on the bed.,FIRST,ORDINAL,"""first"", ""second"", etc.",4902,4907
THE TRAGEDY OF ROMEO AND JULIET,4,5,Juliet's Chamber; Juliet on the bed.,MUSICIAN,PERSON,"People, including fictional",4908,4916
THE TRAGEDY OF ROMEO AND JULIET,4,5,Juliet's Chamber; Juliet on the bed.,PETER,PERSON,"People, including fictional",4959,4964
THE TRAGEDY OF ROMEO AND JULIET,4,5,Juliet's Chamber; Juliet on the bed.,FIRST,ORDINAL,"""first"", ""second"", etc.",4985,4990
THE TRAGEDY OF ROMEO AND JULIET,4,5,Juliet's Chamber; Juliet on the bed.,PETER,PERSON,"People, including fictional",5005,5010
THE TRAGEDY OF ROMEO AND JULIET,4,5,Juliet's Chamber; Juliet on the bed.,FIRST,ORDINAL,"""first"", ""second"", etc.",5045,5050
THE TRAGEDY OF ROMEO AND JULIET,4,5,Juliet's Chamber; Juliet on the bed.,MUSICIAN,PERSON,"People, including fictional",5051,5059
THE TRAGEDY OF ROMEO AND JULIET,4,5,Juliet's Chamber; Juliet on the bed.,PETER,PERSON,"People, including fictional",5084,5089
THE TRAGEDY OF ROMEO AND JULIET,4,5,Juliet's Chamber; Juliet on the bed.,gleek,NORP,Nationalities or religious or political groups,5122,5127
THE TRAGEDY OF ROMEO AND JULIET,4,5,Juliet's Chamber; Juliet on the bed.,FIRST,ORDINAL,"""first"", ""second"", etc.",5159,5164
THE TRAGEDY OF ROMEO AND JULIET,4,5,Juliet's Chamber; Juliet on the bed.,MUSICIAN,PERSON,"People, including fictional",5165,5173
THE TRAGEDY OF ROMEO AND JULIET,4,5,Juliet's Chamber; Juliet on the bed.,PETER,ORG,"Companies, agencies, institutions, etc.",5218,5223
THE TRAGEDY OF ROMEO AND JULIET,4,5,Juliet's Chamber; Juliet on the bed.,FIRST,ORDINAL,"""first"", ""second"", etc.",5354,5359
THE TRAGEDY OF ROMEO AND JULIET,4,5,Juliet's Chamber; Juliet on the bed.,MUSICIAN,PERSON,"People, including fictional",5360,5368
THE TRAGEDY OF ROMEO AND JULIET,4,5,Juliet's Chamber; Juliet on the bed.,MUSICIAN,PERSON,"People, including fictional",5415,5423
THE TRAGEDY OF ROMEO AND JULIET,4,5,Juliet's Chamber; Juliet on the bed.,PETER,PERSON,"People, including fictional",5476,5481
THE TRAGEDY OF ROMEO AND JULIET,4,5,Juliet's Chamber; Juliet on the bed.,Simon Catling,PERSON,"People, including fictional",5781,5794
THE TRAGEDY OF ROMEO AND JULIET,4,5,Juliet's Chamber; Juliet on the bed.,FIRST,ORDINAL,"""first"", ""second"", etc.",5796,5801
THE TRAGEDY OF ROMEO AND JULIET,4,5,Juliet's Chamber; Juliet on the bed.,MUSICIAN,PERSON,"People, including fictional",5802,5810
THE TRAGEDY OF ROMEO AND JULIET,4,5,Juliet's Chamber; Juliet on the bed.,PETER,ORG,"Companies, agencies, institutions, etc.",5859,5864
THE TRAGEDY OF ROMEO AND JULIET,4,5,Juliet's Chamber; Juliet on the bed.,Hugh Rebeck,PERSON,"People, including fictional",5888,5899
THE TRAGEDY OF ROMEO AND JULIET,4,5,Juliet's Chamber; Juliet on the bed.,MUSICIAN,PERSON,"People, including fictional",5908,5916
THE TRAGEDY OF ROMEO AND JULIET,4,5,Juliet's Chamber; Juliet on the bed.,PETER,ORG,"Companies, agencies, institutions, etc.",5975,5980
THE TRAGEDY OF ROMEO AND JULIET,4,5,Juliet's Chamber; Juliet on the bed.,James Soundpost,PERSON,"People, including fictional",6008,6023
THE TRAGEDY OF ROMEO AND JULIET,4,5,Juliet's Chamber; Juliet on the bed.,PETER,ORG,"Companies, agencies, institutions, etc.",6072,6077
THE TRAGEDY OF ROMEO AND JULIET,4,5,Juliet's Chamber; Juliet on the bed.,FIRST,ORDINAL,"""first"", ""second"", etc.",6297,6302
THE TRAGEDY OF ROMEO AND JULIET,4,5,Juliet's Chamber; Juliet on the bed.,MUSICIAN,PERSON,"People, including fictional",6303,6311
THE TRAGEDY OF ROMEO AND JULIET,4,5,Juliet's Chamber; Juliet on the bed.,Jack,PERSON,"People, including fictional",6377,6381
THE TRAGEDY OF ROMEO AND JULIET,5,1,Mantua. A Street.,this day,DATE,Absolute or relative dates or periods,160,168
THE TRAGEDY OF ROMEO AND JULIET,5,1,Mantua. A Street.,Verona,GPE,"Countries, cities, states",535,541
THE TRAGEDY OF ROMEO AND JULIET,5,1,Mantua. A Street.,Balthasar,PERSON,"People, including fictional",552,561
THE TRAGEDY OF ROMEO AND JULIET,5,1,Mantua. A Street.,Dost,PERSON,"People, including fictional",563,567
THE TRAGEDY OF ROMEO AND JULIET,5,1,Mantua. A Street.,Friar,PRODUCT,"Objects, vehicles, foods, etc. (not services)",603,608
THE TRAGEDY OF ROMEO AND JULIET,5,1,Mantua. A Street.,Juliet,PERSON,"People, including fictional",660,666
THE TRAGEDY OF ROMEO AND JULIET,5,1,Mantua. A Street.,Capel,PERSON,"People, including fictional",797,802
THE TRAGEDY OF ROMEO AND JULIET,5,1,Mantua. A Street.,tonight,TIME,Times smaller than a day,1151,1158
THE TRAGEDY OF ROMEO AND JULIET,5,1,Mantua. A Street.,Friar,PRODUCT,"Objects, vehicles, foods, etc. (not services)",1381,1386
THE TRAGEDY OF ROMEO AND JULIET,5,1,Mantua. A Street.,Exit Balthasar,PERSON,"People, including fictional",1501,1515
THE TRAGEDY OF ROMEO AND JULIET,5,1,Mantua. A Street.,Juliet,PERSON,"People, including fictional",1523,1529
THE TRAGEDY OF ROMEO AND JULIET,5,1,Mantua. A Street.,tonight,TIME,Times smaller than a day,1552,1559
THE TRAGEDY OF ROMEO AND JULIET,5,1,Mantua. A Street.,Sharp,ORG,"Companies, agencies, institutions, etc.",1813,1818
THE TRAGEDY OF ROMEO AND JULIET,5,1,Mantua. A Street.,Remnants,ORG,"Companies, agencies, institutions, etc.",2056,2064
THE TRAGEDY OF ROMEO AND JULIET,5,1,Mantua. A Street.,Mantua,GPE,"Countries, cities, states",2250,2256
THE TRAGEDY OF ROMEO AND JULIET,5,1,Mantua. A Street.,forty ducats,MONEY,"Monetary values, including unit",2612,2624
THE TRAGEDY OF ROMEO AND JULIET,5,1,Mantua. A Street.,Mantua,GPE,"Countries, cities, states",2933,2939
THE TRAGEDY OF ROMEO AND JULIET,5,1,Mantua. A Street.,thine eyes,GPE,"Countries, cities, states",3110,3120
THE TRAGEDY OF ROMEO AND JULIET,5,1,Mantua. A Street.,twenty,CARDINAL,Numerals that do not fall under another type,3498,3504
THE TRAGEDY OF ROMEO AND JULIET,5,1,Mantua. A Street.,Farewell,PERSON,"People, including fictional",3735,3743
THE TRAGEDY OF ROMEO AND JULIET,5,1,Mantua. A Street.,Juliet,PERSON,"People, including fictional",3825,3831
THE TRAGEDY OF ROMEO AND JULIET,5,2,Friar Lawrence's Cell.,John,PERSON,"People, including fictional",12,16
THE TRAGEDY OF ROMEO AND JULIET,5,2,Friar Lawrence's Cell.,JOHN,PERSON,"People, including fictional",24,28
THE TRAGEDY OF ROMEO AND JULIET,5,2,Friar Lawrence's Cell.,Lawrence,PERSON,"People, including fictional",78,86
THE TRAGEDY OF ROMEO AND JULIET,5,2,Friar Lawrence's Cell.,Mantua,GPE,"Countries, cities, states",162,168
THE TRAGEDY OF ROMEO AND JULIET,5,2,Friar Lawrence's Cell.,Romeo,PERSON,"People, including fictional",180,185
THE TRAGEDY OF ROMEO AND JULIET,5,2,Friar Lawrence's Cell.,JOHN,PERSON,"People, including fictional",238,242
THE TRAGEDY OF ROMEO AND JULIET,5,2,Friar Lawrence's Cell.,One,CARDINAL,Numerals that do not fall under another type,282,285
THE TRAGEDY OF ROMEO AND JULIET,5,2,Friar Lawrence's Cell.,Mantua,GPE,"Countries, cities, states",550,556
THE TRAGEDY OF ROMEO AND JULIET,5,2,Friar Lawrence's Cell.,Romeo,ORG,"Companies, agencies, institutions, etc.",618,623
THE TRAGEDY OF ROMEO AND JULIET,5,2,Friar Lawrence's Cell.,JOHN,PERSON,"People, including fictional",631,635
THE TRAGEDY OF ROMEO AND JULIET,5,2,Friar Lawrence's Cell.,May,DATE,Absolute or relative dates or periods,885,888
THE TRAGEDY OF ROMEO AND JULIET,5,2,Friar Lawrence's Cell.,Friar John,PERSON,"People, including fictional",905,915
THE TRAGEDY OF ROMEO AND JULIET,5,2,Friar Lawrence's Cell.,JOHN,PERSON,"People, including fictional",989,993
THE TRAGEDY OF ROMEO AND JULIET,5,2,Friar Lawrence's Cell.,this three hours,TIME,Times smaller than a day,1094,1110
THE TRAGEDY OF ROMEO AND JULIET,5,2,Friar Lawrence's Cell.,Juliet,PERSON,"People, including fictional",1121,1127
THE TRAGEDY OF ROMEO AND JULIET,5,2,Friar Lawrence's Cell.,beshrew,PERSON,"People, including fictional",1143,1150
THE TRAGEDY OF ROMEO AND JULIET,5,2,Friar Lawrence's Cell.,Romeo,ORG,"Companies, agencies, institutions, etc.",1164,1169
THE TRAGEDY OF ROMEO AND JULIET,5,2,Friar Lawrence's Cell.,Mantua,GPE,"Countries, cities, states",1235,1241
THE TRAGEDY OF ROMEO AND JULIET,5,2,Friar Lawrence's Cell.,Romeo,ORG,"Companies, agencies, institutions, etc.",1272,1277
THE TRAGEDY OF ROMEO AND JULIET,5,3,A churchyard; in it a Monument belonging to the Capulets.,Paris,GPE,"Countries, cities, states",6,11
THE TRAGEDY OF ROMEO AND JULIET,5,3,A churchyard; in it a Monument belonging to the Capulets.,PARIS,GPE,"Countries, cities, states",55,60
THE TRAGEDY OF ROMEO AND JULIET,5,3,A churchyard; in it a Monument belonging to the Capulets.,unfirm,GPE,"Countries, cities, states",291,297
THE TRAGEDY OF ROMEO AND JULIET,5,3,A churchyard; in it a Monument belonging to the Capulets.,Whistle,PERSON,"People, including fictional",350,357
THE TRAGEDY OF ROMEO AND JULIET,5,3,A churchyard; in it a Monument belonging to the Capulets.,hear'st,PERSON,"People, including fictional",390,397
THE TRAGEDY OF ROMEO AND JULIET,5,3,A churchyard; in it a Monument belonging to the Capulets.,PARIS,GPE,"Countries, cities, states",565,570
THE TRAGEDY OF ROMEO AND JULIET,5,3,A churchyard; in it a Monument belonging to the Capulets.,thy canopy,PERSON,"People, including fictional",630,640
THE TRAGEDY OF ROMEO AND JULIET,5,3,A churchyard; in it a Monument belonging to the Capulets.,tonight,TIME,Times smaller than a day,939,946
THE TRAGEDY OF ROMEO AND JULIET,5,3,A churchyard; in it a Monument belonging to the Capulets.,Balthasar,PERSON,"People, including fictional",1063,1072
THE TRAGEDY OF ROMEO AND JULIET,5,3,A churchyard; in it a Monument belonging to the Capulets.,early in the morning,TIME,Times smaller than a day,1177,1197
THE TRAGEDY OF ROMEO AND JULIET,5,3,A churchyard; in it a Monument belonging to the Capulets.,Whate'er,GPE,"Countries, cities, states",1289,1297
THE TRAGEDY OF ROMEO AND JULIET,5,3,A churchyard; in it a Monument belonging to the Capulets.,hear'st,DATE,Absolute or relative dates or periods,1303,1310
THE TRAGEDY OF ROMEO AND JULIET,5,3,A churchyard; in it a Monument belonging to the Capulets.,PARIS,GPE,"Countries, cities, states",2353,2358
THE TRAGEDY OF ROMEO AND JULIET,5,3,A churchyard; in it a Monument belonging to the Capulets.,Montague,GPE,"Countries, cities, states",2618,2626
THE TRAGEDY OF ROMEO AND JULIET,5,3,A churchyard; in it a Monument belonging to the Capulets.,PARIS,GPE,"Countries, cities, states",3173,3178
THE TRAGEDY OF ROMEO AND JULIET,5,3,A churchyard; in it a Monument belonging to the Capulets.,Wilt,PERSON,"People, including fictional",3251,3255
THE TRAGEDY OF ROMEO AND JULIET,5,3,A churchyard; in it a Monument belonging to the Capulets.,PARIS,GPE,"Countries, cities, states",3367,3372
THE TRAGEDY OF ROMEO AND JULIET,5,3,A churchyard; in it a Monument belonging to the Capulets.,Falls,PERSON,"People, including fictional",3389,3394
THE TRAGEDY OF ROMEO AND JULIET,5,3,A churchyard; in it a Monument belonging to the Capulets.,Juliet,PERSON,"People, including fictional",3444,3450
THE TRAGEDY OF ROMEO AND JULIET,5,3,A churchyard; in it a Monument belonging to the Capulets.,Mercutio,PERSON,"People, including fictional",3508,3516
THE TRAGEDY OF ROMEO AND JULIET,5,3,A churchyard; in it a Monument belonging to the Capulets.,County,GPE,"Countries, cities, states",3534,3540
THE TRAGEDY OF ROMEO AND JULIET,5,3,A churchyard; in it a Monument belonging to the Capulets.,Paris,GPE,"Countries, cities, states",3541,3546
THE TRAGEDY OF ROMEO AND JULIET,5,3,A churchyard; in it a Monument belonging to the Capulets.,Paris,GPE,"Countries, cities, states",3638,3643
THE TRAGEDY OF ROMEO AND JULIET,5,3,A churchyard; in it a Monument belonging to the Capulets.,Juliet,PERSON,"People, including fictional",3664,3670
THE TRAGEDY OF ROMEO AND JULIET,5,3,A churchyard; in it a Monument belonging to the Capulets.,Juliet,PERSON,"People, including fictional",3743,3749
THE TRAGEDY OF ROMEO AND JULIET,5,3,A churchyard; in it a Monument belonging to the Capulets.,One,CARDINAL,Numerals that do not fall under another type,3792,3795
THE TRAGEDY OF ROMEO AND JULIET,5,3,A churchyard; in it a Monument belonging to the Capulets.,Juliet,PERSON,"People, including fictional",3933,3939
THE TRAGEDY OF ROMEO AND JULIET,5,3,A churchyard; in it a Monument belonging to the Capulets.,interr'd,DATE,Absolute or relative dates or periods,4045,4053
THE TRAGEDY OF ROMEO AND JULIET,5,3,A churchyard; in it a Monument belonging to the Capulets.,Paris,GPE,"Countries, cities, states",4062,4067
THE TRAGEDY OF ROMEO AND JULIET,5,3,A churchyard; in it a Monument belonging to the Capulets.,Beauty,PERSON,"People, including fictional",4368,4374
THE TRAGEDY OF ROMEO AND JULIET,5,3,A churchyard; in it a Monument belonging to the Capulets.,Juliet,PERSON,"People, including fictional",4671,4677
THE TRAGEDY OF ROMEO AND JULIET,5,3,A churchyard; in it a Monument belonging to the Capulets.,Lawrence,PERSON,"People, including fictional",5547,5555
THE TRAGEDY OF ROMEO AND JULIET,5,3,A churchyard; in it a Monument belonging to the Capulets.,Saint Francis,PERSON,"People, including fictional",5606,5619
THE TRAGEDY OF ROMEO AND JULIET,5,3,A churchyard; in it a Monument belonging to the Capulets.,tonight,TIME,Times smaller than a day,5641,5648
THE TRAGEDY OF ROMEO AND JULIET,5,3,A churchyard; in it a Monument belonging to the Capulets.,Capels,PERSON,"People, including fictional",5973,5979
THE TRAGEDY OF ROMEO AND JULIET,5,3,A churchyard; in it a Monument belonging to the Capulets.,half an hour,TIME,Times smaller than a day,6172,6184
THE TRAGEDY OF ROMEO AND JULIET,5,3,A churchyard; in it a Monument belonging to the Capulets.,Paris,GPE,"Countries, cities, states",6850,6855
THE TRAGEDY OF ROMEO AND JULIET,5,3,A churchyard; in it a Monument belonging to the Capulets.,Juliet,PERSON,"People, including fictional",6959,6965
THE TRAGEDY OF ROMEO AND JULIET,5,3,A churchyard; in it a Monument belonging to the Capulets.,JULIET,PERSON,"People, including fictional",6983,6989
THE TRAGEDY OF ROMEO AND JULIET,5,3,A churchyard; in it a Monument belonging to the Capulets.,Romeo,PRODUCT,"Objects, vehicles, foods, etc. (not services)",7096,7101
THE TRAGEDY OF ROMEO AND JULIET,5,3,A churchyard; in it a Monument belonging to the Capulets.,Paris,GPE,"Countries, cities, states",7349,7354
THE TRAGEDY OF ROMEO AND JULIET,5,3,A churchyard; in it a Monument belonging to the Capulets.,Juliet,PERSON,"People, including fictional",7482,7488
THE TRAGEDY OF ROMEO AND JULIET,5,3,A churchyard; in it a Monument belonging to the Capulets.,Exit Friar Lawrence,PERSON,"People, including fictional",7562,7581
THE TRAGEDY OF ROMEO AND JULIET,5,3,A churchyard; in it a Monument belonging to the Capulets.,Romeo,ORG,"Companies, agencies, institutions, etc.",8065,8070
THE TRAGEDY OF ROMEO AND JULIET,5,3,A churchyard; in it a Monument belonging to the Capulets.,Enter Watch with the Page of Paris,WORK_OF_ART,"Titles of books, songs, etc.",8088,8122
THE TRAGEDY OF ROMEO AND JULIET,5,3,A churchyard; in it a Monument belonging to the Capulets.,FIRST,ORDINAL,"""first"", ""second"", etc.",8183,8188
THE TRAGEDY OF ROMEO AND JULIET,5,3,A churchyard; in it a Monument belonging to the Capulets.,the County,GPE,"Countries, cities, states",8340,8350
THE TRAGEDY OF ROMEO AND JULIET,5,3,A churchyard; in it a Monument belonging to the Capulets.,Juliet,PERSON,"People, including fictional",8362,8368
THE TRAGEDY OF ROMEO AND JULIET,5,3,A churchyard; in it a Monument belonging to the Capulets.,this two days,DATE,Absolute or relative dates or periods,8420,8433
THE TRAGEDY OF ROMEO AND JULIET,5,3,A churchyard; in it a Monument belonging to the Capulets.,Montagues,PERSON,"People, including fictional",8496,8505
THE TRAGEDY OF ROMEO AND JULIET,5,3,A churchyard; in it a Monument belonging to the Capulets.,Balthasar,PERSON,"People, including fictional",8717,8726
THE TRAGEDY OF ROMEO AND JULIET,5,3,A churchyard; in it a Monument belonging to the Capulets.,Romeo,ORG,"Companies, agencies, institutions, etc.",8749,8754
THE TRAGEDY OF ROMEO AND JULIET,5,3,A churchyard; in it a Monument belonging to the Capulets.,FIRST WATCH,ORG,"Companies, agencies, institutions, etc.",8794,8805
THE TRAGEDY OF ROMEO AND JULIET,5,3,A churchyard; in it a Monument belonging to the Capulets.,FIRST WATCH,ORG,"Companies, agencies, institutions, etc.",9056,9067
THE TRAGEDY OF ROMEO AND JULIET,5,3,A churchyard; in it a Monument belonging to the Capulets.,morning,TIME,Times smaller than a day,9214,9221
THE TRAGEDY OF ROMEO AND JULIET,5,3,A churchyard; in it a Monument belonging to the Capulets.,Lady Capulet,PERSON,"People, including fictional",9245,9257
THE TRAGEDY OF ROMEO AND JULIET,5,3,A churchyard; in it a Monument belonging to the Capulets.,CAPULET,ORG,"Companies, agencies, institutions, etc.",9270,9277
THE TRAGEDY OF ROMEO AND JULIET,5,3,A churchyard; in it a Monument belonging to the Capulets.,Romeo,ORG,"Companies, agencies, institutions, etc.",9370,9375
THE TRAGEDY OF ROMEO AND JULIET,5,3,A churchyard; in it a Monument belonging to the Capulets.,Juliet,PERSON,"People, including fictional",9382,9388
THE TRAGEDY OF ROMEO AND JULIET,5,3,A churchyard; in it a Monument belonging to the Capulets.,Paris,GPE,"Countries, cities, states",9399,9404
THE TRAGEDY OF ROMEO AND JULIET,5,3,A churchyard; in it a Monument belonging to the Capulets.,Paris,GPE,"Countries, cities, states",9555,9560
THE TRAGEDY OF ROMEO AND JULIET,5,3,A churchyard; in it a Monument belonging to the Capulets.,Romeo,PERSON,"People, including fictional",9572,9577
THE TRAGEDY OF ROMEO AND JULIET,5,3,A churchyard; in it a Monument belonging to the Capulets.,Juliet,PERSON,"People, including fictional",9588,9594
THE TRAGEDY OF ROMEO AND JULIET,5,3,A churchyard; in it a Monument belonging to the Capulets.,Friar,PRODUCT,"Objects, vehicles, foods, etc. (not services)",9712,9717
THE TRAGEDY OF ROMEO AND JULIET,5,3,A churchyard; in it a Monument belonging to the Capulets.,Romeo,PERSON,"People, including fictional",9735,9740
THE TRAGEDY OF ROMEO AND JULIET,5,3,A churchyard; in it a Monument belonging to the Capulets.,CAPULET,ORG,"Companies, agencies, institutions, etc.",9811,9818
THE TRAGEDY OF ROMEO AND JULIET,5,3,A churchyard; in it a Monument belonging to the Capulets.,mista'en,FAC,"Buildings, airports, highways, bridges, etc.",9885,9893
THE TRAGEDY OF ROMEO AND JULIET,5,3,A churchyard; in it a Monument belonging to the Capulets.,Montague,GPE,"Countries, cities, states",9937,9945
THE TRAGEDY OF ROMEO AND JULIET,5,3,A churchyard; in it a Monument belonging to the Capulets.,CAPULET,ORG,"Companies, agencies, institutions, etc.",9996,10003
THE TRAGEDY OF ROMEO AND JULIET,5,3,A churchyard; in it a Monument belonging to the Capulets.,Enter Montague,ORG,"Companies, agencies, institutions, etc.",10082,10096
THE TRAGEDY OF ROMEO AND JULIET,5,3,A churchyard; in it a Monument belonging to the Capulets.,Montague,GPE,"Countries, cities, states",10123,10131
THE TRAGEDY OF ROMEO AND JULIET,5,3,A churchyard; in it a Monument belonging to the Capulets.,MONTAGUE,DATE,Absolute or relative dates or periods,10197,10205
THE TRAGEDY OF ROMEO AND JULIET,5,3,A churchyard; in it a Monument belonging to the Capulets.,tonight,TIME,Times smaller than a day,10239,10246
THE TRAGEDY OF ROMEO AND JULIET,5,3,A churchyard; in it a Monument belonging to the Capulets.,MONTAGUE,DATE,Absolute or relative dates or periods,10376,10384
THE TRAGEDY OF ROMEO AND JULIET,5,3,A churchyard; in it a Monument belonging to the Capulets.,Romeo,ORG,"Companies, agencies, institutions, etc.",11148,11153
THE TRAGEDY OF ROMEO AND JULIET,5,3,A churchyard; in it a Monument belonging to the Capulets.,Juliet,PERSON,"People, including fictional",11187,11193
THE TRAGEDY OF ROMEO AND JULIET,5,3,A churchyard; in it a Monument belonging to the Capulets.,Romeo,ORG,"Companies, agencies, institutions, etc.",11221,11226
THE TRAGEDY OF ROMEO AND JULIET,5,3,A churchyard; in it a Monument belonging to the Capulets.,Tybalt,PERSON,"People, including fictional",11405,11411
THE TRAGEDY OF ROMEO AND JULIET,5,3,A churchyard; in it a Monument belonging to the Capulets.,Juliet,PERSON,"People, including fictional",11413,11419
THE TRAGEDY OF ROMEO AND JULIET,5,3,A churchyard; in it a Monument belonging to the Capulets.,Paris,GPE,"Countries, cities, states",11529,11534
THE TRAGEDY OF ROMEO AND JULIET,5,3,A churchyard; in it a Monument belonging to the Capulets.,second,ORDINAL,"""first"", ""second"", etc.",11625,11631
THE TRAGEDY OF ROMEO AND JULIET,5,3,A churchyard; in it a Monument belonging to the Capulets.,Romeo,PERSON,"People, including fictional",11840,11845
THE TRAGEDY OF ROMEO AND JULIET,5,3,A churchyard; in it a Monument belonging to the Capulets.,Friar John,PERSON,"People, including fictional",12014,12024
THE TRAGEDY OF ROMEO AND JULIET,5,3,A churchyard; in it a Monument belonging to the Capulets.,Return'd,PERSON,"People, including fictional",12066,12074
THE TRAGEDY OF ROMEO AND JULIET,5,3,A churchyard; in it a Monument belonging to the Capulets.,the prefixed hour,TIME,Times smaller than a day,12109,12126
THE TRAGEDY OF ROMEO AND JULIET,5,3,A churchyard; in it a Monument belonging to the Capulets.,Romeo,ORG,"Companies, agencies, institutions, etc.",12259,12264
THE TRAGEDY OF ROMEO AND JULIET,5,3,A churchyard; in it a Monument belonging to the Capulets.,some minute,TIME,Times smaller than a day,12283,12294
THE TRAGEDY OF ROMEO AND JULIET,5,3,A churchyard; in it a Monument belonging to the Capulets.,Paris,GPE,"Countries, cities, states",12352,12357
THE TRAGEDY OF ROMEO AND JULIET,5,3,A churchyard; in it a Monument belonging to the Capulets.,Romeo,PERSON,"People, including fictional",12367,12372
THE TRAGEDY OF ROMEO AND JULIET,5,3,A churchyard; in it a Monument belonging to the Capulets.,Miscarried,ORG,"Companies, agencies, institutions, etc.",12677,12687
THE TRAGEDY OF ROMEO AND JULIET,5,3,A churchyard; in it a Monument belonging to the Capulets.,some hour,TIME,Times smaller than a day,12732,12741
THE TRAGEDY OF ROMEO AND JULIET,5,3,A churchyard; in it a Monument belonging to the Capulets.,Romeo,ORG,"Companies, agencies, institutions, etc.",12849,12854
THE TRAGEDY OF ROMEO AND JULIET,5,3,A churchyard; in it a Monument belonging to the Capulets.,Juliet,PERSON,"People, including fictional",12926,12932
THE TRAGEDY OF ROMEO AND JULIET,5,3,A churchyard; in it a Monument belonging to the Capulets.,Mantua,GPE,"Countries, cities, states",12972,12978
THE TRAGEDY OF ROMEO AND JULIET,5,3,A churchyard; in it a Monument belonging to the Capulets.,the County's,GPE,"Countries, cities, states",13212,13224
THE TRAGEDY OF ROMEO AND JULIET,5,3,A churchyard; in it a Monument belonging to the Capulets.,Sirrah,PERSON,"People, including fictional",13253,13259
THE TRAGEDY OF ROMEO AND JULIET,5,3,A churchyard; in it a Monument belonging to the Capulets.,Friar,PRODUCT,"Objects, vehicles, foods, etc. (not services)",13548,13553
THE TRAGEDY OF ROMEO AND JULIET,5,3,A churchyard; in it a Monument belonging to the Capulets.,Juliet,PERSON,"People, including fictional",13733,13739
THE TRAGEDY OF ROMEO AND JULIET,5,3,A churchyard; in it a Monument belonging to the Capulets.,Capulet,PERSON,"People, including fictional",13765,13772
THE TRAGEDY OF ROMEO AND JULIET,5,3,A churchyard; in it a Monument belonging to the Capulets.,Montague,GPE,"Countries, cities, states",13774,13782
THE TRAGEDY OF ROMEO AND JULIET,5,3,A churchyard; in it a Monument belonging to the Capulets.,CAPULET,ORG,"Companies, agencies, institutions, etc.",13969,13976
THE TRAGEDY OF ROMEO AND JULIET,5,3,A churchyard; in it a Monument belonging to the Capulets.,Montague,PERSON,"People, including fictional",13988,13996
THE TRAGEDY OF ROMEO AND JULIET,5,3,A churchyard; in it a Monument belonging to the Capulets.,MONTAGUE,DATE,Absolute or relative dates or periods,14074,14082
THE TRAGEDY OF ROMEO AND JULIET,5,3,A churchyard; in it a Monument belonging to the Capulets.,Verona,PERSON,"People, including fictional",14164,14170
THE TRAGEDY OF ROMEO AND JULIET,5,3,A churchyard; in it a Monument belonging to the Capulets.,Juliet,PERSON,"People, including fictional",14265,14271
THE TRAGEDY OF ROMEO AND JULIET,5,3,A churchyard; in it a Monument belonging to the Capulets.,CAPULET,ORG,"Companies, agencies, institutions, etc.",14273,14280
THE TRAGEDY OF ROMEO AND JULIET,5,3,A churchyard; in it a Monument belonging to the Capulets.,Romeo,ORG,"Companies, agencies, institutions, etc.",14296,14301
THE TRAGEDY OF ROMEO AND JULIET,5,3,A churchyard; in it a Monument belonging to the Capulets.,this morning,TIME,Times smaller than a day,14379,14391
THE TRAGEDY OF ROMEO AND JULIET,5,3,A churchyard; in it a Monument belonging to the Capulets.,Juliet,PERSON,"People, including fictional",14590,14596
THE TRAGEDY OF ROMEO AND JULIET,5,3,A churchyard; in it a Monument belonging to the Capulets.,Romeo,EVENT,"Named hurricanes, battles, wars, sports events, etc.",14605,14610
