play,act,scene,location,entity_text,label,label_description
THE TRAGEDY OF ROMEO AND JULIET,0,0,Prologue,Chorus.,PERSON,"People, including fictional"
THE TRAGEDY OF ROMEO AND JULIET,0,0,Prologue,CHORUS.,PERSON,"People, including fictional"
THE TRAGEDY OF ROMEO AND JULIET,0,0,Prologue,Verona,GPE,"Countries, cities, states"
THE TRAGEDY OF ROMEO AND JULIET,1,1,A public place.,Sampson,PERSON,"People, including fictional"
THE TRAGEDY OF ROMEO AND JULIET,1,1,A public place.,Gregory,PERSON,"People, including fictional"
THE TRAGEDY OF ROMEO AND JULIET,1,1,A public place.,Gregory,PERSON,"People, including fictional"
THE TRAGEDY OF ROMEO AND JULIET,1,1,A public place.,GREGORY,PERSON,"People, including fictional"
THE TRAGEDY OF ROMEO AND JULIET,1,1,A public place.,GREGORY,PERSON,"People, including fictional"
THE TRAGEDY OF ROMEO AND JULIET,1,1,A public place.,GREGORY,PERSON,"People, including fictional"
THE TRAGEDY OF ROMEO AND JULIET,1,1,A public place.,Montague,PERSON,"People, including fictional"
THE TRAGEDY OF ROMEO AND JULIET,1,1,A public place.,GREGORY,PERSON,"People, including fictional"
THE TRAGEDY OF ROMEO AND JULIET,1,1,A public place.,Montague,PERSON,"People, including fictional"
THE TRAGEDY OF ROMEO AND JULIET,1,1,A public place.,GREGORY,PERSON,"People, including fictional"
THE TRAGEDY OF ROMEO AND JULIET,1,1,A public place.,Montague,PERSON,"People, including fictional"
THE TRAGEDY OF ROMEO AND JULIET,1,1,A public place.,GREGORY,PERSON,"People, including fictional"
THE TRAGEDY OF ROMEO AND JULIET,1,1,A public place.,GREGORY,PERSON,"People, including fictional"
THE TRAGEDY OF ROMEO AND JULIET,1,1,A public place.,GREGORY,PERSON,"People, including fictional"
THE TRAGEDY OF ROMEO AND JULIET,1,1,A public place.,GREGORY,PERSON,"People, including fictional"
THE TRAGEDY OF ROMEO AND JULIET,1,1,A public place.,Abram,PERSON,"People, including fictional"
THE TRAGEDY OF ROMEO AND JULIET,1,1,A public place.,Balthasar,PERSON,"People, including fictional"
THE TRAGEDY OF ROMEO AND JULIET,1,1,A public place.,GREGORY,PERSON,"People, including fictional"
THE TRAGEDY OF ROMEO AND JULIET,1,1,A public place.,GREGORY,PERSON,"People, including fictional"
THE TRAGEDY OF ROMEO AND JULIET,1,1,A public place.,GREGORY,PERSON,"People, including fictional"
THE TRAGEDY OF ROMEO AND JULIET,1,1,A public place.,ABRAM,PERSON,"People, including fictional"
THE TRAGEDY OF ROMEO AND JULIET,1,1,A public place.,ABRAM,PERSON,"People, including fictional"
THE TRAGEDY OF ROMEO AND JULIET,1,1,A public place.,GREGORY,PERSON,"People, including fictional"
THE TRAGEDY OF ROMEO AND JULIET,1,1,A public place.,GREGORY,PERSON,"People, including fictional"
THE TRAGEDY OF ROMEO AND JULIET,1,1,A public place.,ABRAM,PERSON,"People, including fictional"
THE TRAGEDY OF ROMEO AND JULIET,1,1,A public place.,ABRAM,PERSON,"People, including fictional"
THE TRAGEDY OF ROMEO AND JULIET,1,1,A public place.,Benvolio,PERSON,"People, including fictional"
THE TRAGEDY OF ROMEO AND JULIET,1,1,A public place.,GREGORY,PERSON,"People, including fictional"
THE TRAGEDY OF ROMEO AND JULIET,1,1,A public place.,ABRAM,PERSON,"People, including fictional"
THE TRAGEDY OF ROMEO AND JULIET,1,1,A public place.,Gregory,PERSON,"People, including fictional"
THE TRAGEDY OF ROMEO AND JULIET,1,1,A public place.,BENVOLIO,PERSON,"People, including fictional"
THE TRAGEDY OF ROMEO AND JULIET,1,1,A public place.,Tybalt,PERSON,"People, including fictional"
THE TRAGEDY OF ROMEO AND JULIET,1,1,A public place.,TYBALT,PERSON,"People, including fictional"
THE TRAGEDY OF ROMEO AND JULIET,1,1,A public place.,Benvolio,PERSON,"People, including fictional"
THE TRAGEDY OF ROMEO AND JULIET,1,1,A public place.,BENVOLIO,PERSON,"People, including fictional"
THE TRAGEDY OF ROMEO AND JULIET,1,1,A public place.,TYBALT,PERSON,"People, including fictional"
THE TRAGEDY OF ROMEO AND JULIET,1,1,A public place.,Capulet,PERSON,"People, including fictional"
THE TRAGEDY OF ROMEO AND JULIET,1,1,A public place.,Lady Capulet,PERSON,"People, including fictional"
THE TRAGEDY OF ROMEO AND JULIET,1,1,A public place.,CAPULET,PERSON,"People, including fictional"
THE TRAGEDY OF ROMEO AND JULIET,1,1,A public place.,LADY CAPULET,PERSON,"People, including fictional"
THE TRAGEDY OF ROMEO AND JULIET,1,1,A public place.,CAPULET,PERSON,"People, including fictional"
THE TRAGEDY OF ROMEO AND JULIET,1,1,A public place.,Montague,PERSON,"People, including fictional"
THE TRAGEDY OF ROMEO AND JULIET,1,1,A public place.,Montague,PERSON,"People, including fictional"
THE TRAGEDY OF ROMEO AND JULIET,1,1,A public place.,Lady Montague,PERSON,"People, including fictional"
THE TRAGEDY OF ROMEO AND JULIET,1,1,A public place.,MONTAGUE,PERSON,"People, including fictional"
THE TRAGEDY OF ROMEO AND JULIET,1,1,A public place.,Capulet,PERSON,"People, including fictional"
THE TRAGEDY OF ROMEO AND JULIET,1,1,A public place.,LADY MONTAGUE,PERSON,"People, including fictional"
THE TRAGEDY OF ROMEO AND JULIET,1,1,A public place.,Escalus,PERSON,"People, including fictional"
THE TRAGEDY OF ROMEO AND JULIET,1,1,A public place.,Capulet,PERSON,"People, including fictional"
THE TRAGEDY OF ROMEO AND JULIET,1,1,A public place.,Montague,PERSON,"People, including fictional"
THE TRAGEDY OF ROMEO AND JULIET,1,1,A public place.,Verona,GPE,"Countries, cities, states"
THE TRAGEDY OF ROMEO AND JULIET,1,1,A public place.,Capulet,PERSON,"People, including fictional"
THE TRAGEDY OF ROMEO AND JULIET,1,1,A public place.,Montague,PERSON,"People, including fictional"
THE TRAGEDY OF ROMEO AND JULIET,1,1,A public place.,Capulet,PERSON,"People, including fictional"
THE TRAGEDY OF ROMEO AND JULIET,1,1,A public place.,Lady Capulet,PERSON,"People, including fictional"
THE TRAGEDY OF ROMEO AND JULIET,1,1,A public place.,Tybalt,PERSON,"People, including fictional"
THE TRAGEDY OF ROMEO AND JULIET,1,1,A public place.,Servants.,PERSON,"People, including fictional"
THE TRAGEDY OF ROMEO AND JULIET,1,1,A public place.,MONTAGUE,PERSON,"People, including fictional"
THE TRAGEDY OF ROMEO AND JULIET,1,1,A public place.,BENVOLIO,PERSON,"People, including fictional"
THE TRAGEDY OF ROMEO AND JULIET,1,1,A public place.,Tybalt,PERSON,"People, including fictional"
THE TRAGEDY OF ROMEO AND JULIET,1,1,A public place.,LADY MONTAGUE,PERSON,"People, including fictional"
THE TRAGEDY OF ROMEO AND JULIET,1,1,A public place.,Romeo,PERSON,"People, including fictional"
THE TRAGEDY OF ROMEO AND JULIET,1,1,A public place.,BENVOLIO,PERSON,"People, including fictional"
THE TRAGEDY OF ROMEO AND JULIET,1,1,A public place.,the wood,LOCATION,LOCATION
THE TRAGEDY OF ROMEO AND JULIET,1,1,A public place.,MONTAGUE,PERSON,"People, including fictional"
THE TRAGEDY OF ROMEO AND JULIET,1,1,A public place.,BENVOLIO,PERSON,"People, including fictional"
THE TRAGEDY OF ROMEO AND JULIET,1,1,A public place.,MONTAGUE,PERSON,"People, including fictional"
THE TRAGEDY OF ROMEO AND JULIET,1,1,A public place.,BENVOLIO,PERSON,"People, including fictional"
THE TRAGEDY OF ROMEO AND JULIET,1,1,A public place.,MONTAGUE,PERSON,"People, including fictional"
THE TRAGEDY OF ROMEO AND JULIET,1,1,A public place.,Romeo,PERSON,"People, including fictional"
THE TRAGEDY OF ROMEO AND JULIET,1,1,A public place.,BENVOLIO,PERSON,"People, including fictional"
THE TRAGEDY OF ROMEO AND JULIET,1,1,A public place.,MONTAGUE,PERSON,"People, including fictional"
THE TRAGEDY OF ROMEO AND JULIET,1,1,A public place.,Montague,PERSON,"People, including fictional"
THE TRAGEDY OF ROMEO AND JULIET,1,1,A public place.,Lady Montague,PERSON,"People, including fictional"
THE TRAGEDY OF ROMEO AND JULIET,1,1,A public place.,BENVOLIO,PERSON,"People, including fictional"
THE TRAGEDY OF ROMEO AND JULIET,1,1,A public place.,ROMEO,PERSON,"People, including fictional"
THE TRAGEDY OF ROMEO AND JULIET,1,1,A public place.,BENVOLIO,PERSON,"People, including fictional"
THE TRAGEDY OF ROMEO AND JULIET,1,1,A public place.,ROMEO,PERSON,"People, including fictional"
THE TRAGEDY OF ROMEO AND JULIET,1,1,A public place.,BENVOLIO,PERSON,"People, including fictional"
THE TRAGEDY OF ROMEO AND JULIET,1,1,A public place.,Romeo,PERSON,"People, including fictional"
THE TRAGEDY OF ROMEO AND JULIET,1,1,A public place.,ROMEO,PERSON,"People, including fictional"
THE TRAGEDY OF ROMEO AND JULIET,1,1,A public place.,BENVOLIO,PERSON,"People, including fictional"
THE TRAGEDY OF ROMEO AND JULIET,1,1,A public place.,ROMEO,PERSON,"People, including fictional"
THE TRAGEDY OF ROMEO AND JULIET,1,1,A public place.,BENVOLIO,PERSON,"People, including fictional"
THE TRAGEDY OF ROMEO AND JULIET,1,1,A public place.,ROMEO,PERSON,"People, including fictional"
THE TRAGEDY OF ROMEO AND JULIET,1,1,A public place.,BENVOLIO,PERSON,"People, including fictional"
THE TRAGEDY OF ROMEO AND JULIET,1,1,A public place.,ROMEO,PERSON,"People, including fictional"
THE TRAGEDY OF ROMEO AND JULIET,1,1,A public place.,BENVOLIO,PERSON,"People, including fictional"
THE TRAGEDY OF ROMEO AND JULIET,1,1,A public place.,ROMEO,PERSON,"People, including fictional"
THE TRAGEDY OF ROMEO AND JULIET,1,1,A public place.,BENVOLIO,PERSON,"People, including fictional"
THE TRAGEDY OF ROMEO AND JULIET,1,1,A public place.,ROMEO,PERSON,"People, including fictional"
THE TRAGEDY OF ROMEO AND JULIET,1,1,A public place.,Griefs,PERSON,"People, including fictional"
THE TRAGEDY OF ROMEO AND JULIET,1,1,A public place.,BENVOLIO,PERSON,"People, including fictional"
THE TRAGEDY OF ROMEO AND JULIET,1,1,A public place.,ROMEO,PERSON,"People, including fictional"
THE TRAGEDY OF ROMEO AND JULIET,1,1,A public place.,Romeo,PERSON,"People, including fictional"
THE TRAGEDY OF ROMEO AND JULIET,1,1,A public place.,BENVOLIO,PERSON,"People, including fictional"
THE TRAGEDY OF ROMEO AND JULIET,1,1,A public place.,ROMEO,PERSON,"People, including fictional"
THE TRAGEDY OF ROMEO AND JULIET,1,1,A public place.,BENVOLIO,PERSON,"People, including fictional"
THE TRAGEDY OF ROMEO AND JULIET,1,1,A public place.,ROMEO,PERSON,"People, including fictional"
THE TRAGEDY OF ROMEO AND JULIET,1,1,A public place.,BENVOLIO,PERSON,"People, including fictional"
THE TRAGEDY OF ROMEO AND JULIET,1,1,A public place.,ROMEO,PERSON,"People, including fictional"
THE TRAGEDY OF ROMEO AND JULIET,1,1,A public place.,BENVOLIO,PERSON,"People, including fictional"
THE TRAGEDY OF ROMEO AND JULIET,1,1,A public place.,ROMEO,PERSON,"People, including fictional"
THE TRAGEDY OF ROMEO AND JULIET,1,1,A public place.,BENVOLIO,PERSON,"People, including fictional"
THE TRAGEDY OF ROMEO AND JULIET,1,1,A public place.,ROMEO,PERSON,"People, including fictional"
THE TRAGEDY OF ROMEO AND JULIET,1,1,A public place.,BENVOLIO,PERSON,"People, including fictional"
THE TRAGEDY OF ROMEO AND JULIET,1,1,A public place.,ROMEO,PERSON,"People, including fictional"
THE TRAGEDY OF ROMEO AND JULIET,1,1,A public place.,BENVOLIO,PERSON,"People, including fictional"
THE TRAGEDY OF ROMEO AND JULIET,1,1,A public place.,ROMEO,PERSON,"People, including fictional"
THE TRAGEDY OF ROMEO AND JULIET,1,1,A public place.,BENVOLIO,PERSON,"People, including fictional"
THE TRAGEDY OF ROMEO AND JULIET,1,2,A Street.,Capulet,PERSON,"People, including fictional"
THE TRAGEDY OF ROMEO AND JULIET,1,2,A Street.,Paris,PERSON,"People, including fictional"
THE TRAGEDY OF ROMEO AND JULIET,1,2,A Street.,CAPULET,PERSON,"People, including fictional"
THE TRAGEDY OF ROMEO AND JULIET,1,2,A Street.,Montague,PERSON,"People, including fictional"
THE TRAGEDY OF ROMEO AND JULIET,1,2,A Street.,PARIS,PERSON,"People, including fictional"
THE TRAGEDY OF ROMEO AND JULIET,1,2,A Street.,CAPULET,PERSON,"People, including fictional"
THE TRAGEDY OF ROMEO AND JULIET,1,2,A Street.,CAPULET,PERSON,"People, including fictional"
THE TRAGEDY OF ROMEO AND JULIET,1,2,A Street.,Paris,PERSON,"People, including fictional"
THE TRAGEDY OF ROMEO AND JULIET,1,2,A Street.,Verona,GPE,"Countries, cities, states"
THE TRAGEDY OF ROMEO AND JULIET,1,2,A Street.,Capulet,PERSON,"People, including fictional"
THE TRAGEDY OF ROMEO AND JULIET,1,2,A Street.,Paris,PERSON,"People, including fictional"
THE TRAGEDY OF ROMEO AND JULIET,1,2,A Street.,Benvolio,PERSON,"People, including fictional"
THE TRAGEDY OF ROMEO AND JULIET,1,2,A Street.,Romeo,PERSON,"People, including fictional"
THE TRAGEDY OF ROMEO AND JULIET,1,2,A Street.,BENVOLIO,PERSON,"People, including fictional"
THE TRAGEDY OF ROMEO AND JULIET,1,2,A Street.,ROMEO,PERSON,"People, including fictional"
THE TRAGEDY OF ROMEO AND JULIET,1,2,A Street.,BENVOLIO,PERSON,"People, including fictional"
THE TRAGEDY OF ROMEO AND JULIET,1,2,A Street.,ROMEO,PERSON,"People, including fictional"
THE TRAGEDY OF ROMEO AND JULIET,1,2,A Street.,BENVOLIO,PERSON,"People, including fictional"
THE TRAGEDY OF ROMEO AND JULIET,1,2,A Street.,Romeo,PERSON,"People, including fictional"
THE TRAGEDY OF ROMEO AND JULIET,1,2,A Street.,ROMEO,PERSON,"People, including fictional"
THE TRAGEDY OF ROMEO AND JULIET,1,2,A Street.,ROMEO,PERSON,"People, including fictional"
THE TRAGEDY OF ROMEO AND JULIET,1,2,A Street.,ROMEO,PERSON,"People, including fictional"
THE TRAGEDY OF ROMEO AND JULIET,1,2,A Street.,ROMEO,PERSON,"People, including fictional"
THE TRAGEDY OF ROMEO AND JULIET,1,2,A Street.,Mercutio,PERSON,"People, including fictional"
THE TRAGEDY OF ROMEO AND JULIET,1,2,A Street.,Capulet,PERSON,"People, including fictional"
THE TRAGEDY OF ROMEO AND JULIET,1,2,A Street.,Tybalt,PERSON,"People, including fictional"
THE TRAGEDY OF ROMEO AND JULIET,1,2,A Street.,ROMEO,PERSON,"People, including fictional"
THE TRAGEDY OF ROMEO AND JULIET,1,2,A Street.,ROMEO,PERSON,"People, including fictional"
THE TRAGEDY OF ROMEO AND JULIET,1,2,A Street.,ROMEO,PERSON,"People, including fictional"
THE TRAGEDY OF ROMEO AND JULIET,1,2,A Street.,Capulet,PERSON,"People, including fictional"
THE TRAGEDY OF ROMEO AND JULIET,1,2,A Street.,BENVOLIO,PERSON,"People, including fictional"
THE TRAGEDY OF ROMEO AND JULIET,1,2,A Street.,Capulet,PERSON,"People, including fictional"
THE TRAGEDY OF ROMEO AND JULIET,1,2,A Street.,Verona,GPE,"Countries, cities, states"
THE TRAGEDY OF ROMEO AND JULIET,1,2,A Street.,ROMEO,PERSON,"People, including fictional"
THE TRAGEDY OF ROMEO AND JULIET,1,2,A Street.,BENVOLIO,PERSON,"People, including fictional"
THE TRAGEDY OF ROMEO AND JULIET,1,2,A Street.,ROMEO,PERSON,"People, including fictional"
THE TRAGEDY OF ROMEO AND JULIET,1,3,Room in Capulet's House.,Lady Capulet,PERSON,"People, including fictional"
THE TRAGEDY OF ROMEO AND JULIET,1,3,Room in Capulet's House.,Nurse,TITLE,TITLE
THE TRAGEDY OF ROMEO AND JULIET,1,3,Room in Capulet's House.,LADY CAPULET,PERSON,"People, including fictional"
THE TRAGEDY OF ROMEO AND JULIET,1,3,Room in Capulet's House.,Nurse,TITLE,TITLE
THE TRAGEDY OF ROMEO AND JULIET,1,3,Room in Capulet's House.,NURSE,TITLE,TITLE
THE TRAGEDY OF ROMEO AND JULIET,1,3,Room in Capulet's House.,Juliet,PERSON,"People, including fictional"
THE TRAGEDY OF ROMEO AND JULIET,1,3,Room in Capulet's House.,Juliet,PERSON,"People, including fictional"
THE TRAGEDY OF ROMEO AND JULIET,1,3,Room in Capulet's House.,JULIET,PERSON,"People, including fictional"
THE TRAGEDY OF ROMEO AND JULIET,1,3,Room in Capulet's House.,NURSE,TITLE,TITLE
THE TRAGEDY OF ROMEO AND JULIET,1,3,Room in Capulet's House.,JULIET,PERSON,"People, including fictional"
THE TRAGEDY OF ROMEO AND JULIET,1,3,Room in Capulet's House.,LADY CAPULET,PERSON,"People, including fictional"
THE TRAGEDY OF ROMEO AND JULIET,1,3,Room in Capulet's House.,Nurse,TITLE,TITLE
THE TRAGEDY OF ROMEO AND JULIET,1,3,Room in Capulet's House.,Nurse,TITLE,TITLE
THE TRAGEDY OF ROMEO AND JULIET,1,3,Room in Capulet's House.,NURSE,TITLE,TITLE
THE TRAGEDY OF ROMEO AND JULIET,1,3,Room in Capulet's House.,LADY CAPULET,PERSON,"People, including fictional"
THE TRAGEDY OF ROMEO AND JULIET,1,3,Room in Capulet's House.,NURSE,TITLE,TITLE
THE TRAGEDY OF ROMEO AND JULIET,1,3,Room in Capulet's House.,Lammas,PERSON,"People, including fictional"
THE TRAGEDY OF ROMEO AND JULIET,1,3,Room in Capulet's House.,LADY CAPULET,PERSON,"People, including fictional"
THE TRAGEDY OF ROMEO AND JULIET,1,3,Room in Capulet's House.,NURSE,TITLE,TITLE
THE TRAGEDY OF ROMEO AND JULIET,1,3,Room in Capulet's House.,Lammas,PERSON,"People, including fictional"
THE TRAGEDY OF ROMEO AND JULIET,1,3,Room in Capulet's House.,Susan,PERSON,"People, including fictional"
THE TRAGEDY OF ROMEO AND JULIET,1,3,Room in Capulet's House.,Susan,PERSON,"People, including fictional"
THE TRAGEDY OF ROMEO AND JULIET,1,3,Room in Capulet's House.,Lammas,PERSON,"People, including fictional"
THE TRAGEDY OF ROMEO AND JULIET,1,3,Room in Capulet's House.,Mantua,GPE,"Countries, cities, states"
THE TRAGEDY OF ROMEO AND JULIET,1,3,Room in Capulet's House.,LADY CAPULET,PERSON,"People, including fictional"
THE TRAGEDY OF ROMEO AND JULIET,1,3,Room in Capulet's House.,NURSE,TITLE,TITLE
THE TRAGEDY OF ROMEO AND JULIET,1,3,Room in Capulet's House.,JULIET,PERSON,"People, including fictional"
THE TRAGEDY OF ROMEO AND JULIET,1,3,Room in Capulet's House.,Nurse,TITLE,TITLE
THE TRAGEDY OF ROMEO AND JULIET,1,3,Room in Capulet's House.,NURSE,TITLE,TITLE
THE TRAGEDY OF ROMEO AND JULIET,1,3,Room in Capulet's House.,LADY CAPULET,PERSON,"People, including fictional"
THE TRAGEDY OF ROMEO AND JULIET,1,3,Room in Capulet's House.,Juliet,PERSON,"People, including fictional"
THE TRAGEDY OF ROMEO AND JULIET,1,3,Room in Capulet's House.,JULIET,PERSON,"People, including fictional"
THE TRAGEDY OF ROMEO AND JULIET,1,3,Room in Capulet's House.,NURSE,TITLE,TITLE
THE TRAGEDY OF ROMEO AND JULIET,1,3,Room in Capulet's House.,nurse,TITLE,TITLE
THE TRAGEDY OF ROMEO AND JULIET,1,3,Room in Capulet's House.,LADY CAPULET,PERSON,"People, including fictional"
THE TRAGEDY OF ROMEO AND JULIET,1,3,Room in Capulet's House.,Verona,GPE,"Countries, cities, states"
THE TRAGEDY OF ROMEO AND JULIET,1,3,Room in Capulet's House.,Paris,PERSON,"People, including fictional"
THE TRAGEDY OF ROMEO AND JULIET,1,3,Room in Capulet's House.,NURSE,TITLE,TITLE
THE TRAGEDY OF ROMEO AND JULIET,1,3,Room in Capulet's House.,LADY CAPULET,PERSON,"People, including fictional"
THE TRAGEDY OF ROMEO AND JULIET,1,3,Room in Capulet's House.,Verona,GPE,"Countries, cities, states"
THE TRAGEDY OF ROMEO AND JULIET,1,3,Room in Capulet's House.,NURSE,TITLE,TITLE
THE TRAGEDY OF ROMEO AND JULIET,1,3,Room in Capulet's House.,LADY CAPULET,PERSON,"People, including fictional"
THE TRAGEDY OF ROMEO AND JULIET,1,3,Room in Capulet's House.,Paris,PERSON,"People, including fictional"
THE TRAGEDY OF ROMEO AND JULIET,1,3,Room in Capulet's House.,NURSE,TITLE,TITLE
THE TRAGEDY OF ROMEO AND JULIET,1,3,Room in Capulet's House.,LADY CAPULET,PERSON,"People, including fictional"
THE TRAGEDY OF ROMEO AND JULIET,1,3,Room in Capulet's House.,Paris,PERSON,"People, including fictional"
THE TRAGEDY OF ROMEO AND JULIET,1,3,Room in Capulet's House.,JULIET,PERSON,"People, including fictional"
THE TRAGEDY OF ROMEO AND JULIET,1,3,Room in Capulet's House.,Nurse,TITLE,TITLE
THE TRAGEDY OF ROMEO AND JULIET,1,3,Room in Capulet's House.,LADY CAPULET,PERSON,"People, including fictional"
THE TRAGEDY OF ROMEO AND JULIET,1,3,Room in Capulet's House.,Juliet,PERSON,"People, including fictional"
THE TRAGEDY OF ROMEO AND JULIET,1,3,Room in Capulet's House.,NURSE,TITLE,TITLE
THE TRAGEDY OF ROMEO AND JULIET,1,4,A Street.,Romeo,PERSON,"People, including fictional"
THE TRAGEDY OF ROMEO AND JULIET,1,4,A Street.,Mercutio,PERSON,"People, including fictional"
THE TRAGEDY OF ROMEO AND JULIET,1,4,A Street.,Benvolio,PERSON,"People, including fictional"
THE TRAGEDY OF ROMEO AND JULIET,1,4,A Street.,Maskers,PERSON,"People, including fictional"
THE TRAGEDY OF ROMEO AND JULIET,1,4,A Street.,ROMEO,PERSON,"People, including fictional"
THE TRAGEDY OF ROMEO AND JULIET,1,4,A Street.,BENVOLIO,PERSON,"People, including fictional"
THE TRAGEDY OF ROMEO AND JULIET,1,4,A Street.,ROMEO,PERSON,"People, including fictional"
THE TRAGEDY OF ROMEO AND JULIET,1,4,A Street.,MERCUTIO,PERSON,"People, including fictional"
THE TRAGEDY OF ROMEO AND JULIET,1,4,A Street.,Romeo,PERSON,"People, including fictional"
THE TRAGEDY OF ROMEO AND JULIET,1,4,A Street.,ROMEO,PERSON,"People, including fictional"
THE TRAGEDY OF ROMEO AND JULIET,1,4,A Street.,MERCUTIO,PERSON,"People, including fictional"
THE TRAGEDY OF ROMEO AND JULIET,1,4,A Street.,ROMEO,PERSON,"People, including fictional"
THE TRAGEDY OF ROMEO AND JULIET,1,4,A Street.,MERCUTIO,PERSON,"People, including fictional"
THE TRAGEDY OF ROMEO AND JULIET,1,4,A Street.,ROMEO,PERSON,"People, including fictional"
THE TRAGEDY OF ROMEO AND JULIET,1,4,A Street.,MERCUTIO,PERSON,"People, including fictional"
THE TRAGEDY OF ROMEO AND JULIET,1,4,A Street.,BENVOLIO,PERSON,"People, including fictional"
THE TRAGEDY OF ROMEO AND JULIET,1,4,A Street.,ROMEO,PERSON,"People, including fictional"
THE TRAGEDY OF ROMEO AND JULIET,1,4,A Street.,MERCUTIO,PERSON,"People, including fictional"
THE TRAGEDY OF ROMEO AND JULIET,1,4,A Street.,constable,TITLE,TITLE
THE TRAGEDY OF ROMEO AND JULIET,1,4,A Street.,ROMEO,PERSON,"People, including fictional"
THE TRAGEDY OF ROMEO AND JULIET,1,4,A Street.,MERCUTIO,PERSON,"People, including fictional"
THE TRAGEDY OF ROMEO AND JULIET,1,4,A Street.,ROMEO,PERSON,"People, including fictional"
THE TRAGEDY OF ROMEO AND JULIET,1,4,A Street.,MERCUTIO,PERSON,"People, including fictional"
THE TRAGEDY OF ROMEO AND JULIET,1,4,A Street.,ROMEO,PERSON,"People, including fictional"
THE TRAGEDY OF ROMEO AND JULIET,1,4,A Street.,MERCUTIO,PERSON,"People, including fictional"
THE TRAGEDY OF ROMEO AND JULIET,1,4,A Street.,ROMEO,PERSON,"People, including fictional"
THE TRAGEDY OF ROMEO AND JULIET,1,4,A Street.,MERCUTIO,PERSON,"People, including fictional"
THE TRAGEDY OF ROMEO AND JULIET,1,4,A Street.,ROMEO,PERSON,"People, including fictional"
THE TRAGEDY OF ROMEO AND JULIET,1,4,A Street.,MERCUTIO,PERSON,"People, including fictional"
THE TRAGEDY OF ROMEO AND JULIET,1,4,A Street.,midwife,TITLE,TITLE
THE TRAGEDY OF ROMEO AND JULIET,1,4,A Street.,ROMEO,PERSON,"People, including fictional"
THE TRAGEDY OF ROMEO AND JULIET,1,4,A Street.,Mercutio,PERSON,"People, including fictional"
THE TRAGEDY OF ROMEO AND JULIET,1,4,A Street.,MERCUTIO,PERSON,"People, including fictional"
THE TRAGEDY OF ROMEO AND JULIET,1,4,A Street.,Begot,PERSON,"People, including fictional"
THE TRAGEDY OF ROMEO AND JULIET,1,4,A Street.,BENVOLIO,PERSON,"People, including fictional"
THE TRAGEDY OF ROMEO AND JULIET,1,4,A Street.,ROMEO,PERSON,"People, including fictional"
THE TRAGEDY OF ROMEO AND JULIET,1,4,A Street.,BENVOLIO,PERSON,"People, including fictional"
THE TRAGEDY OF ROMEO AND JULIET,1,5,A Hall in Capulet's House.,Servants.,PERSON,"People, including fictional"
THE TRAGEDY OF ROMEO AND JULIET,1,5,A Hall in Capulet's House.,Potpan,PERSON,"People, including fictional"
THE TRAGEDY OF ROMEO AND JULIET,1,5,A Hall in Capulet's House.,the court,LOCATION,LOCATION
THE TRAGEDY OF ROMEO AND JULIET,1,5,A Hall in Capulet's House.,Susan,PERSON,"People, including fictional"
THE TRAGEDY OF ROMEO AND JULIET,1,5,A Hall in Capulet's House.,Nell,PERSON,"People, including fictional"
THE TRAGEDY OF ROMEO AND JULIET,1,5,A Hall in Capulet's House.,Potpan,PERSON,"People, including fictional"
THE TRAGEDY OF ROMEO AND JULIET,1,5,A Hall in Capulet's House.,boy,PERSON,"People, including fictional"
THE TRAGEDY OF ROMEO AND JULIET,1,5,A Hall in Capulet's House.,Capulet,PERSON,"People, including fictional"
THE TRAGEDY OF ROMEO AND JULIET,1,5,A Hall in Capulet's House.,Maskers,PERSON,"People, including fictional"
THE TRAGEDY OF ROMEO AND JULIET,1,5,A Hall in Capulet's House.,CAPULET,PERSON,"People, including fictional"
THE TRAGEDY OF ROMEO AND JULIET,1,5,A Hall in Capulet's House.,Capulet,PERSON,"People, including fictional"
THE TRAGEDY OF ROMEO AND JULIET,1,5,A Hall in Capulet's House.,CAPULET,PERSON,"People, including fictional"
THE TRAGEDY OF ROMEO AND JULIET,1,5,A Hall in Capulet's House.,CAPULET,PERSON,"People, including fictional"
THE TRAGEDY OF ROMEO AND JULIET,1,5,A Hall in Capulet's House.,CAPULET,PERSON,"People, including fictional"
THE TRAGEDY OF ROMEO AND JULIET,1,5,A Hall in Capulet's House.,CAPULET,PERSON,"People, including fictional"
THE TRAGEDY OF ROMEO AND JULIET,1,5,A Hall in Capulet's House.,ROMEO,PERSON,"People, including fictional"
THE TRAGEDY OF ROMEO AND JULIET,1,5,A Hall in Capulet's House.,ROMEO,PERSON,"People, including fictional"
THE TRAGEDY OF ROMEO AND JULIET,1,5,A Hall in Capulet's House.,Ethiop,PERSON,"People, including fictional"
THE TRAGEDY OF ROMEO AND JULIET,1,5,A Hall in Capulet's House.,TYBALT,PERSON,"People, including fictional"
THE TRAGEDY OF ROMEO AND JULIET,1,5,A Hall in Capulet's House.,Montague,PERSON,"People, including fictional"
THE TRAGEDY OF ROMEO AND JULIET,1,5,A Hall in Capulet's House.,Fetch,PERSON,"People, including fictional"
THE TRAGEDY OF ROMEO AND JULIET,1,5,A Hall in Capulet's House.,boy,PERSON,"People, including fictional"
THE TRAGEDY OF ROMEO AND JULIET,1,5,A Hall in Capulet's House.,CAPULET,PERSON,"People, including fictional"
THE TRAGEDY OF ROMEO AND JULIET,1,5,A Hall in Capulet's House.,TYBALT,PERSON,"People, including fictional"
THE TRAGEDY OF ROMEO AND JULIET,1,5,A Hall in Capulet's House.,Montague,PERSON,"People, including fictional"
THE TRAGEDY OF ROMEO AND JULIET,1,5,A Hall in Capulet's House.,CAPULET,PERSON,"People, including fictional"
THE TRAGEDY OF ROMEO AND JULIET,1,5,A Hall in Capulet's House.,Romeo,PERSON,"People, including fictional"
THE TRAGEDY OF ROMEO AND JULIET,1,5,A Hall in Capulet's House.,TYBALT,PERSON,"People, including fictional"
THE TRAGEDY OF ROMEO AND JULIET,1,5,A Hall in Capulet's House.,Romeo,PERSON,"People, including fictional"
THE TRAGEDY OF ROMEO AND JULIET,1,5,A Hall in Capulet's House.,CAPULET,PERSON,"People, including fictional"
THE TRAGEDY OF ROMEO AND JULIET,1,5,A Hall in Capulet's House.,Verona,GPE,"Countries, cities, states"
THE TRAGEDY OF ROMEO AND JULIET,1,5,A Hall in Capulet's House.,TYBALT,PERSON,"People, including fictional"
THE TRAGEDY OF ROMEO AND JULIET,1,5,A Hall in Capulet's House.,CAPULET,PERSON,"People, including fictional"
THE TRAGEDY OF ROMEO AND JULIET,1,5,A Hall in Capulet's House.,boy,PERSON,"People, including fictional"
THE TRAGEDY OF ROMEO AND JULIET,1,5,A Hall in Capulet's House.,TYBALT,PERSON,"People, including fictional"
THE TRAGEDY OF ROMEO AND JULIET,1,5,A Hall in Capulet's House.,CAPULET,PERSON,"People, including fictional"
THE TRAGEDY OF ROMEO AND JULIET,1,5,A Hall in Capulet's House.,boy,PERSON,"People, including fictional"
THE TRAGEDY OF ROMEO AND JULIET,1,5,A Hall in Capulet's House.,TYBALT,PERSON,"People, including fictional"
THE TRAGEDY OF ROMEO AND JULIET,1,5,A Hall in Capulet's House.,ROMEO,PERSON,"People, including fictional"
THE TRAGEDY OF ROMEO AND JULIET,1,5,A Hall in Capulet's House.,Juliet,PERSON,"People, including fictional"
THE TRAGEDY OF ROMEO AND JULIET,1,5,A Hall in Capulet's House.,JULIET,PERSON,"People, including fictional"
THE TRAGEDY OF ROMEO AND JULIET,1,5,A Hall in Capulet's House.,ROMEO,PERSON,"People, including fictional"
THE TRAGEDY OF ROMEO AND JULIET,1,5,A Hall in Capulet's House.,JULIET,PERSON,"People, including fictional"
THE TRAGEDY OF ROMEO AND JULIET,1,5,A Hall in Capulet's House.,ROMEO,PERSON,"People, including fictional"
THE TRAGEDY OF ROMEO AND JULIET,1,5,A Hall in Capulet's House.,JULIET,PERSON,"People, including fictional"
THE TRAGEDY OF ROMEO AND JULIET,1,5,A Hall in Capulet's House.,ROMEO,PERSON,"People, including fictional"
THE TRAGEDY OF ROMEO AND JULIET,1,5,A Hall in Capulet's House.,JULIET,PERSON,"People, including fictional"
THE TRAGEDY OF ROMEO AND JULIET,1,5,A Hall in Capulet's House.,ROMEO,PERSON,"People, including fictional"
THE TRAGEDY OF ROMEO AND JULIET,1,5,A Hall in Capulet's House.,JULIET,PERSON,"People, including fictional"
THE TRAGEDY OF ROMEO AND JULIET,1,5,A Hall in Capulet's House.,NURSE,TITLE,TITLE
THE TRAGEDY OF ROMEO AND JULIET,1,5,A Hall in Capulet's House.,ROMEO,PERSON,"People, including fictional"
THE TRAGEDY OF ROMEO AND JULIET,1,5,A Hall in Capulet's House.,NURSE,TITLE,TITLE
THE TRAGEDY OF ROMEO AND JULIET,1,5,A Hall in Capulet's House.,ROMEO,PERSON,"People, including fictional"
THE TRAGEDY OF ROMEO AND JULIET,1,5,A Hall in Capulet's House.,Capulet,PERSON,"People, including fictional"
THE TRAGEDY OF ROMEO AND JULIET,1,5,A Hall in Capulet's House.,BENVOLIO,PERSON,"People, including fictional"
THE TRAGEDY OF ROMEO AND JULIET,1,5,A Hall in Capulet's House.,ROMEO,PERSON,"People, including fictional"
THE TRAGEDY OF ROMEO AND JULIET,1,5,A Hall in Capulet's House.,CAPULET,PERSON,"People, including fictional"
THE TRAGEDY OF ROMEO AND JULIET,1,5,A Hall in Capulet's House.,Juliet,PERSON,"People, including fictional"
THE TRAGEDY OF ROMEO AND JULIET,1,5,A Hall in Capulet's House.,Nurse,TITLE,TITLE
THE TRAGEDY OF ROMEO AND JULIET,1,5,A Hall in Capulet's House.,JULIET,PERSON,"People, including fictional"
THE TRAGEDY OF ROMEO AND JULIET,1,5,A Hall in Capulet's House.,Nurse,TITLE,TITLE
THE TRAGEDY OF ROMEO AND JULIET,1,5,A Hall in Capulet's House.,NURSE,TITLE,TITLE
THE TRAGEDY OF ROMEO AND JULIET,1,5,A Hall in Capulet's House.,Tiberio,GPE,"Countries, cities, states"
THE TRAGEDY OF ROMEO AND JULIET,1,5,A Hall in Capulet's House.,JULIET,PERSON,"People, including fictional"
THE TRAGEDY OF ROMEO AND JULIET,1,5,A Hall in Capulet's House.,NURSE,TITLE,TITLE
THE TRAGEDY OF ROMEO AND JULIET,1,5,A Hall in Capulet's House.,Petruchio,PERSON,"People, including fictional"
THE TRAGEDY OF ROMEO AND JULIET,1,5,A Hall in Capulet's House.,JULIET,PERSON,"People, including fictional"
THE TRAGEDY OF ROMEO AND JULIET,1,5,A Hall in Capulet's House.,NURSE,TITLE,TITLE
THE TRAGEDY OF ROMEO AND JULIET,1,5,A Hall in Capulet's House.,JULIET,PERSON,"People, including fictional"
THE TRAGEDY OF ROMEO AND JULIET,1,5,A Hall in Capulet's House.,NURSE,TITLE,TITLE
THE TRAGEDY OF ROMEO AND JULIET,1,5,A Hall in Capulet's House.,Romeo,PERSON,"People, including fictional"
THE TRAGEDY OF ROMEO AND JULIET,1,5,A Hall in Capulet's House.,Montague,PERSON,"People, including fictional"
THE TRAGEDY OF ROMEO AND JULIET,1,5,A Hall in Capulet's House.,JULIET,PERSON,"People, including fictional"
THE TRAGEDY OF ROMEO AND JULIET,1,5,A Hall in Capulet's House.,NURSE,TITLE,TITLE
THE TRAGEDY OF ROMEO AND JULIET,1,5,A Hall in Capulet's House.,JULIET,PERSON,"People, including fictional"
THE TRAGEDY OF ROMEO AND JULIET,1,5,A Hall in Capulet's House.,Juliet,PERSON,"People, including fictional"
THE TRAGEDY OF ROMEO AND JULIET,1,5,A Hall in Capulet's House.,NURSE,TITLE,TITLE
THE TRAGEDY OF ROMEO AND JULIET,2,1,An open place adjoining Capulet's Garden.,Romeo,PERSON,"People, including fictional"
THE TRAGEDY OF ROMEO AND JULIET,2,1,An open place adjoining Capulet's Garden.,ROMEO,PERSON,"People, including fictional"
THE TRAGEDY OF ROMEO AND JULIET,2,1,An open place adjoining Capulet's Garden.,Benvolio,PERSON,"People, including fictional"
THE TRAGEDY OF ROMEO AND JULIET,2,1,An open place adjoining Capulet's Garden.,Mercutio,PERSON,"People, including fictional"
THE TRAGEDY OF ROMEO AND JULIET,2,1,An open place adjoining Capulet's Garden.,BENVOLIO,PERSON,"People, including fictional"
THE TRAGEDY OF ROMEO AND JULIET,2,1,An open place adjoining Capulet's Garden.,Romeo,PERSON,"People, including fictional"
THE TRAGEDY OF ROMEO AND JULIET,2,1,An open place adjoining Capulet's Garden.,Romeo,PERSON,"People, including fictional"
THE TRAGEDY OF ROMEO AND JULIET,2,1,An open place adjoining Capulet's Garden.,Romeo,PERSON,"People, including fictional"
THE TRAGEDY OF ROMEO AND JULIET,2,1,An open place adjoining Capulet's Garden.,MERCUTIO,PERSON,"People, including fictional"
THE TRAGEDY OF ROMEO AND JULIET,2,1,An open place adjoining Capulet's Garden.,BENVOLIO,PERSON,"People, including fictional"
THE TRAGEDY OF ROMEO AND JULIET,2,1,An open place adjoining Capulet's Garden.,Mercutio,PERSON,"People, including fictional"
THE TRAGEDY OF ROMEO AND JULIET,2,1,An open place adjoining Capulet's Garden.,MERCUTIO,PERSON,"People, including fictional"
THE TRAGEDY OF ROMEO AND JULIET,2,1,An open place adjoining Capulet's Garden.,Romeo,PERSON,"People, including fictional"
THE TRAGEDY OF ROMEO AND JULIET,2,1,An open place adjoining Capulet's Garden.,Abraham,PERSON,"People, including fictional"
THE TRAGEDY OF ROMEO AND JULIET,2,1,An open place adjoining Capulet's Garden.,BENVOLIO,PERSON,"People, including fictional"
THE TRAGEDY OF ROMEO AND JULIET,2,1,An open place adjoining Capulet's Garden.,MERCUTIO,PERSON,"People, including fictional"
THE TRAGEDY OF ROMEO AND JULIET,2,1,An open place adjoining Capulet's Garden.,BENVOLIO,PERSON,"People, including fictional"
THE TRAGEDY OF ROMEO AND JULIET,2,1,An open place adjoining Capulet's Garden.,MERCUTIO,PERSON,"People, including fictional"
THE TRAGEDY OF ROMEO AND JULIET,2,1,An open place adjoining Capulet's Garden.,Romeo,PERSON,"People, including fictional"
THE TRAGEDY OF ROMEO AND JULIET,2,1,An open place adjoining Capulet's Garden.,Romeo,PERSON,"People, including fictional"
THE TRAGEDY OF ROMEO AND JULIET,2,1,An open place adjoining Capulet's Garden.,BENVOLIO,PERSON,"People, including fictional"
THE TRAGEDY OF ROMEO AND JULIET,2,2,Capulet's Garden.,Romeo,PERSON,"People, including fictional"
THE TRAGEDY OF ROMEO AND JULIET,2,2,Capulet's Garden.,ROMEO,PERSON,"People, including fictional"
THE TRAGEDY OF ROMEO AND JULIET,2,2,Capulet's Garden.,Juliet,PERSON,"People, including fictional"
THE TRAGEDY OF ROMEO AND JULIET,2,2,Capulet's Garden.,Juliet,PERSON,"People, including fictional"
THE TRAGEDY OF ROMEO AND JULIET,2,2,Capulet's Garden.,JULIET,PERSON,"People, including fictional"
THE TRAGEDY OF ROMEO AND JULIET,2,2,Capulet's Garden.,ROMEO,PERSON,"People, including fictional"
THE TRAGEDY OF ROMEO AND JULIET,2,2,Capulet's Garden.,JULIET,PERSON,"People, including fictional"
THE TRAGEDY OF ROMEO AND JULIET,2,2,Capulet's Garden.,Romeo,PERSON,"People, including fictional"
THE TRAGEDY OF ROMEO AND JULIET,2,2,Capulet's Garden.,Romeo,PERSON,"People, including fictional"
THE TRAGEDY OF ROMEO AND JULIET,2,2,Capulet's Garden.,Romeo,PERSON,"People, including fictional"
THE TRAGEDY OF ROMEO AND JULIET,2,2,Capulet's Garden.,Capulet,PERSON,"People, including fictional"
THE TRAGEDY OF ROMEO AND JULIET,2,2,Capulet's Garden.,ROMEO,PERSON,"People, including fictional"
THE TRAGEDY OF ROMEO AND JULIET,2,2,Capulet's Garden.,JULIET,PERSON,"People, including fictional"
THE TRAGEDY OF ROMEO AND JULIET,2,2,Capulet's Garden.,Montague,PERSON,"People, including fictional"
THE TRAGEDY OF ROMEO AND JULIET,2,2,Capulet's Garden.,Montague,PERSON,"People, including fictional"
THE TRAGEDY OF ROMEO AND JULIET,2,2,Capulet's Garden.,Romeo,PERSON,"People, including fictional"
THE TRAGEDY OF ROMEO AND JULIET,2,2,Capulet's Garden.,Romeo,PERSON,"People, including fictional"
THE TRAGEDY OF ROMEO AND JULIET,2,2,Capulet's Garden.,Romeo,PERSON,"People, including fictional"
THE TRAGEDY OF ROMEO AND JULIET,2,2,Capulet's Garden.,ROMEO,PERSON,"People, including fictional"
THE TRAGEDY OF ROMEO AND JULIET,2,2,Capulet's Garden.,Romeo,PERSON,"People, including fictional"
THE TRAGEDY OF ROMEO AND JULIET,2,2,Capulet's Garden.,JULIET,PERSON,"People, including fictional"
THE TRAGEDY OF ROMEO AND JULIET,2,2,Capulet's Garden.,ROMEO,PERSON,"People, including fictional"
THE TRAGEDY OF ROMEO AND JULIET,2,2,Capulet's Garden.,JULIET,PERSON,"People, including fictional"
THE TRAGEDY OF ROMEO AND JULIET,2,2,Capulet's Garden.,Romeo,PERSON,"People, including fictional"
THE TRAGEDY OF ROMEO AND JULIET,2,2,Capulet's Garden.,Montague,PERSON,"People, including fictional"
THE TRAGEDY OF ROMEO AND JULIET,2,2,Capulet's Garden.,ROMEO,PERSON,"People, including fictional"
THE TRAGEDY OF ROMEO AND JULIET,2,2,Capulet's Garden.,JULIET,PERSON,"People, including fictional"
THE TRAGEDY OF ROMEO AND JULIET,2,2,Capulet's Garden.,ROMEO,PERSON,"People, including fictional"
THE TRAGEDY OF ROMEO AND JULIET,2,2,Capulet's Garden.,JULIET,PERSON,"People, including fictional"
THE TRAGEDY OF ROMEO AND JULIET,2,2,Capulet's Garden.,ROMEO,PERSON,"People, including fictional"
THE TRAGEDY OF ROMEO AND JULIET,2,2,Capulet's Garden.,JULIET,PERSON,"People, including fictional"
THE TRAGEDY OF ROMEO AND JULIET,2,2,Capulet's Garden.,ROMEO,PERSON,"People, including fictional"
THE TRAGEDY OF ROMEO AND JULIET,2,2,Capulet's Garden.,JULIET,PERSON,"People, including fictional"
THE TRAGEDY OF ROMEO AND JULIET,2,2,Capulet's Garden.,ROMEO,PERSON,"People, including fictional"
THE TRAGEDY OF ROMEO AND JULIET,2,2,Capulet's Garden.,JULIET,PERSON,"People, including fictional"
THE TRAGEDY OF ROMEO AND JULIET,2,2,Capulet's Garden.,Romeo,PERSON,"People, including fictional"
THE TRAGEDY OF ROMEO AND JULIET,2,2,Capulet's Garden.,Montague,PERSON,"People, including fictional"
THE TRAGEDY OF ROMEO AND JULIET,2,2,Capulet's Garden.,ROMEO,PERSON,"People, including fictional"
THE TRAGEDY OF ROMEO AND JULIET,2,2,Capulet's Garden.,JULIET,PERSON,"People, including fictional"
THE TRAGEDY OF ROMEO AND JULIET,2,2,Capulet's Garden.,ROMEO,PERSON,"People, including fictional"
THE TRAGEDY OF ROMEO AND JULIET,2,2,Capulet's Garden.,JULIET,PERSON,"People, including fictional"
THE TRAGEDY OF ROMEO AND JULIET,2,2,Capulet's Garden.,ROMEO,PERSON,"People, including fictional"
THE TRAGEDY OF ROMEO AND JULIET,2,2,Capulet's Garden.,JULIET,PERSON,"People, including fictional"
THE TRAGEDY OF ROMEO AND JULIET,2,2,Capulet's Garden.,ROMEO,PERSON,"People, including fictional"
THE TRAGEDY OF ROMEO AND JULIET,2,2,Capulet's Garden.,JULIET,PERSON,"People, including fictional"
THE TRAGEDY OF ROMEO AND JULIET,2,2,Capulet's Garden.,ROMEO,PERSON,"People, including fictional"
THE TRAGEDY OF ROMEO AND JULIET,2,2,Capulet's Garden.,JULIET,PERSON,"People, including fictional"
THE TRAGEDY OF ROMEO AND JULIET,2,2,Capulet's Garden.,ROMEO,PERSON,"People, including fictional"
THE TRAGEDY OF ROMEO AND JULIET,2,2,Capulet's Garden.,JULIET,PERSON,"People, including fictional"
THE TRAGEDY OF ROMEO AND JULIET,2,2,Capulet's Garden.,Nurse,TITLE,TITLE
THE TRAGEDY OF ROMEO AND JULIET,2,2,Capulet's Garden.,Montague,PERSON,"People, including fictional"
THE TRAGEDY OF ROMEO AND JULIET,2,2,Capulet's Garden.,ROMEO,PERSON,"People, including fictional"
THE TRAGEDY OF ROMEO AND JULIET,2,2,Capulet's Garden.,Juliet,PERSON,"People, including fictional"
THE TRAGEDY OF ROMEO AND JULIET,2,2,Capulet's Garden.,JULIET,PERSON,"People, including fictional"
THE TRAGEDY OF ROMEO AND JULIET,2,2,Capulet's Garden.,Romeo,PERSON,"People, including fictional"
THE TRAGEDY OF ROMEO AND JULIET,2,2,Capulet's Garden.,NURSE,TITLE,TITLE
THE TRAGEDY OF ROMEO AND JULIET,2,2,Capulet's Garden.,JULIET,PERSON,"People, including fictional"
THE TRAGEDY OF ROMEO AND JULIET,2,2,Capulet's Garden.,NURSE,TITLE,TITLE
THE TRAGEDY OF ROMEO AND JULIET,2,2,Capulet's Garden.,JULIET,PERSON,"People, including fictional"
THE TRAGEDY OF ROMEO AND JULIET,2,2,Capulet's Garden.,ROMEO,PERSON,"People, including fictional"
THE TRAGEDY OF ROMEO AND JULIET,2,2,Capulet's Garden.,JULIET,PERSON,"People, including fictional"
THE TRAGEDY OF ROMEO AND JULIET,2,2,Capulet's Garden.,ROMEO,PERSON,"People, including fictional"
THE TRAGEDY OF ROMEO AND JULIET,2,2,Capulet's Garden.,Juliet,PERSON,"People, including fictional"
THE TRAGEDY OF ROMEO AND JULIET,2,2,Capulet's Garden.,JULIET,PERSON,"People, including fictional"
THE TRAGEDY OF ROMEO AND JULIET,2,2,Capulet's Garden.,Romeo,PERSON,"People, including fictional"
THE TRAGEDY OF ROMEO AND JULIET,2,2,Capulet's Garden.,Romeo,PERSON,"People, including fictional"
THE TRAGEDY OF ROMEO AND JULIET,2,2,Capulet's Garden.,ROMEO,PERSON,"People, including fictional"
THE TRAGEDY OF ROMEO AND JULIET,2,2,Capulet's Garden.,JULIET,PERSON,"People, including fictional"
THE TRAGEDY OF ROMEO AND JULIET,2,2,Capulet's Garden.,Romeo,PERSON,"People, including fictional"
THE TRAGEDY OF ROMEO AND JULIET,2,2,Capulet's Garden.,ROMEO,PERSON,"People, including fictional"
THE TRAGEDY OF ROMEO AND JULIET,2,2,Capulet's Garden.,JULIET,PERSON,"People, including fictional"
THE TRAGEDY OF ROMEO AND JULIET,2,2,Capulet's Garden.,ROMEO,PERSON,"People, including fictional"
THE TRAGEDY OF ROMEO AND JULIET,2,2,Capulet's Garden.,JULIET,PERSON,"People, including fictional"
THE TRAGEDY OF ROMEO AND JULIET,2,2,Capulet's Garden.,ROMEO,PERSON,"People, including fictional"
THE TRAGEDY OF ROMEO AND JULIET,2,2,Capulet's Garden.,JULIET,PERSON,"People, including fictional"
THE TRAGEDY OF ROMEO AND JULIET,2,2,Capulet's Garden.,ROMEO,PERSON,"People, including fictional"
THE TRAGEDY OF ROMEO AND JULIET,2,2,Capulet's Garden.,JULIET,PERSON,"People, including fictional"
THE TRAGEDY OF ROMEO AND JULIET,2,2,Capulet's Garden.,ROMEO,PERSON,"People, including fictional"
THE TRAGEDY OF ROMEO AND JULIET,2,2,Capulet's Garden.,JULIET,PERSON,"People, including fictional"
THE TRAGEDY OF ROMEO AND JULIET,2,2,Capulet's Garden.,ROMEO,PERSON,"People, including fictional"
THE TRAGEDY OF ROMEO AND JULIET,2,2,Capulet's Garden.,Hence,PERSON,"People, including fictional"
THE TRAGEDY OF ROMEO AND JULIET,2,3,Friar Lawrence's Cell.,Friar Lawrence,PERSON,"People, including fictional"
THE TRAGEDY OF ROMEO AND JULIET,2,3,Friar Lawrence's Cell.,FRIAR LAWRENCE,PERSON,"People, including fictional"
THE TRAGEDY OF ROMEO AND JULIET,2,3,Friar Lawrence's Cell.,Romeo,PERSON,"People, including fictional"
THE TRAGEDY OF ROMEO AND JULIET,2,3,Friar Lawrence's Cell.,ROMEO,PERSON,"People, including fictional"
THE TRAGEDY OF ROMEO AND JULIET,2,3,Friar Lawrence's Cell.,FRIAR LAWRENCE,PERSON,"People, including fictional"
THE TRAGEDY OF ROMEO AND JULIET,2,3,Friar Lawrence's Cell.,Benedicite,PERSON,"People, including fictional"
THE TRAGEDY OF ROMEO AND JULIET,2,3,Friar Lawrence's Cell.,Romeo,PERSON,"People, including fictional"
THE TRAGEDY OF ROMEO AND JULIET,2,3,Friar Lawrence's Cell.,ROMEO,PERSON,"People, including fictional"
THE TRAGEDY OF ROMEO AND JULIET,2,3,Friar Lawrence's Cell.,FRIAR LAWRENCE,PERSON,"People, including fictional"
THE TRAGEDY OF ROMEO AND JULIET,2,3,Friar Lawrence's Cell.,ROMEO,PERSON,"People, including fictional"
THE TRAGEDY OF ROMEO AND JULIET,2,3,Friar Lawrence's Cell.,FRIAR LAWRENCE,PERSON,"People, including fictional"
THE TRAGEDY OF ROMEO AND JULIET,2,3,Friar Lawrence's Cell.,ROMEO,PERSON,"People, including fictional"
THE TRAGEDY OF ROMEO AND JULIET,2,3,Friar Lawrence's Cell.,FRIAR LAWRENCE,PERSON,"People, including fictional"
THE TRAGEDY OF ROMEO AND JULIET,2,3,Friar Lawrence's Cell.,ROMEO,PERSON,"People, including fictional"
THE TRAGEDY OF ROMEO AND JULIET,2,3,Friar Lawrence's Cell.,Capulet,PERSON,"People, including fictional"
THE TRAGEDY OF ROMEO AND JULIET,2,3,Friar Lawrence's Cell.,FRIAR LAWRENCE,PERSON,"People, including fictional"
THE TRAGEDY OF ROMEO AND JULIET,2,3,Friar Lawrence's Cell.,Maria,PERSON,"People, including fictional"
THE TRAGEDY OF ROMEO AND JULIET,2,3,Friar Lawrence's Cell.,ROMEO,PERSON,"People, including fictional"
THE TRAGEDY OF ROMEO AND JULIET,2,3,Friar Lawrence's Cell.,FRIAR LAWRENCE,PERSON,"People, including fictional"
THE TRAGEDY OF ROMEO AND JULIET,2,3,Friar Lawrence's Cell.,ROMEO,PERSON,"People, including fictional"
THE TRAGEDY OF ROMEO AND JULIET,2,3,Friar Lawrence's Cell.,FRIAR LAWRENCE,PERSON,"People, including fictional"
THE TRAGEDY OF ROMEO AND JULIET,2,3,Friar Lawrence's Cell.,ROMEO,PERSON,"People, including fictional"
THE TRAGEDY OF ROMEO AND JULIET,2,3,Friar Lawrence's Cell.,FRIAR LAWRENCE,PERSON,"People, including fictional"
THE TRAGEDY OF ROMEO AND JULIET,2,3,Friar Lawrence's Cell.,ROMEO,PERSON,"People, including fictional"
THE TRAGEDY OF ROMEO AND JULIET,2,3,Friar Lawrence's Cell.,FRIAR LAWRENCE,PERSON,"People, including fictional"
THE TRAGEDY OF ROMEO AND JULIET,2,4,A Street.,Benvolio,PERSON,"People, including fictional"
THE TRAGEDY OF ROMEO AND JULIET,2,4,A Street.,Mercutio,PERSON,"People, including fictional"
THE TRAGEDY OF ROMEO AND JULIET,2,4,A Street.,MERCUTIO,PERSON,"People, including fictional"
THE TRAGEDY OF ROMEO AND JULIET,2,4,A Street.,Romeo,PERSON,"People, including fictional"
THE TRAGEDY OF ROMEO AND JULIET,2,4,A Street.,BENVOLIO,PERSON,"People, including fictional"
THE TRAGEDY OF ROMEO AND JULIET,2,4,A Street.,MERCUTIO,PERSON,"People, including fictional"
THE TRAGEDY OF ROMEO AND JULIET,2,4,A Street.,BENVOLIO,PERSON,"People, including fictional"
THE TRAGEDY OF ROMEO AND JULIET,2,4,A Street.,Tybalt,PERSON,"People, including fictional"
THE TRAGEDY OF ROMEO AND JULIET,2,4,A Street.,Capulet,PERSON,"People, including fictional"
THE TRAGEDY OF ROMEO AND JULIET,2,4,A Street.,MERCUTIO,PERSON,"People, including fictional"
THE TRAGEDY OF ROMEO AND JULIET,2,4,A Street.,BENVOLIO,PERSON,"People, including fictional"
THE TRAGEDY OF ROMEO AND JULIET,2,4,A Street.,Romeo,PERSON,"People, including fictional"
THE TRAGEDY OF ROMEO AND JULIET,2,4,A Street.,MERCUTIO,PERSON,"People, including fictional"
THE TRAGEDY OF ROMEO AND JULIET,2,4,A Street.,BENVOLIO,PERSON,"People, including fictional"
THE TRAGEDY OF ROMEO AND JULIET,2,4,A Street.,MERCUTIO,PERSON,"People, including fictional"
THE TRAGEDY OF ROMEO AND JULIET,2,4,A Street.,Romeo,PERSON,"People, including fictional"
THE TRAGEDY OF ROMEO AND JULIET,2,4,A Street.,Tybalt,PERSON,"People, including fictional"
THE TRAGEDY OF ROMEO AND JULIET,2,4,A Street.,BENVOLIO,PERSON,"People, including fictional"
THE TRAGEDY OF ROMEO AND JULIET,2,4,A Street.,Tybalt,PERSON,"People, including fictional"
THE TRAGEDY OF ROMEO AND JULIET,2,4,A Street.,MERCUTIO,PERSON,"People, including fictional"
THE TRAGEDY OF ROMEO AND JULIET,2,4,A Street.,BENVOLIO,PERSON,"People, including fictional"
THE TRAGEDY OF ROMEO AND JULIET,2,4,A Street.,MERCUTIO,PERSON,"People, including fictional"
THE TRAGEDY OF ROMEO AND JULIET,2,4,A Street.,Romeo,PERSON,"People, including fictional"
THE TRAGEDY OF ROMEO AND JULIET,2,4,A Street.,BENVOLIO,PERSON,"People, including fictional"
THE TRAGEDY OF ROMEO AND JULIET,2,4,A Street.,Romeo,PERSON,"People, including fictional"
THE TRAGEDY OF ROMEO AND JULIET,2,4,A Street.,Romeo,PERSON,"People, including fictional"
THE TRAGEDY OF ROMEO AND JULIET,2,4,A Street.,MERCUTIO,PERSON,"People, including fictional"
THE TRAGEDY OF ROMEO AND JULIET,2,4,A Street.,Petrarch,PERSON,"People, including fictional"
THE TRAGEDY OF ROMEO AND JULIET,2,4,A Street.,Laura,PERSON,"People, including fictional"
THE TRAGEDY OF ROMEO AND JULIET,2,4,A Street.,Cleopatra,PERSON,"People, including fictional"
THE TRAGEDY OF ROMEO AND JULIET,2,4,A Street.,Hero,PERSON,"People, including fictional"
THE TRAGEDY OF ROMEO AND JULIET,2,4,A Street.,Romeo,PERSON,"People, including fictional"
THE TRAGEDY OF ROMEO AND JULIET,2,4,A Street.,ROMEO,PERSON,"People, including fictional"
THE TRAGEDY OF ROMEO AND JULIET,2,4,A Street.,MERCUTIO,PERSON,"People, including fictional"
THE TRAGEDY OF ROMEO AND JULIET,2,4,A Street.,ROMEO,PERSON,"People, including fictional"
THE TRAGEDY OF ROMEO AND JULIET,2,4,A Street.,Mercutio,PERSON,"People, including fictional"
THE TRAGEDY OF ROMEO AND JULIET,2,4,A Street.,MERCUTIO,PERSON,"People, including fictional"
THE TRAGEDY OF ROMEO AND JULIET,2,4,A Street.,ROMEO,PERSON,"People, including fictional"
THE TRAGEDY OF ROMEO AND JULIET,2,4,A Street.,MERCUTIO,PERSON,"People, including fictional"
THE TRAGEDY OF ROMEO AND JULIET,2,4,A Street.,ROMEO,PERSON,"People, including fictional"
THE TRAGEDY OF ROMEO AND JULIET,2,4,A Street.,MERCUTIO,PERSON,"People, including fictional"
THE TRAGEDY OF ROMEO AND JULIET,2,4,A Street.,ROMEO,PERSON,"People, including fictional"
THE TRAGEDY OF ROMEO AND JULIET,2,4,A Street.,MERCUTIO,PERSON,"People, including fictional"
THE TRAGEDY OF ROMEO AND JULIET,2,4,A Street.,ROMEO,PERSON,"People, including fictional"
THE TRAGEDY OF ROMEO AND JULIET,2,4,A Street.,MERCUTIO,PERSON,"People, including fictional"
THE TRAGEDY OF ROMEO AND JULIET,2,4,A Street.,ROMEO,PERSON,"People, including fictional"
THE TRAGEDY OF ROMEO AND JULIET,2,4,A Street.,MERCUTIO,PERSON,"People, including fictional"
THE TRAGEDY OF ROMEO AND JULIET,2,4,A Street.,Benvolio,PERSON,"People, including fictional"
THE TRAGEDY OF ROMEO AND JULIET,2,4,A Street.,ROMEO,PERSON,"People, including fictional"
THE TRAGEDY OF ROMEO AND JULIET,2,4,A Street.,MERCUTIO,PERSON,"People, including fictional"
THE TRAGEDY OF ROMEO AND JULIET,2,4,A Street.,ROMEO,PERSON,"People, including fictional"
THE TRAGEDY OF ROMEO AND JULIET,2,4,A Street.,MERCUTIO,PERSON,"People, including fictional"
THE TRAGEDY OF ROMEO AND JULIET,2,4,A Street.,ROMEO,PERSON,"People, including fictional"
THE TRAGEDY OF ROMEO AND JULIET,2,4,A Street.,MERCUTIO,PERSON,"People, including fictional"
THE TRAGEDY OF ROMEO AND JULIET,2,4,A Street.,ROMEO,PERSON,"People, including fictional"
THE TRAGEDY OF ROMEO AND JULIET,2,4,A Street.,MERCUTIO,PERSON,"People, including fictional"
THE TRAGEDY OF ROMEO AND JULIET,2,4,A Street.,ROMEO,PERSON,"People, including fictional"
THE TRAGEDY OF ROMEO AND JULIET,2,4,A Street.,MERCUTIO,PERSON,"People, including fictional"
THE TRAGEDY OF ROMEO AND JULIET,2,4,A Street.,Romeo,PERSON,"People, including fictional"
THE TRAGEDY OF ROMEO AND JULIET,2,4,A Street.,BENVOLIO,PERSON,"People, including fictional"
THE TRAGEDY OF ROMEO AND JULIET,2,4,A Street.,MERCUTIO,PERSON,"People, including fictional"
THE TRAGEDY OF ROMEO AND JULIET,2,4,A Street.,BENVOLIO,PERSON,"People, including fictional"
THE TRAGEDY OF ROMEO AND JULIET,2,4,A Street.,MERCUTIO,PERSON,"People, including fictional"
THE TRAGEDY OF ROMEO AND JULIET,2,4,A Street.,Nurse,TITLE,TITLE
THE TRAGEDY OF ROMEO AND JULIET,2,4,A Street.,Peter,PERSON,"People, including fictional"
THE TRAGEDY OF ROMEO AND JULIET,2,4,A Street.,ROMEO,PERSON,"People, including fictional"
THE TRAGEDY OF ROMEO AND JULIET,2,4,A Street.,MERCUTIO,PERSON,"People, including fictional"
THE TRAGEDY OF ROMEO AND JULIET,2,4,A Street.,NURSE,TITLE,TITLE
THE TRAGEDY OF ROMEO AND JULIET,2,4,A Street.,Peter,PERSON,"People, including fictional"
THE TRAGEDY OF ROMEO AND JULIET,2,4,A Street.,PETER,PERSON,"People, including fictional"
THE TRAGEDY OF ROMEO AND JULIET,2,4,A Street.,NURSE,TITLE,TITLE
THE TRAGEDY OF ROMEO AND JULIET,2,4,A Street.,Peter,PERSON,"People, including fictional"
THE TRAGEDY OF ROMEO AND JULIET,2,4,A Street.,MERCUTIO,PERSON,"People, including fictional"
THE TRAGEDY OF ROMEO AND JULIET,2,4,A Street.,Peter,PERSON,"People, including fictional"
THE TRAGEDY OF ROMEO AND JULIET,2,4,A Street.,NURSE,TITLE,TITLE
THE TRAGEDY OF ROMEO AND JULIET,2,4,A Street.,MERCUTIO,PERSON,"People, including fictional"
THE TRAGEDY OF ROMEO AND JULIET,2,4,A Street.,NURSE,TITLE,TITLE
THE TRAGEDY OF ROMEO AND JULIET,2,4,A Street.,MERCUTIO,PERSON,"People, including fictional"
THE TRAGEDY OF ROMEO AND JULIET,2,4,A Street.,NURSE,TITLE,TITLE
THE TRAGEDY OF ROMEO AND JULIET,2,4,A Street.,ROMEO,PERSON,"People, including fictional"
THE TRAGEDY OF ROMEO AND JULIET,2,4,A Street.,NURSE,TITLE,TITLE
THE TRAGEDY OF ROMEO AND JULIET,2,4,A Street.,Romeo,PERSON,"People, including fictional"
THE TRAGEDY OF ROMEO AND JULIET,2,4,A Street.,ROMEO,PERSON,"People, including fictional"
THE TRAGEDY OF ROMEO AND JULIET,2,4,A Street.,Romeo,PERSON,"People, including fictional"
THE TRAGEDY OF ROMEO AND JULIET,2,4,A Street.,NURSE,TITLE,TITLE
THE TRAGEDY OF ROMEO AND JULIET,2,4,A Street.,MERCUTIO,PERSON,"People, including fictional"
THE TRAGEDY OF ROMEO AND JULIET,2,4,A Street.,NURSE,TITLE,TITLE
THE TRAGEDY OF ROMEO AND JULIET,2,4,A Street.,BENVOLIO,PERSON,"People, including fictional"
THE TRAGEDY OF ROMEO AND JULIET,2,4,A Street.,MERCUTIO,PERSON,"People, including fictional"
THE TRAGEDY OF ROMEO AND JULIET,2,4,A Street.,ROMEO,PERSON,"People, including fictional"
THE TRAGEDY OF ROMEO AND JULIET,2,4,A Street.,MERCUTIO,PERSON,"People, including fictional"
THE TRAGEDY OF ROMEO AND JULIET,2,4,A Street.,Romeo,PERSON,"People, including fictional"
THE TRAGEDY OF ROMEO AND JULIET,2,4,A Street.,ROMEO,PERSON,"People, including fictional"
THE TRAGEDY OF ROMEO AND JULIET,2,4,A Street.,MERCUTIO,PERSON,"People, including fictional"
THE TRAGEDY OF ROMEO AND JULIET,2,4,A Street.,Mercutio,PERSON,"People, including fictional"
THE TRAGEDY OF ROMEO AND JULIET,2,4,A Street.,Benvolio,PERSON,"People, including fictional"
THE TRAGEDY OF ROMEO AND JULIET,2,4,A Street.,NURSE,TITLE,TITLE
THE TRAGEDY OF ROMEO AND JULIET,2,4,A Street.,ROMEO,PERSON,"People, including fictional"
THE TRAGEDY OF ROMEO AND JULIET,2,4,A Street.,Nurse,TITLE,TITLE
THE TRAGEDY OF ROMEO AND JULIET,2,4,A Street.,NURSE,TITLE,TITLE
THE TRAGEDY OF ROMEO AND JULIET,2,4,A Street.,PETER,PERSON,"People, including fictional"
THE TRAGEDY OF ROMEO AND JULIET,2,4,A Street.,NURSE,TITLE,TITLE
THE TRAGEDY OF ROMEO AND JULIET,2,4,A Street.,ROMEO,PERSON,"People, including fictional"
THE TRAGEDY OF ROMEO AND JULIET,2,4,A Street.,Nurse,TITLE,TITLE
THE TRAGEDY OF ROMEO AND JULIET,2,4,A Street.,NURSE,TITLE,TITLE
THE TRAGEDY OF ROMEO AND JULIET,2,4,A Street.,ROMEO,PERSON,"People, including fictional"
THE TRAGEDY OF ROMEO AND JULIET,2,4,A Street.,Nurse,TITLE,TITLE
THE TRAGEDY OF ROMEO AND JULIET,2,4,A Street.,NURSE,TITLE,TITLE
THE TRAGEDY OF ROMEO AND JULIET,2,4,A Street.,ROMEO,PERSON,"People, including fictional"
THE TRAGEDY OF ROMEO AND JULIET,2,4,A Street.,Friar Lawrence,PERSON,"People, including fictional"
THE TRAGEDY OF ROMEO AND JULIET,2,4,A Street.,NURSE,TITLE,TITLE
THE TRAGEDY OF ROMEO AND JULIET,2,4,A Street.,ROMEO,PERSON,"People, including fictional"
THE TRAGEDY OF ROMEO AND JULIET,2,4,A Street.,NURSE,TITLE,TITLE
THE TRAGEDY OF ROMEO AND JULIET,2,4,A Street.,ROMEO,PERSON,"People, including fictional"
THE TRAGEDY OF ROMEO AND JULIET,2,4,A Street.,Nurse,TITLE,TITLE
THE TRAGEDY OF ROMEO AND JULIET,2,4,A Street.,NURSE,TITLE,TITLE
THE TRAGEDY OF ROMEO AND JULIET,2,4,A Street.,ROMEO,PERSON,"People, including fictional"
THE TRAGEDY OF ROMEO AND JULIET,2,4,A Street.,Nurse,TITLE,TITLE
THE TRAGEDY OF ROMEO AND JULIET,2,4,A Street.,NURSE,TITLE,TITLE
THE TRAGEDY OF ROMEO AND JULIET,2,4,A Street.,ROMEO,PERSON,"People, including fictional"
THE TRAGEDY OF ROMEO AND JULIET,2,4,A Street.,NURSE,TITLE,TITLE
THE TRAGEDY OF ROMEO AND JULIET,2,4,A Street.,Paris,PERSON,"People, including fictional"
THE TRAGEDY OF ROMEO AND JULIET,2,4,A Street.,Paris,PERSON,"People, including fictional"
THE TRAGEDY OF ROMEO AND JULIET,2,4,A Street.,Romeo,PERSON,"People, including fictional"
THE TRAGEDY OF ROMEO AND JULIET,2,4,A Street.,ROMEO,PERSON,"People, including fictional"
THE TRAGEDY OF ROMEO AND JULIET,2,4,A Street.,Nurse,TITLE,TITLE
THE TRAGEDY OF ROMEO AND JULIET,2,4,A Street.,an R. NURSE.,PERSON,"People, including fictional"
THE TRAGEDY OF ROMEO AND JULIET,2,4,A Street.,ROMEO,PERSON,"People, including fictional"
THE TRAGEDY OF ROMEO AND JULIET,2,4,A Street.,NURSE,TITLE,TITLE
THE TRAGEDY OF ROMEO AND JULIET,2,4,A Street.,Peter,PERSON,"People, including fictional"
THE TRAGEDY OF ROMEO AND JULIET,2,4,A Street.,Romeo,PERSON,"People, including fictional"
THE TRAGEDY OF ROMEO AND JULIET,2,4,A Street.,PETER,PERSON,"People, including fictional"
THE TRAGEDY OF ROMEO AND JULIET,2,4,A Street.,NURSE,TITLE,TITLE
THE TRAGEDY OF ROMEO AND JULIET,2,5,Capulet's Garden.,Juliet,PERSON,"People, including fictional"
THE TRAGEDY OF ROMEO AND JULIET,2,5,Capulet's Garden.,JULIET,PERSON,"People, including fictional"
THE TRAGEDY OF ROMEO AND JULIET,2,5,Capulet's Garden.,Nurse,TITLE,TITLE
THE TRAGEDY OF ROMEO AND JULIET,2,5,Capulet's Garden.,Nurse,TITLE,TITLE
THE TRAGEDY OF ROMEO AND JULIET,2,5,Capulet's Garden.,Peter,PERSON,"People, including fictional"
THE TRAGEDY OF ROMEO AND JULIET,2,5,Capulet's Garden.,Nurse,TITLE,TITLE
THE TRAGEDY OF ROMEO AND JULIET,2,5,Capulet's Garden.,NURSE,TITLE,TITLE
THE TRAGEDY OF ROMEO AND JULIET,2,5,Capulet's Garden.,Peter,PERSON,"People, including fictional"
THE TRAGEDY OF ROMEO AND JULIET,2,5,Capulet's Garden.,Peter,PERSON,"People, including fictional"
THE TRAGEDY OF ROMEO AND JULIET,2,5,Capulet's Garden.,JULIET,PERSON,"People, including fictional"
THE TRAGEDY OF ROMEO AND JULIET,2,5,Capulet's Garden.,NURSE,TITLE,TITLE
THE TRAGEDY OF ROMEO AND JULIET,2,5,Capulet's Garden.,JULIET,PERSON,"People, including fictional"
THE TRAGEDY OF ROMEO AND JULIET,2,5,Capulet's Garden.,Nurse,TITLE,TITLE
THE TRAGEDY OF ROMEO AND JULIET,2,5,Capulet's Garden.,NURSE,TITLE,TITLE
THE TRAGEDY OF ROMEO AND JULIET,2,5,Capulet's Garden.,JULIET,PERSON,"People, including fictional"
THE TRAGEDY OF ROMEO AND JULIET,2,5,Capulet's Garden.,NURSE,TITLE,TITLE
THE TRAGEDY OF ROMEO AND JULIET,2,5,Capulet's Garden.,Romeo,PERSON,"People, including fictional"
THE TRAGEDY OF ROMEO AND JULIET,2,5,Capulet's Garden.,JULIET,PERSON,"People, including fictional"
THE TRAGEDY OF ROMEO AND JULIET,2,5,Capulet's Garden.,NURSE,TITLE,TITLE
THE TRAGEDY OF ROMEO AND JULIET,2,5,Capulet's Garden.,Beshrew,PERSON,"People, including fictional"
THE TRAGEDY OF ROMEO AND JULIET,2,5,Capulet's Garden.,JULIET,PERSON,"People, including fictional"
THE TRAGEDY OF ROMEO AND JULIET,2,5,Capulet's Garden.,Nurse,TITLE,TITLE
THE TRAGEDY OF ROMEO AND JULIET,2,5,Capulet's Garden.,NURSE,TITLE,TITLE
THE TRAGEDY OF ROMEO AND JULIET,2,5,Capulet's Garden.,JULIET,PERSON,"People, including fictional"
THE TRAGEDY OF ROMEO AND JULIET,2,5,Capulet's Garden.,NURSE,TITLE,TITLE
THE TRAGEDY OF ROMEO AND JULIET,2,5,Capulet's Garden.,Henceforward,PERSON,"People, including fictional"
THE TRAGEDY OF ROMEO AND JULIET,2,5,Capulet's Garden.,JULIET,PERSON,"People, including fictional"
THE TRAGEDY OF ROMEO AND JULIET,2,5,Capulet's Garden.,Romeo,PERSON,"People, including fictional"
THE TRAGEDY OF ROMEO AND JULIET,2,5,Capulet's Garden.,NURSE,TITLE,TITLE
THE TRAGEDY OF ROMEO AND JULIET,2,5,Capulet's Garden.,JULIET,PERSON,"People, including fictional"
THE TRAGEDY OF ROMEO AND JULIET,2,5,Capulet's Garden.,NURSE,TITLE,TITLE
THE TRAGEDY OF ROMEO AND JULIET,2,5,Capulet's Garden.,Friar Lawrence,PERSON,"People, including fictional"
THE TRAGEDY OF ROMEO AND JULIET,2,5,Capulet's Garden.,JULIET,PERSON,"People, including fictional"
THE TRAGEDY OF ROMEO AND JULIET,2,5,Capulet's Garden.,Nurse,TITLE,TITLE
THE TRAGEDY OF ROMEO AND JULIET,2,6,Friar Lawrence's Cell.,Friar Lawrence,PERSON,"People, including fictional"
THE TRAGEDY OF ROMEO AND JULIET,2,6,Friar Lawrence's Cell.,Romeo,PERSON,"People, including fictional"
THE TRAGEDY OF ROMEO AND JULIET,2,6,Friar Lawrence's Cell.,FRIAR LAWRENCE,PERSON,"People, including fictional"
THE TRAGEDY OF ROMEO AND JULIET,2,6,Friar Lawrence's Cell.,ROMEO,PERSON,"People, including fictional"
THE TRAGEDY OF ROMEO AND JULIET,2,6,Friar Lawrence's Cell.,FRIAR LAWRENCE,PERSON,"People, including fictional"
THE TRAGEDY OF ROMEO AND JULIET,2,6,Friar Lawrence's Cell.,Juliet,PERSON,"People, including fictional"
THE TRAGEDY OF ROMEO AND JULIET,2,6,Friar Lawrence's Cell.,JULIET,PERSON,"People, including fictional"
THE TRAGEDY OF ROMEO AND JULIET,2,6,Friar Lawrence's Cell.,FRIAR LAWRENCE,PERSON,"People, including fictional"
THE TRAGEDY OF ROMEO AND JULIET,2,6,Friar Lawrence's Cell.,Romeo,PERSON,"People, including fictional"
THE TRAGEDY OF ROMEO AND JULIET,2,6,Friar Lawrence's Cell.,JULIET,PERSON,"People, including fictional"
THE TRAGEDY OF ROMEO AND JULIET,2,6,Friar Lawrence's Cell.,ROMEO,PERSON,"People, including fictional"
THE TRAGEDY OF ROMEO AND JULIET,2,6,Friar Lawrence's Cell.,Juliet,PERSON,"People, including fictional"
THE TRAGEDY OF ROMEO AND JULIET,2,6,Friar Lawrence's Cell.,JULIET,PERSON,"People, including fictional"
THE TRAGEDY OF ROMEO AND JULIET,2,6,Friar Lawrence's Cell.,Brags,PERSON,"People, including fictional"
THE TRAGEDY OF ROMEO AND JULIET,2,6,Friar Lawrence's Cell.,FRIAR LAWRENCE,PERSON,"People, including fictional"
THE TRAGEDY OF ROMEO AND JULIET,3,1,A public Place.,Mercutio,PERSON,"People, including fictional"
THE TRAGEDY OF ROMEO AND JULIET,3,1,A public Place.,Benvolio,PERSON,"People, including fictional"
THE TRAGEDY OF ROMEO AND JULIET,3,1,A public Place.,Servants.,PERSON,"People, including fictional"
THE TRAGEDY OF ROMEO AND JULIET,3,1,A public Place.,BENVOLIO,PERSON,"People, including fictional"
THE TRAGEDY OF ROMEO AND JULIET,3,1,A public Place.,Mercutio,PERSON,"People, including fictional"
THE TRAGEDY OF ROMEO AND JULIET,3,1,A public Place.,MERCUTIO,PERSON,"People, including fictional"
THE TRAGEDY OF ROMEO AND JULIET,3,1,A public Place.,BENVOLIO,PERSON,"People, including fictional"
THE TRAGEDY OF ROMEO AND JULIET,3,1,A public Place.,MERCUTIO,PERSON,"People, including fictional"
THE TRAGEDY OF ROMEO AND JULIET,3,1,A public Place.,Italy,GPE,"Countries, cities, states"
THE TRAGEDY OF ROMEO AND JULIET,3,1,A public Place.,BENVOLIO,PERSON,"People, including fictional"
THE TRAGEDY OF ROMEO AND JULIET,3,1,A public Place.,MERCUTIO,PERSON,"People, including fictional"
THE TRAGEDY OF ROMEO AND JULIET,3,1,A public Place.,BENVOLIO,PERSON,"People, including fictional"
THE TRAGEDY OF ROMEO AND JULIET,3,1,A public Place.,MERCUTIO,PERSON,"People, including fictional"
THE TRAGEDY OF ROMEO AND JULIET,3,1,A public Place.,Tybalt,PERSON,"People, including fictional"
THE TRAGEDY OF ROMEO AND JULIET,3,1,A public Place.,BENVOLIO,PERSON,"People, including fictional"
THE TRAGEDY OF ROMEO AND JULIET,3,1,A public Place.,MERCUTIO,PERSON,"People, including fictional"
THE TRAGEDY OF ROMEO AND JULIET,3,1,A public Place.,TYBALT,PERSON,"People, including fictional"
THE TRAGEDY OF ROMEO AND JULIET,3,1,A public Place.,MERCUTIO,PERSON,"People, including fictional"
THE TRAGEDY OF ROMEO AND JULIET,3,1,A public Place.,TYBALT,PERSON,"People, including fictional"
THE TRAGEDY OF ROMEO AND JULIET,3,1,A public Place.,MERCUTIO,PERSON,"People, including fictional"
THE TRAGEDY OF ROMEO AND JULIET,3,1,A public Place.,TYBALT,PERSON,"People, including fictional"
THE TRAGEDY OF ROMEO AND JULIET,3,1,A public Place.,Mercutio,PERSON,"People, including fictional"
THE TRAGEDY OF ROMEO AND JULIET,3,1,A public Place.,Romeo,PERSON,"People, including fictional"
THE TRAGEDY OF ROMEO AND JULIET,3,1,A public Place.,MERCUTIO,PERSON,"People, including fictional"
THE TRAGEDY OF ROMEO AND JULIET,3,1,A public Place.,BENVOLIO,PERSON,"People, including fictional"
THE TRAGEDY OF ROMEO AND JULIET,3,1,A public Place.,MERCUTIO,PERSON,"People, including fictional"
THE TRAGEDY OF ROMEO AND JULIET,3,1,A public Place.,Romeo,PERSON,"People, including fictional"
THE TRAGEDY OF ROMEO AND JULIET,3,1,A public Place.,TYBALT,PERSON,"People, including fictional"
THE TRAGEDY OF ROMEO AND JULIET,3,1,A public Place.,MERCUTIO,PERSON,"People, including fictional"
THE TRAGEDY OF ROMEO AND JULIET,3,1,A public Place.,field,GPE,"Countries, cities, states"
THE TRAGEDY OF ROMEO AND JULIET,3,1,A public Place.,TYBALT,PERSON,"People, including fictional"
THE TRAGEDY OF ROMEO AND JULIET,3,1,A public Place.,Romeo,PERSON,"People, including fictional"
THE TRAGEDY OF ROMEO AND JULIET,3,1,A public Place.,ROMEO,PERSON,"People, including fictional"
THE TRAGEDY OF ROMEO AND JULIET,3,1,A public Place.,Tybalt,PERSON,"People, including fictional"
THE TRAGEDY OF ROMEO AND JULIET,3,1,A public Place.,TYBALT,PERSON,"People, including fictional"
THE TRAGEDY OF ROMEO AND JULIET,3,1,A public Place.,Boy,PERSON,"People, including fictional"
THE TRAGEDY OF ROMEO AND JULIET,3,1,A public Place.,ROMEO,PERSON,"People, including fictional"
THE TRAGEDY OF ROMEO AND JULIET,3,1,A public Place.,Capulet,PERSON,"People, including fictional"
THE TRAGEDY OF ROMEO AND JULIET,3,1,A public Place.,MERCUTIO,PERSON,"People, including fictional"
THE TRAGEDY OF ROMEO AND JULIET,3,1,A public Place.,Tybalt,PERSON,"People, including fictional"
THE TRAGEDY OF ROMEO AND JULIET,3,1,A public Place.,TYBALT,PERSON,"People, including fictional"
THE TRAGEDY OF ROMEO AND JULIET,3,1,A public Place.,MERCUTIO,PERSON,"People, including fictional"
THE TRAGEDY OF ROMEO AND JULIET,3,1,A public Place.,TYBALT,PERSON,"People, including fictional"
THE TRAGEDY OF ROMEO AND JULIET,3,1,A public Place.,ROMEO,PERSON,"People, including fictional"
THE TRAGEDY OF ROMEO AND JULIET,3,1,A public Place.,Mercutio,PERSON,"People, including fictional"
THE TRAGEDY OF ROMEO AND JULIET,3,1,A public Place.,MERCUTIO,PERSON,"People, including fictional"
THE TRAGEDY OF ROMEO AND JULIET,3,1,A public Place.,ROMEO,PERSON,"People, including fictional"
THE TRAGEDY OF ROMEO AND JULIET,3,1,A public Place.,Benvolio,PERSON,"People, including fictional"
THE TRAGEDY OF ROMEO AND JULIET,3,1,A public Place.,Tybalt,PERSON,"People, including fictional"
THE TRAGEDY OF ROMEO AND JULIET,3,1,A public Place.,Mercutio,PERSON,"People, including fictional"
THE TRAGEDY OF ROMEO AND JULIET,3,1,A public Place.,Verona,GPE,"Countries, cities, states"
THE TRAGEDY OF ROMEO AND JULIET,3,1,A public Place.,Tybalt,PERSON,"People, including fictional"
THE TRAGEDY OF ROMEO AND JULIET,3,1,A public Place.,Mercutio,PERSON,"People, including fictional"
THE TRAGEDY OF ROMEO AND JULIET,3,1,A public Place.,Tybalt,PERSON,"People, including fictional"
THE TRAGEDY OF ROMEO AND JULIET,3,1,A public Place.,MERCUTIO,PERSON,"People, including fictional"
THE TRAGEDY OF ROMEO AND JULIET,3,1,A public Place.,BENVOLIO,PERSON,"People, including fictional"
THE TRAGEDY OF ROMEO AND JULIET,3,1,A public Place.,MERCUTIO,PERSON,"People, including fictional"
THE TRAGEDY OF ROMEO AND JULIET,3,1,A public Place.,ROMEO,PERSON,"People, including fictional"
THE TRAGEDY OF ROMEO AND JULIET,3,1,A public Place.,MERCUTIO,PERSON,"People, including fictional"
THE TRAGEDY OF ROMEO AND JULIET,3,1,A public Place.,ROMEO,PERSON,"People, including fictional"
THE TRAGEDY OF ROMEO AND JULIET,3,1,A public Place.,MERCUTIO,PERSON,"People, including fictional"
THE TRAGEDY OF ROMEO AND JULIET,3,1,A public Place.,Benvolio,PERSON,"People, including fictional"
THE TRAGEDY OF ROMEO AND JULIET,3,1,A public Place.,Mercutio,PERSON,"People, including fictional"
THE TRAGEDY OF ROMEO AND JULIET,3,1,A public Place.,Benvolio,PERSON,"People, including fictional"
THE TRAGEDY OF ROMEO AND JULIET,3,1,A public Place.,ROMEO,PERSON,"People, including fictional"
THE TRAGEDY OF ROMEO AND JULIET,3,1,A public Place.,Tybalt,PERSON,"People, including fictional"
THE TRAGEDY OF ROMEO AND JULIET,3,1,A public Place.,Juliet,PERSON,"People, including fictional"
THE TRAGEDY OF ROMEO AND JULIET,3,1,A public Place.,Benvolio,PERSON,"People, including fictional"
THE TRAGEDY OF ROMEO AND JULIET,3,1,A public Place.,BENVOLIO,PERSON,"People, including fictional"
THE TRAGEDY OF ROMEO AND JULIET,3,1,A public Place.,Romeo,PERSON,"People, including fictional"
THE TRAGEDY OF ROMEO AND JULIET,3,1,A public Place.,Romeo,PERSON,"People, including fictional"
THE TRAGEDY OF ROMEO AND JULIET,3,1,A public Place.,Mercutio,PERSON,"People, including fictional"
THE TRAGEDY OF ROMEO AND JULIET,3,1,A public Place.,ROMEO,PERSON,"People, including fictional"
THE TRAGEDY OF ROMEO AND JULIET,3,1,A public Place.,Tybalt,PERSON,"People, including fictional"
THE TRAGEDY OF ROMEO AND JULIET,3,1,A public Place.,BENVOLIO,PERSON,"People, including fictional"
THE TRAGEDY OF ROMEO AND JULIET,3,1,A public Place.,Tybalt,PERSON,"People, including fictional"
THE TRAGEDY OF ROMEO AND JULIET,3,1,A public Place.,ROMEO,PERSON,"People, including fictional"
THE TRAGEDY OF ROMEO AND JULIET,3,1,A public Place.,Mercutio,PERSON,"People, including fictional"
THE TRAGEDY OF ROMEO AND JULIET,3,1,A public Place.,Tybalt,PERSON,"People, including fictional"
THE TRAGEDY OF ROMEO AND JULIET,3,1,A public Place.,Mercutio,PERSON,"People, including fictional"
THE TRAGEDY OF ROMEO AND JULIET,3,1,A public Place.,TYBALT,PERSON,"People, including fictional"
THE TRAGEDY OF ROMEO AND JULIET,3,1,A public Place.,boy,PERSON,"People, including fictional"
THE TRAGEDY OF ROMEO AND JULIET,3,1,A public Place.,ROMEO,PERSON,"People, including fictional"
THE TRAGEDY OF ROMEO AND JULIET,3,1,A public Place.,Tybalt,PERSON,"People, including fictional"
THE TRAGEDY OF ROMEO AND JULIET,3,1,A public Place.,BENVOLIO,PERSON,"People, including fictional"
THE TRAGEDY OF ROMEO AND JULIET,3,1,A public Place.,Romeo,PERSON,"People, including fictional"
THE TRAGEDY OF ROMEO AND JULIET,3,1,A public Place.,Tybalt,PERSON,"People, including fictional"
THE TRAGEDY OF ROMEO AND JULIET,3,1,A public Place.,Hence,PERSON,"People, including fictional"
THE TRAGEDY OF ROMEO AND JULIET,3,1,A public Place.,ROMEO,PERSON,"People, including fictional"
THE TRAGEDY OF ROMEO AND JULIET,3,1,A public Place.,BENVOLIO,PERSON,"People, including fictional"
THE TRAGEDY OF ROMEO AND JULIET,3,1,A public Place.,Romeo,PERSON,"People, including fictional"
THE TRAGEDY OF ROMEO AND JULIET,3,1,A public Place.,Mercutio,PERSON,"People, including fictional"
THE TRAGEDY OF ROMEO AND JULIET,3,1,A public Place.,Tybalt,PERSON,"People, including fictional"
THE TRAGEDY OF ROMEO AND JULIET,3,1,A public Place.,BENVOLIO,PERSON,"People, including fictional"
THE TRAGEDY OF ROMEO AND JULIET,3,1,A public Place.,Tybalt,PERSON,"People, including fictional"
THE TRAGEDY OF ROMEO AND JULIET,3,1,A public Place.,Montague,PERSON,"People, including fictional"
THE TRAGEDY OF ROMEO AND JULIET,3,1,A public Place.,Capulet,PERSON,"People, including fictional"
THE TRAGEDY OF ROMEO AND JULIET,3,1,A public Place.,BENVOLIO,PERSON,"People, including fictional"
THE TRAGEDY OF ROMEO AND JULIET,3,1,A public Place.,Romeo,PERSON,"People, including fictional"
THE TRAGEDY OF ROMEO AND JULIET,3,1,A public Place.,Mercutio,PERSON,"People, including fictional"
THE TRAGEDY OF ROMEO AND JULIET,3,1,A public Place.,LADY CAPULET,PERSON,"People, including fictional"
THE TRAGEDY OF ROMEO AND JULIET,3,1,A public Place.,Tybalt,PERSON,"People, including fictional"
THE TRAGEDY OF ROMEO AND JULIET,3,1,A public Place.,Montague,PERSON,"People, including fictional"
THE TRAGEDY OF ROMEO AND JULIET,3,1,A public Place.,Benvolio,PERSON,"People, including fictional"
THE TRAGEDY OF ROMEO AND JULIET,3,1,A public Place.,BENVOLIO,PERSON,"People, including fictional"
THE TRAGEDY OF ROMEO AND JULIET,3,1,A public Place.,Tybalt,PERSON,"People, including fictional"
THE TRAGEDY OF ROMEO AND JULIET,3,1,A public Place.,Romeo,PERSON,"People, including fictional"
THE TRAGEDY OF ROMEO AND JULIET,3,1,A public Place.,Romeo,PERSON,"People, including fictional"
THE TRAGEDY OF ROMEO AND JULIET,3,1,A public Place.,Tybalt,PERSON,"People, including fictional"
THE TRAGEDY OF ROMEO AND JULIET,3,1,A public Place.,Mercutio,PERSON,"People, including fictional"
THE TRAGEDY OF ROMEO AND JULIET,3,1,A public Place.,Tybalt,PERSON,"People, including fictional"
THE TRAGEDY OF ROMEO AND JULIET,3,1,A public Place.,Romeo,PERSON,"People, including fictional"
THE TRAGEDY OF ROMEO AND JULIET,3,1,A public Place.,Tybalt,PERSON,"People, including fictional"
THE TRAGEDY OF ROMEO AND JULIET,3,1,A public Place.,Mercutio,PERSON,"People, including fictional"
THE TRAGEDY OF ROMEO AND JULIET,3,1,A public Place.,Tybalt,PERSON,"People, including fictional"
THE TRAGEDY OF ROMEO AND JULIET,3,1,A public Place.,Romeo,PERSON,"People, including fictional"
THE TRAGEDY OF ROMEO AND JULIET,3,1,A public Place.,Tybalt,PERSON,"People, including fictional"
THE TRAGEDY OF ROMEO AND JULIET,3,1,A public Place.,Romeo,PERSON,"People, including fictional"
THE TRAGEDY OF ROMEO AND JULIET,3,1,A public Place.,Benvolio,PERSON,"People, including fictional"
THE TRAGEDY OF ROMEO AND JULIET,3,1,A public Place.,LADY CAPULET,PERSON,"People, including fictional"
THE TRAGEDY OF ROMEO AND JULIET,3,1,A public Place.,Montague,PERSON,"People, including fictional"
THE TRAGEDY OF ROMEO AND JULIET,3,1,A public Place.,Romeo,PERSON,"People, including fictional"
THE TRAGEDY OF ROMEO AND JULIET,3,1,A public Place.,Tybalt,PERSON,"People, including fictional"
THE TRAGEDY OF ROMEO AND JULIET,3,1,A public Place.,Romeo,PERSON,"People, including fictional"
THE TRAGEDY OF ROMEO AND JULIET,3,1,A public Place.,Romeo,PERSON,"People, including fictional"
THE TRAGEDY OF ROMEO AND JULIET,3,1,A public Place.,Mercutio,PERSON,"People, including fictional"
THE TRAGEDY OF ROMEO AND JULIET,3,1,A public Place.,MONTAGUE,PERSON,"People, including fictional"
THE TRAGEDY OF ROMEO AND JULIET,3,1,A public Place.,Romeo,PERSON,"People, including fictional"
THE TRAGEDY OF ROMEO AND JULIET,3,1,A public Place.,Mercutio,PERSON,"People, including fictional"
THE TRAGEDY OF ROMEO AND JULIET,3,1,A public Place.,Tybalt,PERSON,"People, including fictional"
THE TRAGEDY OF ROMEO AND JULIET,3,1,A public Place.,Romeo,PERSON,"People, including fictional"
THE TRAGEDY OF ROMEO AND JULIET,3,2,A Room in Capulet's House.,Juliet,PERSON,"People, including fictional"
THE TRAGEDY OF ROMEO AND JULIET,3,2,A Room in Capulet's House.,JULIET,PERSON,"People, including fictional"
THE TRAGEDY OF ROMEO AND JULIET,3,2,A Room in Capulet's House.,Gallop,PERSON,"People, including fictional"
THE TRAGEDY OF ROMEO AND JULIET,3,2,A Room in Capulet's House.,Phoebus,PERSON,"People, including fictional"
THE TRAGEDY OF ROMEO AND JULIET,3,2,A Room in Capulet's House.,Phaeton,PERSON,"People, including fictional"
THE TRAGEDY OF ROMEO AND JULIET,3,2,A Room in Capulet's House.,Romeo,PERSON,"People, including fictional"
THE TRAGEDY OF ROMEO AND JULIET,3,2,A Room in Capulet's House.,Hood,PERSON,"People, including fictional"
THE TRAGEDY OF ROMEO AND JULIET,3,2,A Room in Capulet's House.,Romeo,PERSON,"People, including fictional"
THE TRAGEDY OF ROMEO AND JULIET,3,2,A Room in Capulet's House.,Romeo,PERSON,"People, including fictional"
THE TRAGEDY OF ROMEO AND JULIET,3,2,A Room in Capulet's House.,Nurse,TITLE,TITLE
THE TRAGEDY OF ROMEO AND JULIET,3,2,A Room in Capulet's House.,Romeo,PERSON,"People, including fictional"
THE TRAGEDY OF ROMEO AND JULIET,3,2,A Room in Capulet's House.,Nurse,TITLE,TITLE
THE TRAGEDY OF ROMEO AND JULIET,3,2,A Room in Capulet's House.,Nurse,TITLE,TITLE
THE TRAGEDY OF ROMEO AND JULIET,3,2,A Room in Capulet's House.,Romeo,PERSON,"People, including fictional"
THE TRAGEDY OF ROMEO AND JULIET,3,2,A Room in Capulet's House.,NURSE,TITLE,TITLE
THE TRAGEDY OF ROMEO AND JULIET,3,2,A Room in Capulet's House.,JULIET,PERSON,"People, including fictional"
THE TRAGEDY OF ROMEO AND JULIET,3,2,A Room in Capulet's House.,NURSE,TITLE,TITLE
THE TRAGEDY OF ROMEO AND JULIET,3,2,A Room in Capulet's House.,JULIET,PERSON,"People, including fictional"
THE TRAGEDY OF ROMEO AND JULIET,3,2,A Room in Capulet's House.,NURSE,TITLE,TITLE
THE TRAGEDY OF ROMEO AND JULIET,3,2,A Room in Capulet's House.,Romeo,PERSON,"People, including fictional"
THE TRAGEDY OF ROMEO AND JULIET,3,2,A Room in Capulet's House.,Romeo,PERSON,"People, including fictional"
THE TRAGEDY OF ROMEO AND JULIET,3,2,A Room in Capulet's House.,Romeo,PERSON,"People, including fictional"
THE TRAGEDY OF ROMEO AND JULIET,3,2,A Room in Capulet's House.,Romeo,PERSON,"People, including fictional"
THE TRAGEDY OF ROMEO AND JULIET,3,2,A Room in Capulet's House.,JULIET,PERSON,"People, including fictional"
THE TRAGEDY OF ROMEO AND JULIET,3,2,A Room in Capulet's House.,Romeo,PERSON,"People, including fictional"
THE TRAGEDY OF ROMEO AND JULIET,3,2,A Room in Capulet's House.,NURSE,TITLE,TITLE
THE TRAGEDY OF ROMEO AND JULIET,3,2,A Room in Capulet's House.,JULIET,PERSON,"People, including fictional"
THE TRAGEDY OF ROMEO AND JULIET,3,2,A Room in Capulet's House.,Romeo,PERSON,"People, including fictional"
THE TRAGEDY OF ROMEO AND JULIET,3,2,A Room in Capulet's House.,NURSE,TITLE,TITLE
THE TRAGEDY OF ROMEO AND JULIET,3,2,A Room in Capulet's House.,Tybalt,PERSON,"People, including fictional"
THE TRAGEDY OF ROMEO AND JULIET,3,2,A Room in Capulet's House.,Tybalt,PERSON,"People, including fictional"
THE TRAGEDY OF ROMEO AND JULIET,3,2,A Room in Capulet's House.,Tybalt,PERSON,"People, including fictional"
THE TRAGEDY OF ROMEO AND JULIET,3,2,A Room in Capulet's House.,JULIET,PERSON,"People, including fictional"
THE TRAGEDY OF ROMEO AND JULIET,3,2,A Room in Capulet's House.,Romeo,PERSON,"People, including fictional"
THE TRAGEDY OF ROMEO AND JULIET,3,2,A Room in Capulet's House.,Tybalt,PERSON,"People, including fictional"
THE TRAGEDY OF ROMEO AND JULIET,3,2,A Room in Capulet's House.,NURSE,TITLE,TITLE
THE TRAGEDY OF ROMEO AND JULIET,3,2,A Room in Capulet's House.,Tybalt,PERSON,"People, including fictional"
THE TRAGEDY OF ROMEO AND JULIET,3,2,A Room in Capulet's House.,Romeo,PERSON,"People, including fictional"
THE TRAGEDY OF ROMEO AND JULIET,3,2,A Room in Capulet's House.,Romeo,PERSON,"People, including fictional"
THE TRAGEDY OF ROMEO AND JULIET,3,2,A Room in Capulet's House.,JULIET,PERSON,"People, including fictional"
THE TRAGEDY OF ROMEO AND JULIET,3,2,A Room in Capulet's House.,Romeo,PERSON,"People, including fictional"
THE TRAGEDY OF ROMEO AND JULIET,3,2,A Room in Capulet's House.,Tybalt,PERSON,"People, including fictional"
THE TRAGEDY OF ROMEO AND JULIET,3,2,A Room in Capulet's House.,NURSE,TITLE,TITLE
THE TRAGEDY OF ROMEO AND JULIET,3,2,A Room in Capulet's House.,JULIET,PERSON,"People, including fictional"
THE TRAGEDY OF ROMEO AND JULIET,3,2,A Room in Capulet's House.,NURSE,TITLE,TITLE
THE TRAGEDY OF ROMEO AND JULIET,3,2,A Room in Capulet's House.,Romeo,PERSON,"People, including fictional"
THE TRAGEDY OF ROMEO AND JULIET,3,2,A Room in Capulet's House.,JULIET,PERSON,"People, including fictional"
THE TRAGEDY OF ROMEO AND JULIET,3,2,A Room in Capulet's House.,NURSE,TITLE,TITLE
THE TRAGEDY OF ROMEO AND JULIET,3,2,A Room in Capulet's House.,JULIET,PERSON,"People, including fictional"
THE TRAGEDY OF ROMEO AND JULIET,3,2,A Room in Capulet's House.,Tybalt,PERSON,"People, including fictional"
THE TRAGEDY OF ROMEO AND JULIET,3,2,A Room in Capulet's House.,Tybalt,PERSON,"People, including fictional"
THE TRAGEDY OF ROMEO AND JULIET,3,2,A Room in Capulet's House.,Tybalt,PERSON,"People, including fictional"
THE TRAGEDY OF ROMEO AND JULIET,3,2,A Room in Capulet's House.,Tybalt,PERSON,"People, including fictional"
THE TRAGEDY OF ROMEO AND JULIET,3,2,A Room in Capulet's House.,Romeo,PERSON,"People, including fictional"
THE TRAGEDY OF ROMEO AND JULIET,3,2,A Room in Capulet's House.,Tybalt,PERSON,"People, including fictional"
THE TRAGEDY OF ROMEO AND JULIET,3,2,A Room in Capulet's House.,Tybalt,PERSON,"People, including fictional"
THE TRAGEDY OF ROMEO AND JULIET,3,2,A Room in Capulet's House.,Tybalt,PERSON,"People, including fictional"
THE TRAGEDY OF ROMEO AND JULIET,3,2,A Room in Capulet's House.,Romeo,PERSON,"People, including fictional"
THE TRAGEDY OF ROMEO AND JULIET,3,2,A Room in Capulet's House.,Tybalt,PERSON,"People, including fictional"
THE TRAGEDY OF ROMEO AND JULIET,3,2,A Room in Capulet's House.,Romeo,PERSON,"People, including fictional"
THE TRAGEDY OF ROMEO AND JULIET,3,2,A Room in Capulet's House.,Juliet,PERSON,"People, including fictional"
THE TRAGEDY OF ROMEO AND JULIET,3,2,A Room in Capulet's House.,Romeo,PERSON,"People, including fictional"
THE TRAGEDY OF ROMEO AND JULIET,3,2,A Room in Capulet's House.,Nurse,TITLE,TITLE
THE TRAGEDY OF ROMEO AND JULIET,3,2,A Room in Capulet's House.,NURSE,TITLE,TITLE
THE TRAGEDY OF ROMEO AND JULIET,3,2,A Room in Capulet's House.,Tybalt,PERSON,"People, including fictional"
THE TRAGEDY OF ROMEO AND JULIET,3,2,A Room in Capulet's House.,JULIET,PERSON,"People, including fictional"
THE TRAGEDY OF ROMEO AND JULIET,3,2,A Room in Capulet's House.,Romeo,PERSON,"People, including fictional"
THE TRAGEDY OF ROMEO AND JULIET,3,2,A Room in Capulet's House.,Romeo,PERSON,"People, including fictional"
THE TRAGEDY OF ROMEO AND JULIET,3,2,A Room in Capulet's House.,Nurse,TITLE,TITLE
THE TRAGEDY OF ROMEO AND JULIET,3,2,A Room in Capulet's House.,Romeo,PERSON,"People, including fictional"
THE TRAGEDY OF ROMEO AND JULIET,3,2,A Room in Capulet's House.,NURSE,TITLE,TITLE
THE TRAGEDY OF ROMEO AND JULIET,3,2,A Room in Capulet's House.,Romeo,PERSON,"People, including fictional"
THE TRAGEDY OF ROMEO AND JULIET,3,2,A Room in Capulet's House.,Romeo,PERSON,"People, including fictional"
THE TRAGEDY OF ROMEO AND JULIET,3,2,A Room in Capulet's House.,Lawrence,PERSON,"People, including fictional"
THE TRAGEDY OF ROMEO AND JULIET,3,2,A Room in Capulet's House.,JULIET,PERSON,"People, including fictional"
THE TRAGEDY OF ROMEO AND JULIET,3,3,Friar Lawrence's cell.,Friar Lawrence,PERSON,"People, including fictional"
THE TRAGEDY OF ROMEO AND JULIET,3,3,Friar Lawrence's cell.,FRIAR LAWRENCE,PERSON,"People, including fictional"
THE TRAGEDY OF ROMEO AND JULIET,3,3,Friar Lawrence's cell.,Romeo,PERSON,"People, including fictional"
THE TRAGEDY OF ROMEO AND JULIET,3,3,Friar Lawrence's cell.,Romeo,PERSON,"People, including fictional"
THE TRAGEDY OF ROMEO AND JULIET,3,3,Friar Lawrence's cell.,ROMEO,PERSON,"People, including fictional"
THE TRAGEDY OF ROMEO AND JULIET,3,3,Friar Lawrence's cell.,FRIAR LAWRENCE,PERSON,"People, including fictional"
THE TRAGEDY OF ROMEO AND JULIET,3,3,Friar Lawrence's cell.,ROMEO,PERSON,"People, including fictional"
THE TRAGEDY OF ROMEO AND JULIET,3,3,Friar Lawrence's cell.,FRIAR LAWRENCE,PERSON,"People, including fictional"
THE TRAGEDY OF ROMEO AND JULIET,3,3,Friar Lawrence's cell.,ROMEO,PERSON,"People, including fictional"
THE TRAGEDY OF ROMEO AND JULIET,3,3,Friar Lawrence's cell.,FRIAR LAWRENCE,PERSON,"People, including fictional"
THE TRAGEDY OF ROMEO AND JULIET,3,3,Friar Lawrence's cell.,Verona,GPE,"Countries, cities, states"
THE TRAGEDY OF ROMEO AND JULIET,3,3,Friar Lawrence's cell.,ROMEO,PERSON,"People, including fictional"
THE TRAGEDY OF ROMEO AND JULIET,3,3,Friar Lawrence's cell.,Verona,GPE,"Countries, cities, states"
THE TRAGEDY OF ROMEO AND JULIET,3,3,Friar Lawrence's cell.,Hence,PERSON,"People, including fictional"
THE TRAGEDY OF ROMEO AND JULIET,3,3,Friar Lawrence's cell.,FRIAR LAWRENCE,PERSON,"People, including fictional"
THE TRAGEDY OF ROMEO AND JULIET,3,3,Friar Lawrence's cell.,ROMEO,PERSON,"People, including fictional"
THE TRAGEDY OF ROMEO AND JULIET,3,3,Friar Lawrence's cell.,Juliet,PERSON,"People, including fictional"
THE TRAGEDY OF ROMEO AND JULIET,3,3,Friar Lawrence's cell.,Romeo,PERSON,"People, including fictional"
THE TRAGEDY OF ROMEO AND JULIET,3,3,Friar Lawrence's cell.,Romeo,PERSON,"People, including fictional"
THE TRAGEDY OF ROMEO AND JULIET,3,3,Friar Lawrence's cell.,Juliet,PERSON,"People, including fictional"
THE TRAGEDY OF ROMEO AND JULIET,3,3,Friar Lawrence's cell.,Romeo,PERSON,"People, including fictional"
THE TRAGEDY OF ROMEO AND JULIET,3,3,Friar Lawrence's cell.,Hadst,PERSON,"People, including fictional"
THE TRAGEDY OF ROMEO AND JULIET,3,3,Friar Lawrence's cell.,Friar,TITLE,TITLE
THE TRAGEDY OF ROMEO AND JULIET,3,3,Friar Lawrence's cell.,FRIAR LAWRENCE,PERSON,"People, including fictional"
THE TRAGEDY OF ROMEO AND JULIET,3,3,Friar Lawrence's cell.,ROMEO,PERSON,"People, including fictional"
THE TRAGEDY OF ROMEO AND JULIET,3,3,Friar Lawrence's cell.,FRIAR LAWRENCE,PERSON,"People, including fictional"
THE TRAGEDY OF ROMEO AND JULIET,3,3,Friar Lawrence's cell.,ROMEO,PERSON,"People, including fictional"
THE TRAGEDY OF ROMEO AND JULIET,3,3,Friar Lawrence's cell.,Juliet,PERSON,"People, including fictional"
THE TRAGEDY OF ROMEO AND JULIET,3,3,Friar Lawrence's cell.,FRIAR LAWRENCE,PERSON,"People, including fictional"
THE TRAGEDY OF ROMEO AND JULIET,3,3,Friar Lawrence's cell.,ROMEO,PERSON,"People, including fictional"
THE TRAGEDY OF ROMEO AND JULIET,3,3,Friar Lawrence's cell.,FRIAR LAWRENCE,PERSON,"People, including fictional"
THE TRAGEDY OF ROMEO AND JULIET,3,3,Friar Lawrence's cell.,ROMEO,PERSON,"People, including fictional"
THE TRAGEDY OF ROMEO AND JULIET,3,3,Friar Lawrence's cell.,Juliet,PERSON,"People, including fictional"
THE TRAGEDY OF ROMEO AND JULIET,3,3,Friar Lawrence's cell.,Tybalt,PERSON,"People, including fictional"
THE TRAGEDY OF ROMEO AND JULIET,3,3,Friar Lawrence's cell.,FRIAR LAWRENCE,PERSON,"People, including fictional"
THE TRAGEDY OF ROMEO AND JULIET,3,3,Friar Lawrence's cell.,Romeo,PERSON,"People, including fictional"
THE TRAGEDY OF ROMEO AND JULIET,3,3,Friar Lawrence's cell.,ROMEO,PERSON,"People, including fictional"
THE TRAGEDY OF ROMEO AND JULIET,3,3,Friar Lawrence's cell.,FRIAR LAWRENCE,PERSON,"People, including fictional"
THE TRAGEDY OF ROMEO AND JULIET,3,3,Friar Lawrence's cell.,NURSE,TITLE,TITLE
THE TRAGEDY OF ROMEO AND JULIET,3,3,Friar Lawrence's cell.,Juliet,PERSON,"People, including fictional"
THE TRAGEDY OF ROMEO AND JULIET,3,3,Friar Lawrence's cell.,FRIAR LAWRENCE,PERSON,"People, including fictional"
THE TRAGEDY OF ROMEO AND JULIET,3,3,Friar Lawrence's cell.,Nurse,TITLE,TITLE
THE TRAGEDY OF ROMEO AND JULIET,3,3,Friar Lawrence's cell.,NURSE,TITLE,TITLE
THE TRAGEDY OF ROMEO AND JULIET,3,3,Friar Lawrence's cell.,Friar,TITLE,TITLE
THE TRAGEDY OF ROMEO AND JULIET,3,3,Friar Lawrence's cell.,Friar,TITLE,TITLE
THE TRAGEDY OF ROMEO AND JULIET,3,3,Friar Lawrence's cell.,Romeo,PERSON,"People, including fictional"
THE TRAGEDY OF ROMEO AND JULIET,3,3,Friar Lawrence's cell.,FRIAR LAWRENCE,PERSON,"People, including fictional"
THE TRAGEDY OF ROMEO AND JULIET,3,3,Friar Lawrence's cell.,NURSE,TITLE,TITLE
THE TRAGEDY OF ROMEO AND JULIET,3,3,Friar Lawrence's cell.,Juliet,PERSON,"People, including fictional"
THE TRAGEDY OF ROMEO AND JULIET,3,3,Friar Lawrence's cell.,ROMEO,PERSON,"People, including fictional"
THE TRAGEDY OF ROMEO AND JULIET,3,3,Friar Lawrence's cell.,Nurse,TITLE,TITLE
THE TRAGEDY OF ROMEO AND JULIET,3,3,Friar Lawrence's cell.,NURSE,TITLE,TITLE
THE TRAGEDY OF ROMEO AND JULIET,3,3,Friar Lawrence's cell.,ROMEO,PERSON,"People, including fictional"
THE TRAGEDY OF ROMEO AND JULIET,3,3,Friar Lawrence's cell.,Juliet,PERSON,"People, including fictional"
THE TRAGEDY OF ROMEO AND JULIET,3,3,Friar Lawrence's cell.,NURSE,TITLE,TITLE
THE TRAGEDY OF ROMEO AND JULIET,3,3,Friar Lawrence's cell.,Tybalt,PERSON,"People, including fictional"
THE TRAGEDY OF ROMEO AND JULIET,3,3,Friar Lawrence's cell.,Romeo,PERSON,"People, including fictional"
THE TRAGEDY OF ROMEO AND JULIET,3,3,Friar Lawrence's cell.,ROMEO,PERSON,"People, including fictional"
THE TRAGEDY OF ROMEO AND JULIET,3,3,Friar Lawrence's cell.,Friar,TITLE,TITLE
THE TRAGEDY OF ROMEO AND JULIET,3,3,Friar Lawrence's cell.,FRIAR LAWRENCE,PERSON,"People, including fictional"
THE TRAGEDY OF ROMEO AND JULIET,3,3,Friar Lawrence's cell.,Tybalt,PERSON,"People, including fictional"
THE TRAGEDY OF ROMEO AND JULIET,3,3,Friar Lawrence's cell.,Juliet,PERSON,"People, including fictional"
THE TRAGEDY OF ROMEO AND JULIET,3,3,Friar Lawrence's cell.,Tybalt,PERSON,"People, including fictional"
THE TRAGEDY OF ROMEO AND JULIET,3,3,Friar Lawrence's cell.,Tybalt,PERSON,"People, including fictional"
THE TRAGEDY OF ROMEO AND JULIET,3,3,Friar Lawrence's cell.,Mantua,GPE,"Countries, cities, states"
THE TRAGEDY OF ROMEO AND JULIET,3,3,Friar Lawrence's cell.,Nurse,TITLE,TITLE
THE TRAGEDY OF ROMEO AND JULIET,3,3,Friar Lawrence's cell.,Romeo,PERSON,"People, including fictional"
THE TRAGEDY OF ROMEO AND JULIET,3,3,Friar Lawrence's cell.,NURSE,TITLE,TITLE
THE TRAGEDY OF ROMEO AND JULIET,3,3,Friar Lawrence's cell.,ROMEO,PERSON,"People, including fictional"
THE TRAGEDY OF ROMEO AND JULIET,3,3,Friar Lawrence's cell.,NURSE,TITLE,TITLE
THE TRAGEDY OF ROMEO AND JULIET,3,3,Friar Lawrence's cell.,ROMEO,PERSON,"People, including fictional"
THE TRAGEDY OF ROMEO AND JULIET,3,3,Friar Lawrence's cell.,FRIAR LAWRENCE,PERSON,"People, including fictional"
THE TRAGEDY OF ROMEO AND JULIET,3,3,Friar Lawrence's cell.,Mantua,GPE,"Countries, cities, states"
THE TRAGEDY OF ROMEO AND JULIET,3,3,Friar Lawrence's cell.,ROMEO,PERSON,"People, including fictional"
THE TRAGEDY OF ROMEO AND JULIET,3,4,A Room in Capulet's House.,Capulet,PERSON,"People, including fictional"
THE TRAGEDY OF ROMEO AND JULIET,3,4,A Room in Capulet's House.,Lady Capulet,PERSON,"People, including fictional"
THE TRAGEDY OF ROMEO AND JULIET,3,4,A Room in Capulet's House.,Paris,PERSON,"People, including fictional"
THE TRAGEDY OF ROMEO AND JULIET,3,4,A Room in Capulet's House.,CAPULET,PERSON,"People, including fictional"
THE TRAGEDY OF ROMEO AND JULIET,3,4,A Room in Capulet's House.,Tybalt,PERSON,"People, including fictional"
THE TRAGEDY OF ROMEO AND JULIET,3,4,A Room in Capulet's House.,PARIS,PERSON,"People, including fictional"
THE TRAGEDY OF ROMEO AND JULIET,3,4,A Room in Capulet's House.,LADY CAPULET,PERSON,"People, including fictional"
THE TRAGEDY OF ROMEO AND JULIET,3,4,A Room in Capulet's House.,CAPULET,PERSON,"People, including fictional"
THE TRAGEDY OF ROMEO AND JULIET,3,4,A Room in Capulet's House.,Paris,PERSON,"People, including fictional"
THE TRAGEDY OF ROMEO AND JULIET,3,4,A Room in Capulet's House.,Paris,PERSON,"People, including fictional"
THE TRAGEDY OF ROMEO AND JULIET,3,4,A Room in Capulet's House.,PARIS,PERSON,"People, including fictional"
THE TRAGEDY OF ROMEO AND JULIET,3,4,A Room in Capulet's House.,CAPULET,PERSON,"People, including fictional"
THE TRAGEDY OF ROMEO AND JULIET,3,4,A Room in Capulet's House.,Tybalt,PERSON,"People, including fictional"
THE TRAGEDY OF ROMEO AND JULIET,3,4,A Room in Capulet's House.,PARIS,PERSON,"People, including fictional"
THE TRAGEDY OF ROMEO AND JULIET,3,4,A Room in Capulet's House.,CAPULET,PERSON,"People, including fictional"
THE TRAGEDY OF ROMEO AND JULIET,3,4,A Room in Capulet's House.,Juliet,PERSON,"People, including fictional"
THE TRAGEDY OF ROMEO AND JULIET,3,5,"An open Gallery to Juliet's Chamber, overlooking the Garden.",Romeo,PERSON,"People, including fictional"
THE TRAGEDY OF ROMEO AND JULIET,3,5,"An open Gallery to Juliet's Chamber, overlooking the Garden.",Juliet,PERSON,"People, including fictional"
THE TRAGEDY OF ROMEO AND JULIET,3,5,"An open Gallery to Juliet's Chamber, overlooking the Garden.",JULIET,PERSON,"People, including fictional"
THE TRAGEDY OF ROMEO AND JULIET,3,5,"An open Gallery to Juliet's Chamber, overlooking the Garden.",ROMEO,PERSON,"People, including fictional"
THE TRAGEDY OF ROMEO AND JULIET,3,5,"An open Gallery to Juliet's Chamber, overlooking the Garden.",JULIET,PERSON,"People, including fictional"
THE TRAGEDY OF ROMEO AND JULIET,3,5,"An open Gallery to Juliet's Chamber, overlooking the Garden.",Mantua,GPE,"Countries, cities, states"
THE TRAGEDY OF ROMEO AND JULIET,3,5,"An open Gallery to Juliet's Chamber, overlooking the Garden.",ROMEO,PERSON,"People, including fictional"
THE TRAGEDY OF ROMEO AND JULIET,3,5,"An open Gallery to Juliet's Chamber, overlooking the Garden.",Juliet,PERSON,"People, including fictional"
THE TRAGEDY OF ROMEO AND JULIET,3,5,"An open Gallery to Juliet's Chamber, overlooking the Garden.",JULIET,PERSON,"People, including fictional"
THE TRAGEDY OF ROMEO AND JULIET,3,5,"An open Gallery to Juliet's Chamber, overlooking the Garden.",ROMEO,PERSON,"People, including fictional"
THE TRAGEDY OF ROMEO AND JULIET,3,5,"An open Gallery to Juliet's Chamber, overlooking the Garden.",Nurse,TITLE,TITLE
THE TRAGEDY OF ROMEO AND JULIET,3,5,"An open Gallery to Juliet's Chamber, overlooking the Garden.",NURSE,TITLE,TITLE
THE TRAGEDY OF ROMEO AND JULIET,3,5,"An open Gallery to Juliet's Chamber, overlooking the Garden.",JULIET,PERSON,"People, including fictional"
THE TRAGEDY OF ROMEO AND JULIET,3,5,"An open Gallery to Juliet's Chamber, overlooking the Garden.",Nurse,TITLE,TITLE
THE TRAGEDY OF ROMEO AND JULIET,3,5,"An open Gallery to Juliet's Chamber, overlooking the Garden.",NURSE,TITLE,TITLE
THE TRAGEDY OF ROMEO AND JULIET,3,5,"An open Gallery to Juliet's Chamber, overlooking the Garden.",JULIET,PERSON,"People, including fictional"
THE TRAGEDY OF ROMEO AND JULIET,3,5,"An open Gallery to Juliet's Chamber, overlooking the Garden.",ROMEO,PERSON,"People, including fictional"
THE TRAGEDY OF ROMEO AND JULIET,3,5,"An open Gallery to Juliet's Chamber, overlooking the Garden.",JULIET,PERSON,"People, including fictional"
THE TRAGEDY OF ROMEO AND JULIET,3,5,"An open Gallery to Juliet's Chamber, overlooking the Garden.",Romeo,PERSON,"People, including fictional"
THE TRAGEDY OF ROMEO AND JULIET,3,5,"An open Gallery to Juliet's Chamber, overlooking the Garden.",ROMEO,PERSON,"People, including fictional"
THE TRAGEDY OF ROMEO AND JULIET,3,5,"An open Gallery to Juliet's Chamber, overlooking the Garden.",JULIET,PERSON,"People, including fictional"
THE TRAGEDY OF ROMEO AND JULIET,3,5,"An open Gallery to Juliet's Chamber, overlooking the Garden.",ROMEO,PERSON,"People, including fictional"
THE TRAGEDY OF ROMEO AND JULIET,3,5,"An open Gallery to Juliet's Chamber, overlooking the Garden.",JULIET,PERSON,"People, including fictional"
THE TRAGEDY OF ROMEO AND JULIET,3,5,"An open Gallery to Juliet's Chamber, overlooking the Garden.",ROMEO,PERSON,"People, including fictional"
THE TRAGEDY OF ROMEO AND JULIET,3,5,"An open Gallery to Juliet's Chamber, overlooking the Garden.",JULIET,PERSON,"People, including fictional"
THE TRAGEDY OF ROMEO AND JULIET,3,5,"An open Gallery to Juliet's Chamber, overlooking the Garden.",LADY CAPULET,PERSON,"People, including fictional"
THE TRAGEDY OF ROMEO AND JULIET,3,5,"An open Gallery to Juliet's Chamber, overlooking the Garden.",JULIET,PERSON,"People, including fictional"
THE TRAGEDY OF ROMEO AND JULIET,3,5,"An open Gallery to Juliet's Chamber, overlooking the Garden.",Lady Capulet,PERSON,"People, including fictional"
THE TRAGEDY OF ROMEO AND JULIET,3,5,"An open Gallery to Juliet's Chamber, overlooking the Garden.",LADY CAPULET,PERSON,"People, including fictional"
THE TRAGEDY OF ROMEO AND JULIET,3,5,"An open Gallery to Juliet's Chamber, overlooking the Garden.",Juliet,PERSON,"People, including fictional"
THE TRAGEDY OF ROMEO AND JULIET,3,5,"An open Gallery to Juliet's Chamber, overlooking the Garden.",JULIET,PERSON,"People, including fictional"
THE TRAGEDY OF ROMEO AND JULIET,3,5,"An open Gallery to Juliet's Chamber, overlooking the Garden.",LADY CAPULET,PERSON,"People, including fictional"
THE TRAGEDY OF ROMEO AND JULIET,3,5,"An open Gallery to Juliet's Chamber, overlooking the Garden.",JULIET,PERSON,"People, including fictional"
THE TRAGEDY OF ROMEO AND JULIET,3,5,"An open Gallery to Juliet's Chamber, overlooking the Garden.",LADY CAPULET,PERSON,"People, including fictional"
THE TRAGEDY OF ROMEO AND JULIET,3,5,"An open Gallery to Juliet's Chamber, overlooking the Garden.",JULIET,PERSON,"People, including fictional"
THE TRAGEDY OF ROMEO AND JULIET,3,5,"An open Gallery to Juliet's Chamber, overlooking the Garden.",LADY CAPULET,PERSON,"People, including fictional"
THE TRAGEDY OF ROMEO AND JULIET,3,5,"An open Gallery to Juliet's Chamber, overlooking the Garden.",JULIET,PERSON,"People, including fictional"
THE TRAGEDY OF ROMEO AND JULIET,3,5,"An open Gallery to Juliet's Chamber, overlooking the Garden.",LADY CAPULET,PERSON,"People, including fictional"
THE TRAGEDY OF ROMEO AND JULIET,3,5,"An open Gallery to Juliet's Chamber, overlooking the Garden.",Romeo,PERSON,"People, including fictional"
THE TRAGEDY OF ROMEO AND JULIET,3,5,"An open Gallery to Juliet's Chamber, overlooking the Garden.",JULIET,PERSON,"People, including fictional"
THE TRAGEDY OF ROMEO AND JULIET,3,5,"An open Gallery to Juliet's Chamber, overlooking the Garden.",LADY CAPULET,PERSON,"People, including fictional"
THE TRAGEDY OF ROMEO AND JULIET,3,5,"An open Gallery to Juliet's Chamber, overlooking the Garden.",JULIET,PERSON,"People, including fictional"
THE TRAGEDY OF ROMEO AND JULIET,3,5,"An open Gallery to Juliet's Chamber, overlooking the Garden.",LADY CAPULET,PERSON,"People, including fictional"
THE TRAGEDY OF ROMEO AND JULIET,3,5,"An open Gallery to Juliet's Chamber, overlooking the Garden.",Mantua,GPE,"Countries, cities, states"
THE TRAGEDY OF ROMEO AND JULIET,3,5,"An open Gallery to Juliet's Chamber, overlooking the Garden.",Tybalt,PERSON,"People, including fictional"
THE TRAGEDY OF ROMEO AND JULIET,3,5,"An open Gallery to Juliet's Chamber, overlooking the Garden.",JULIET,PERSON,"People, including fictional"
THE TRAGEDY OF ROMEO AND JULIET,3,5,"An open Gallery to Juliet's Chamber, overlooking the Garden.",Romeo,PERSON,"People, including fictional"
THE TRAGEDY OF ROMEO AND JULIET,3,5,"An open Gallery to Juliet's Chamber, overlooking the Garden.",Romeo,PERSON,"People, including fictional"
THE TRAGEDY OF ROMEO AND JULIET,3,5,"An open Gallery to Juliet's Chamber, overlooking the Garden.",LADY CAPULET,PERSON,"People, including fictional"
THE TRAGEDY OF ROMEO AND JULIET,3,5,"An open Gallery to Juliet's Chamber, overlooking the Garden.",JULIET,PERSON,"People, including fictional"
THE TRAGEDY OF ROMEO AND JULIET,3,5,"An open Gallery to Juliet's Chamber, overlooking the Garden.",LADY CAPULET,PERSON,"People, including fictional"
THE TRAGEDY OF ROMEO AND JULIET,3,5,"An open Gallery to Juliet's Chamber, overlooking the Garden.",JULIET,PERSON,"People, including fictional"
THE TRAGEDY OF ROMEO AND JULIET,3,5,"An open Gallery to Juliet's Chamber, overlooking the Garden.",LADY CAPULET,PERSON,"People, including fictional"
THE TRAGEDY OF ROMEO AND JULIET,3,5,"An open Gallery to Juliet's Chamber, overlooking the Garden.",Paris,PERSON,"People, including fictional"
THE TRAGEDY OF ROMEO AND JULIET,3,5,"An open Gallery to Juliet's Chamber, overlooking the Garden.",Peter,PERSON,"People, including fictional"
THE TRAGEDY OF ROMEO AND JULIET,3,5,"An open Gallery to Juliet's Chamber, overlooking the Garden.",JULIET,PERSON,"People, including fictional"
THE TRAGEDY OF ROMEO AND JULIET,3,5,"An open Gallery to Juliet's Chamber, overlooking the Garden.",Peter,PERSON,"People, including fictional"
THE TRAGEDY OF ROMEO AND JULIET,3,5,"An open Gallery to Juliet's Chamber, overlooking the Garden.",Peter,PERSON,"People, including fictional"
THE TRAGEDY OF ROMEO AND JULIET,3,5,"An open Gallery to Juliet's Chamber, overlooking the Garden.",Romeo,PERSON,"People, including fictional"
THE TRAGEDY OF ROMEO AND JULIET,3,5,"An open Gallery to Juliet's Chamber, overlooking the Garden.",Paris,PERSON,"People, including fictional"
THE TRAGEDY OF ROMEO AND JULIET,3,5,"An open Gallery to Juliet's Chamber, overlooking the Garden.",LADY CAPULET,PERSON,"People, including fictional"
THE TRAGEDY OF ROMEO AND JULIET,3,5,"An open Gallery to Juliet's Chamber, overlooking the Garden.",Capulet,PERSON,"People, including fictional"
THE TRAGEDY OF ROMEO AND JULIET,3,5,"An open Gallery to Juliet's Chamber, overlooking the Garden.",Nurse,TITLE,TITLE
THE TRAGEDY OF ROMEO AND JULIET,3,5,"An open Gallery to Juliet's Chamber, overlooking the Garden.",CAPULET,PERSON,"People, including fictional"
THE TRAGEDY OF ROMEO AND JULIET,3,5,"An open Gallery to Juliet's Chamber, overlooking the Garden.",LADY CAPULET,PERSON,"People, including fictional"
THE TRAGEDY OF ROMEO AND JULIET,3,5,"An open Gallery to Juliet's Chamber, overlooking the Garden.",CAPULET,PERSON,"People, including fictional"
THE TRAGEDY OF ROMEO AND JULIET,3,5,"An open Gallery to Juliet's Chamber, overlooking the Garden.",JULIET,PERSON,"People, including fictional"
THE TRAGEDY OF ROMEO AND JULIET,3,5,"An open Gallery to Juliet's Chamber, overlooking the Garden.",CAPULET,PERSON,"People, including fictional"
THE TRAGEDY OF ROMEO AND JULIET,3,5,"An open Gallery to Juliet's Chamber, overlooking the Garden.",Paris,PERSON,"People, including fictional"
THE TRAGEDY OF ROMEO AND JULIET,3,5,"An open Gallery to Juliet's Chamber, overlooking the Garden.",Peter,PERSON,"People, including fictional"
THE TRAGEDY OF ROMEO AND JULIET,3,5,"An open Gallery to Juliet's Chamber, overlooking the Garden.",LADY CAPULET,PERSON,"People, including fictional"
THE TRAGEDY OF ROMEO AND JULIET,3,5,"An open Gallery to Juliet's Chamber, overlooking the Garden.",JULIET,PERSON,"People, including fictional"
THE TRAGEDY OF ROMEO AND JULIET,3,5,"An open Gallery to Juliet's Chamber, overlooking the Garden.",CAPULET,PERSON,"People, including fictional"
THE TRAGEDY OF ROMEO AND JULIET,3,5,"An open Gallery to Juliet's Chamber, overlooking the Garden.",NURSE,TITLE,TITLE
THE TRAGEDY OF ROMEO AND JULIET,3,5,"An open Gallery to Juliet's Chamber, overlooking the Garden.",CAPULET,PERSON,"People, including fictional"
THE TRAGEDY OF ROMEO AND JULIET,3,5,"An open Gallery to Juliet's Chamber, overlooking the Garden.",NURSE,TITLE,TITLE
THE TRAGEDY OF ROMEO AND JULIET,3,5,"An open Gallery to Juliet's Chamber, overlooking the Garden.",CAPULET,PERSON,"People, including fictional"
THE TRAGEDY OF ROMEO AND JULIET,3,5,"An open Gallery to Juliet's Chamber, overlooking the Garden.",NURSE,TITLE,TITLE
THE TRAGEDY OF ROMEO AND JULIET,3,5,"An open Gallery to Juliet's Chamber, overlooking the Garden.",CAPULET,PERSON,"People, including fictional"
THE TRAGEDY OF ROMEO AND JULIET,3,5,"An open Gallery to Juliet's Chamber, overlooking the Garden.",LADY CAPULET,PERSON,"People, including fictional"
THE TRAGEDY OF ROMEO AND JULIET,3,5,"An open Gallery to Juliet's Chamber, overlooking the Garden.",CAPULET,PERSON,"People, including fictional"
THE TRAGEDY OF ROMEO AND JULIET,3,5,"An open Gallery to Juliet's Chamber, overlooking the Garden.",Graze,PERSON,"People, including fictional"
THE TRAGEDY OF ROMEO AND JULIET,3,5,"An open Gallery to Juliet's Chamber, overlooking the Garden.",JULIET,PERSON,"People, including fictional"
THE TRAGEDY OF ROMEO AND JULIET,3,5,"An open Gallery to Juliet's Chamber, overlooking the Garden.",Tybalt,PERSON,"People, including fictional"
THE TRAGEDY OF ROMEO AND JULIET,3,5,"An open Gallery to Juliet's Chamber, overlooking the Garden.",LADY CAPULET,PERSON,"People, including fictional"
THE TRAGEDY OF ROMEO AND JULIET,3,5,"An open Gallery to Juliet's Chamber, overlooking the Garden.",JULIET,PERSON,"People, including fictional"
THE TRAGEDY OF ROMEO AND JULIET,3,5,"An open Gallery to Juliet's Chamber, overlooking the Garden.",Nurse,TITLE,TITLE
THE TRAGEDY OF ROMEO AND JULIET,3,5,"An open Gallery to Juliet's Chamber, overlooking the Garden.",Nurse,TITLE,TITLE
THE TRAGEDY OF ROMEO AND JULIET,3,5,"An open Gallery to Juliet's Chamber, overlooking the Garden.",NURSE,TITLE,TITLE
THE TRAGEDY OF ROMEO AND JULIET,3,5,"An open Gallery to Juliet's Chamber, overlooking the Garden.",Romeo,PERSON,"People, including fictional"
THE TRAGEDY OF ROMEO AND JULIET,3,5,"An open Gallery to Juliet's Chamber, overlooking the Garden.",Romeo,PERSON,"People, including fictional"
THE TRAGEDY OF ROMEO AND JULIET,3,5,"An open Gallery to Juliet's Chamber, overlooking the Garden.",Paris,PERSON,"People, including fictional"
THE TRAGEDY OF ROMEO AND JULIET,3,5,"An open Gallery to Juliet's Chamber, overlooking the Garden.",Beshrew,PERSON,"People, including fictional"
THE TRAGEDY OF ROMEO AND JULIET,3,5,"An open Gallery to Juliet's Chamber, overlooking the Garden.",JULIET,PERSON,"People, including fictional"
THE TRAGEDY OF ROMEO AND JULIET,3,5,"An open Gallery to Juliet's Chamber, overlooking the Garden.",NURSE,TITLE,TITLE
THE TRAGEDY OF ROMEO AND JULIET,3,5,"An open Gallery to Juliet's Chamber, overlooking the Garden.",JULIET,PERSON,"People, including fictional"
THE TRAGEDY OF ROMEO AND JULIET,3,5,"An open Gallery to Juliet's Chamber, overlooking the Garden.",NURSE,TITLE,TITLE
THE TRAGEDY OF ROMEO AND JULIET,3,5,"An open Gallery to Juliet's Chamber, overlooking the Garden.",JULIET,PERSON,"People, including fictional"
THE TRAGEDY OF ROMEO AND JULIET,3,5,"An open Gallery to Juliet's Chamber, overlooking the Garden.",Lawrence,PERSON,"People, including fictional"
THE TRAGEDY OF ROMEO AND JULIET,3,5,"An open Gallery to Juliet's Chamber, overlooking the Garden.",NURSE,TITLE,TITLE
THE TRAGEDY OF ROMEO AND JULIET,3,5,"An open Gallery to Juliet's Chamber, overlooking the Garden.",JULIET,PERSON,"People, including fictional"
THE TRAGEDY OF ROMEO AND JULIET,3,5,"An open Gallery to Juliet's Chamber, overlooking the Garden.",Friar,TITLE,TITLE
THE TRAGEDY OF ROMEO AND JULIET,4,1,Friar Lawrence's Cell.,Friar Lawrence,PERSON,"People, including fictional"
THE TRAGEDY OF ROMEO AND JULIET,4,1,Friar Lawrence's Cell.,Paris,PERSON,"People, including fictional"
THE TRAGEDY OF ROMEO AND JULIET,4,1,Friar Lawrence's Cell.,FRIAR LAWRENCE,PERSON,"People, including fictional"
THE TRAGEDY OF ROMEO AND JULIET,4,1,Friar Lawrence's Cell.,PARIS,PERSON,"People, including fictional"
THE TRAGEDY OF ROMEO AND JULIET,4,1,Friar Lawrence's Cell.,Capulet,PERSON,"People, including fictional"
THE TRAGEDY OF ROMEO AND JULIET,4,1,Friar Lawrence's Cell.,FRIAR LAWRENCE,PERSON,"People, including fictional"
THE TRAGEDY OF ROMEO AND JULIET,4,1,Friar Lawrence's Cell.,Uneven,PERSON,"People, including fictional"
THE TRAGEDY OF ROMEO AND JULIET,4,1,Friar Lawrence's Cell.,PARIS,PERSON,"People, including fictional"
THE TRAGEDY OF ROMEO AND JULIET,4,1,Friar Lawrence's Cell.,Tybalt,PERSON,"People, including fictional"
THE TRAGEDY OF ROMEO AND JULIET,4,1,Friar Lawrence's Cell.,FRIAR LAWRENCE,PERSON,"People, including fictional"
THE TRAGEDY OF ROMEO AND JULIET,4,1,Friar Lawrence's Cell.,Juliet,PERSON,"People, including fictional"
THE TRAGEDY OF ROMEO AND JULIET,4,1,Friar Lawrence's Cell.,PARIS,PERSON,"People, including fictional"
THE TRAGEDY OF ROMEO AND JULIET,4,1,Friar Lawrence's Cell.,JULIET,PERSON,"People, including fictional"
THE TRAGEDY OF ROMEO AND JULIET,4,1,Friar Lawrence's Cell.,PARIS,PERSON,"People, including fictional"
THE TRAGEDY OF ROMEO AND JULIET,4,1,Friar Lawrence's Cell.,JULIET,PERSON,"People, including fictional"
THE TRAGEDY OF ROMEO AND JULIET,4,1,Friar Lawrence's Cell.,FRIAR LAWRENCE,PERSON,"People, including fictional"
THE TRAGEDY OF ROMEO AND JULIET,4,1,Friar Lawrence's Cell.,PARIS,PERSON,"People, including fictional"
THE TRAGEDY OF ROMEO AND JULIET,4,1,Friar Lawrence's Cell.,JULIET,PERSON,"People, including fictional"
THE TRAGEDY OF ROMEO AND JULIET,4,1,Friar Lawrence's Cell.,PARIS,PERSON,"People, including fictional"
THE TRAGEDY OF ROMEO AND JULIET,4,1,Friar Lawrence's Cell.,JULIET,PERSON,"People, including fictional"
THE TRAGEDY OF ROMEO AND JULIET,4,1,Friar Lawrence's Cell.,PARIS,PERSON,"People, including fictional"
THE TRAGEDY OF ROMEO AND JULIET,4,1,Friar Lawrence's Cell.,JULIET,PERSON,"People, including fictional"
THE TRAGEDY OF ROMEO AND JULIET,4,1,Friar Lawrence's Cell.,PARIS,PERSON,"People, including fictional"
THE TRAGEDY OF ROMEO AND JULIET,4,1,Friar Lawrence's Cell.,JULIET,PERSON,"People, including fictional"
THE TRAGEDY OF ROMEO AND JULIET,4,1,Friar Lawrence's Cell.,PARIS,PERSON,"People, including fictional"
THE TRAGEDY OF ROMEO AND JULIET,4,1,Friar Lawrence's Cell.,JULIET,PERSON,"People, including fictional"
THE TRAGEDY OF ROMEO AND JULIET,4,1,Friar Lawrence's Cell.,PARIS,PERSON,"People, including fictional"
THE TRAGEDY OF ROMEO AND JULIET,4,1,Friar Lawrence's Cell.,JULIET,PERSON,"People, including fictional"
THE TRAGEDY OF ROMEO AND JULIET,4,1,Friar Lawrence's Cell.,FRIAR LAWRENCE,PERSON,"People, including fictional"
THE TRAGEDY OF ROMEO AND JULIET,4,1,Friar Lawrence's Cell.,PARIS,PERSON,"People, including fictional"
THE TRAGEDY OF ROMEO AND JULIET,4,1,Friar Lawrence's Cell.,Juliet,PERSON,"People, including fictional"
THE TRAGEDY OF ROMEO AND JULIET,4,1,Friar Lawrence's Cell.,JULIET,PERSON,"People, including fictional"
THE TRAGEDY OF ROMEO AND JULIET,4,1,Friar Lawrence's Cell.,FRIAR LAWRENCE,PERSON,"People, including fictional"
THE TRAGEDY OF ROMEO AND JULIET,4,1,Friar Lawrence's Cell.,Juliet,PERSON,"People, including fictional"
THE TRAGEDY OF ROMEO AND JULIET,4,1,Friar Lawrence's Cell.,JULIET,PERSON,"People, including fictional"
THE TRAGEDY OF ROMEO AND JULIET,4,1,Friar Lawrence's Cell.,Friar,TITLE,TITLE
THE TRAGEDY OF ROMEO AND JULIET,4,1,Friar Lawrence's Cell.,Romeo,PERSON,"People, including fictional"
THE TRAGEDY OF ROMEO AND JULIET,4,1,Friar Lawrence's Cell.,Romeo,PERSON,"People, including fictional"
THE TRAGEDY OF ROMEO AND JULIET,4,1,Friar Lawrence's Cell.,FRIAR LAWRENCE,PERSON,"People, including fictional"
THE TRAGEDY OF ROMEO AND JULIET,4,1,Friar Lawrence's Cell.,Paris,PERSON,"People, including fictional"
THE TRAGEDY OF ROMEO AND JULIET,4,1,Friar Lawrence's Cell.,JULIET,PERSON,"People, including fictional"
THE TRAGEDY OF ROMEO AND JULIET,4,1,Friar Lawrence's Cell.,Paris,PERSON,"People, including fictional"
THE TRAGEDY OF ROMEO AND JULIET,4,1,Friar Lawrence's Cell.,FRIAR LAWRENCE,PERSON,"People, including fictional"
THE TRAGEDY OF ROMEO AND JULIET,4,1,Friar Lawrence's Cell.,Paris,PERSON,"People, including fictional"
THE TRAGEDY OF ROMEO AND JULIET,4,1,Friar Lawrence's Cell.,Nurse,TITLE,TITLE
THE TRAGEDY OF ROMEO AND JULIET,4,1,Friar Lawrence's Cell.,Romeo,PERSON,"People, including fictional"
THE TRAGEDY OF ROMEO AND JULIET,4,1,Friar Lawrence's Cell.,Romeo,PERSON,"People, including fictional"
THE TRAGEDY OF ROMEO AND JULIET,4,1,Friar Lawrence's Cell.,Mantua,GPE,"Countries, cities, states"
THE TRAGEDY OF ROMEO AND JULIET,4,1,Friar Lawrence's Cell.,JULIET,PERSON,"People, including fictional"
THE TRAGEDY OF ROMEO AND JULIET,4,1,Friar Lawrence's Cell.,FRIAR LAWRENCE,PERSON,"People, including fictional"
THE TRAGEDY OF ROMEO AND JULIET,4,1,Friar Lawrence's Cell.,friar,TITLE,TITLE
THE TRAGEDY OF ROMEO AND JULIET,4,1,Friar Lawrence's Cell.,Mantua,GPE,"Countries, cities, states"
THE TRAGEDY OF ROMEO AND JULIET,4,1,Friar Lawrence's Cell.,JULIET,PERSON,"People, including fictional"
THE TRAGEDY OF ROMEO AND JULIET,4,2,Hall in Capulet's House.,Capulet,PERSON,"People, including fictional"
THE TRAGEDY OF ROMEO AND JULIET,4,2,Hall in Capulet's House.,Lady Capulet,PERSON,"People, including fictional"
THE TRAGEDY OF ROMEO AND JULIET,4,2,Hall in Capulet's House.,Nurse,TITLE,TITLE
THE TRAGEDY OF ROMEO AND JULIET,4,2,Hall in Capulet's House.,Servants.,PERSON,"People, including fictional"
THE TRAGEDY OF ROMEO AND JULIET,4,2,Hall in Capulet's House.,CAPULET,PERSON,"People, including fictional"
THE TRAGEDY OF ROMEO AND JULIET,4,2,Hall in Capulet's House.,CAPULET,PERSON,"People, including fictional"
THE TRAGEDY OF ROMEO AND JULIET,4,2,Hall in Capulet's House.,CAPULET,PERSON,"People, including fictional"
THE TRAGEDY OF ROMEO AND JULIET,4,2,Hall in Capulet's House.,Friar Lawrence,PERSON,"People, including fictional"
THE TRAGEDY OF ROMEO AND JULIET,4,2,Hall in Capulet's House.,NURSE,TITLE,TITLE
THE TRAGEDY OF ROMEO AND JULIET,4,2,Hall in Capulet's House.,CAPULET,PERSON,"People, including fictional"
THE TRAGEDY OF ROMEO AND JULIET,4,2,Hall in Capulet's House.,Juliet,PERSON,"People, including fictional"
THE TRAGEDY OF ROMEO AND JULIET,4,2,Hall in Capulet's House.,NURSE,TITLE,TITLE
THE TRAGEDY OF ROMEO AND JULIET,4,2,Hall in Capulet's House.,CAPULET,PERSON,"People, including fictional"
THE TRAGEDY OF ROMEO AND JULIET,4,2,Hall in Capulet's House.,JULIET,PERSON,"People, including fictional"
THE TRAGEDY OF ROMEO AND JULIET,4,2,Hall in Capulet's House.,Lawrence,PERSON,"People, including fictional"
THE TRAGEDY OF ROMEO AND JULIET,4,2,Hall in Capulet's House.,Henceforward,PERSON,"People, including fictional"
THE TRAGEDY OF ROMEO AND JULIET,4,2,Hall in Capulet's House.,CAPULET,PERSON,"People, including fictional"
THE TRAGEDY OF ROMEO AND JULIET,4,2,Hall in Capulet's House.,JULIET,PERSON,"People, including fictional"
THE TRAGEDY OF ROMEO AND JULIET,4,2,Hall in Capulet's House.,Lawrence,PERSON,"People, including fictional"
THE TRAGEDY OF ROMEO AND JULIET,4,2,Hall in Capulet's House.,CAPULET,PERSON,"People, including fictional"
THE TRAGEDY OF ROMEO AND JULIET,4,2,Hall in Capulet's House.,Friar,TITLE,TITLE
THE TRAGEDY OF ROMEO AND JULIET,4,2,Hall in Capulet's House.,JULIET,PERSON,"People, including fictional"
THE TRAGEDY OF ROMEO AND JULIET,4,2,Hall in Capulet's House.,Nurse,TITLE,TITLE
THE TRAGEDY OF ROMEO AND JULIET,4,2,Hall in Capulet's House.,LADY CAPULET,PERSON,"People, including fictional"
THE TRAGEDY OF ROMEO AND JULIET,4,2,Hall in Capulet's House.,CAPULET,PERSON,"People, including fictional"
THE TRAGEDY OF ROMEO AND JULIET,4,2,Hall in Capulet's House.,Nurse,TITLE,TITLE
THE TRAGEDY OF ROMEO AND JULIET,4,2,Hall in Capulet's House.,Juliet,PERSON,"People, including fictional"
THE TRAGEDY OF ROMEO AND JULIET,4,2,Hall in Capulet's House.,Nurse,TITLE,TITLE
THE TRAGEDY OF ROMEO AND JULIET,4,2,Hall in Capulet's House.,LADY CAPULET,PERSON,"People, including fictional"
THE TRAGEDY OF ROMEO AND JULIET,4,2,Hall in Capulet's House.,CAPULET,PERSON,"People, including fictional"
THE TRAGEDY OF ROMEO AND JULIET,4,2,Hall in Capulet's House.,Juliet,PERSON,"People, including fictional"
THE TRAGEDY OF ROMEO AND JULIET,4,2,Hall in Capulet's House.,Paris,PERSON,"People, including fictional"
THE TRAGEDY OF ROMEO AND JULIET,4,3,Juliet's Chamber.,Juliet,PERSON,"People, including fictional"
THE TRAGEDY OF ROMEO AND JULIET,4,3,Juliet's Chamber.,Nurse,TITLE,TITLE
THE TRAGEDY OF ROMEO AND JULIET,4,3,Juliet's Chamber.,JULIET,PERSON,"People, including fictional"
THE TRAGEDY OF ROMEO AND JULIET,4,3,Juliet's Chamber.,Nurse,TITLE,TITLE
THE TRAGEDY OF ROMEO AND JULIET,4,3,Juliet's Chamber.,Lady Capulet,PERSON,"People, including fictional"
THE TRAGEDY OF ROMEO AND JULIET,4,3,Juliet's Chamber.,LADY CAPULET,PERSON,"People, including fictional"
THE TRAGEDY OF ROMEO AND JULIET,4,3,Juliet's Chamber.,JULIET,PERSON,"People, including fictional"
THE TRAGEDY OF ROMEO AND JULIET,4,3,Juliet's Chamber.,nurse,TITLE,TITLE
THE TRAGEDY OF ROMEO AND JULIET,4,3,Juliet's Chamber.,LADY CAPULET,PERSON,"People, including fictional"
THE TRAGEDY OF ROMEO AND JULIET,4,3,Juliet's Chamber.,Lady Capulet,PERSON,"People, including fictional"
THE TRAGEDY OF ROMEO AND JULIET,4,3,Juliet's Chamber.,Nurse,TITLE,TITLE
THE TRAGEDY OF ROMEO AND JULIET,4,3,Juliet's Chamber.,JULIET,PERSON,"People, including fictional"
THE TRAGEDY OF ROMEO AND JULIET,4,3,Juliet's Chamber.,Friar,TITLE,TITLE
THE TRAGEDY OF ROMEO AND JULIET,4,3,Juliet's Chamber.,Romeo,PERSON,"People, including fictional"
THE TRAGEDY OF ROMEO AND JULIET,4,3,Juliet's Chamber.,Romeo,PERSON,"People, including fictional"
THE TRAGEDY OF ROMEO AND JULIET,4,3,Juliet's Chamber.,Romeo,PERSON,"People, including fictional"
THE TRAGEDY OF ROMEO AND JULIET,4,3,Juliet's Chamber.,Tybalt,PERSON,"People, including fictional"
THE TRAGEDY OF ROMEO AND JULIET,4,3,Juliet's Chamber.,Environed,PERSON,"People, including fictional"
THE TRAGEDY OF ROMEO AND JULIET,4,3,Juliet's Chamber.,Tybalt,PERSON,"People, including fictional"
THE TRAGEDY OF ROMEO AND JULIET,4,3,Juliet's Chamber.,Romeo,PERSON,"People, including fictional"
THE TRAGEDY OF ROMEO AND JULIET,4,3,Juliet's Chamber.,Tybalt,PERSON,"People, including fictional"
THE TRAGEDY OF ROMEO AND JULIET,4,3,Juliet's Chamber.,Romeo,PERSON,"People, including fictional"
THE TRAGEDY OF ROMEO AND JULIET,4,3,Juliet's Chamber.,Romeo,PERSON,"People, including fictional"
THE TRAGEDY OF ROMEO AND JULIET,4,3,Juliet's Chamber.,Romeo,PERSON,"People, including fictional"
THE TRAGEDY OF ROMEO AND JULIET,4,4,Hall in Capulet's House.,Lady Capulet,PERSON,"People, including fictional"
THE TRAGEDY OF ROMEO AND JULIET,4,4,Hall in Capulet's House.,Nurse,TITLE,TITLE
THE TRAGEDY OF ROMEO AND JULIET,4,4,Hall in Capulet's House.,LADY CAPULET,PERSON,"People, including fictional"
THE TRAGEDY OF ROMEO AND JULIET,4,4,Hall in Capulet's House.,Nurse,TITLE,TITLE
THE TRAGEDY OF ROMEO AND JULIET,4,4,Hall in Capulet's House.,NURSE,TITLE,TITLE
THE TRAGEDY OF ROMEO AND JULIET,4,4,Hall in Capulet's House.,Capulet,PERSON,"People, including fictional"
THE TRAGEDY OF ROMEO AND JULIET,4,4,Hall in Capulet's House.,CAPULET,PERSON,"People, including fictional"
THE TRAGEDY OF ROMEO AND JULIET,4,4,Hall in Capulet's House.,NURSE,TITLE,TITLE
THE TRAGEDY OF ROMEO AND JULIET,4,4,Hall in Capulet's House.,CAPULET,PERSON,"People, including fictional"
THE TRAGEDY OF ROMEO AND JULIET,4,4,Hall in Capulet's House.,LADY CAPULET,PERSON,"People, including fictional"
THE TRAGEDY OF ROMEO AND JULIET,4,4,Hall in Capulet's House.,Lady Capulet,PERSON,"People, including fictional"
THE TRAGEDY OF ROMEO AND JULIET,4,4,Hall in Capulet's House.,Nurse,TITLE,TITLE
THE TRAGEDY OF ROMEO AND JULIET,4,4,Hall in Capulet's House.,CAPULET,PERSON,"People, including fictional"
THE TRAGEDY OF ROMEO AND JULIET,4,4,Hall in Capulet's House.,"Servants,",PERSON,"People, including fictional"
THE TRAGEDY OF ROMEO AND JULIET,4,4,Hall in Capulet's House.,CAPULET,PERSON,"People, including fictional"
THE TRAGEDY OF ROMEO AND JULIET,4,4,Hall in Capulet's House.,Peter,PERSON,"People, including fictional"
THE TRAGEDY OF ROMEO AND JULIET,4,4,Hall in Capulet's House.,Peter,PERSON,"People, including fictional"
THE TRAGEDY OF ROMEO AND JULIET,4,4,Hall in Capulet's House.,CAPULET,PERSON,"People, including fictional"
THE TRAGEDY OF ROMEO AND JULIET,4,4,Hall in Capulet's House.,loggerhead.—Good,PERSON,"People, including fictional"
THE TRAGEDY OF ROMEO AND JULIET,4,4,Hall in Capulet's House.,Nurse,TITLE,TITLE
THE TRAGEDY OF ROMEO AND JULIET,4,4,Hall in Capulet's House.,Nurse,TITLE,TITLE
THE TRAGEDY OF ROMEO AND JULIET,4,4,Hall in Capulet's House.,Nurse,TITLE,TITLE
THE TRAGEDY OF ROMEO AND JULIET,4,4,Hall in Capulet's House.,Juliet,PERSON,"People, including fictional"
THE TRAGEDY OF ROMEO AND JULIET,4,4,Hall in Capulet's House.,Paris,PERSON,"People, including fictional"
THE TRAGEDY OF ROMEO AND JULIET,4,5,Juliet's Chamber; Juliet on the bed.,Nurse,TITLE,TITLE
THE TRAGEDY OF ROMEO AND JULIET,4,5,Juliet's Chamber; Juliet on the bed.,NURSE,TITLE,TITLE
THE TRAGEDY OF ROMEO AND JULIET,4,5,Juliet's Chamber; Juliet on the bed.,Juliet,PERSON,"People, including fictional"
THE TRAGEDY OF ROMEO AND JULIET,4,5,Juliet's Chamber; Juliet on the bed.,Paris,PERSON,"People, including fictional"
THE TRAGEDY OF ROMEO AND JULIET,4,5,Juliet's Chamber; Juliet on the bed.,Lady Capulet,PERSON,"People, including fictional"
THE TRAGEDY OF ROMEO AND JULIET,4,5,Juliet's Chamber; Juliet on the bed.,LADY CAPULET,PERSON,"People, including fictional"
THE TRAGEDY OF ROMEO AND JULIET,4,5,Juliet's Chamber; Juliet on the bed.,NURSE,TITLE,TITLE
THE TRAGEDY OF ROMEO AND JULIET,4,5,Juliet's Chamber; Juliet on the bed.,LADY CAPULET,PERSON,"People, including fictional"
THE TRAGEDY OF ROMEO AND JULIET,4,5,Juliet's Chamber; Juliet on the bed.,NURSE,TITLE,TITLE
THE TRAGEDY OF ROMEO AND JULIET,4,5,Juliet's Chamber; Juliet on the bed.,LADY CAPULET,PERSON,"People, including fictional"
THE TRAGEDY OF ROMEO AND JULIET,4,5,Juliet's Chamber; Juliet on the bed.,Capulet,PERSON,"People, including fictional"
THE TRAGEDY OF ROMEO AND JULIET,4,5,Juliet's Chamber; Juliet on the bed.,CAPULET,PERSON,"People, including fictional"
THE TRAGEDY OF ROMEO AND JULIET,4,5,Juliet's Chamber; Juliet on the bed.,Juliet,PERSON,"People, including fictional"
THE TRAGEDY OF ROMEO AND JULIET,4,5,Juliet's Chamber; Juliet on the bed.,NURSE,TITLE,TITLE
THE TRAGEDY OF ROMEO AND JULIET,4,5,Juliet's Chamber; Juliet on the bed.,LADY CAPULET,PERSON,"People, including fictional"
THE TRAGEDY OF ROMEO AND JULIET,4,5,Juliet's Chamber; Juliet on the bed.,CAPULET,PERSON,"People, including fictional"
THE TRAGEDY OF ROMEO AND JULIET,4,5,Juliet's Chamber; Juliet on the bed.,the field,LOCATION,LOCATION
THE TRAGEDY OF ROMEO AND JULIET,4,5,Juliet's Chamber; Juliet on the bed.,NURSE,TITLE,TITLE
THE TRAGEDY OF ROMEO AND JULIET,4,5,Juliet's Chamber; Juliet on the bed.,LADY CAPULET,PERSON,"People, including fictional"
THE TRAGEDY OF ROMEO AND JULIET,4,5,Juliet's Chamber; Juliet on the bed.,CAPULET,PERSON,"People, including fictional"
THE TRAGEDY OF ROMEO AND JULIET,4,5,Juliet's Chamber; Juliet on the bed.,Friar Lawrence,PERSON,"People, including fictional"
THE TRAGEDY OF ROMEO AND JULIET,4,5,Juliet's Chamber; Juliet on the bed.,Paris,PERSON,"People, including fictional"
THE TRAGEDY OF ROMEO AND JULIET,4,5,Juliet's Chamber; Juliet on the bed.,FRIAR LAWRENCE,PERSON,"People, including fictional"
THE TRAGEDY OF ROMEO AND JULIET,4,5,Juliet's Chamber; Juliet on the bed.,CAPULET,PERSON,"People, including fictional"
THE TRAGEDY OF ROMEO AND JULIET,4,5,Juliet's Chamber; Juliet on the bed.,PARIS,PERSON,"People, including fictional"
THE TRAGEDY OF ROMEO AND JULIET,4,5,Juliet's Chamber; Juliet on the bed.,LADY CAPULET,PERSON,"People, including fictional"
THE TRAGEDY OF ROMEO AND JULIET,4,5,Juliet's Chamber; Juliet on the bed.,NURSE,TITLE,TITLE
THE TRAGEDY OF ROMEO AND JULIET,4,5,Juliet's Chamber; Juliet on the bed.,CAPULET,PERSON,"People, including fictional"
THE TRAGEDY OF ROMEO AND JULIET,4,5,Juliet's Chamber; Juliet on the bed.,FRIAR LAWRENCE,PERSON,"People, including fictional"
THE TRAGEDY OF ROMEO AND JULIET,4,5,Juliet's Chamber; Juliet on the bed.,CAPULET,PERSON,"People, including fictional"
THE TRAGEDY OF ROMEO AND JULIET,4,5,Juliet's Chamber; Juliet on the bed.,FRIAR LAWRENCE,PERSON,"People, including fictional"
THE TRAGEDY OF ROMEO AND JULIET,4,5,Juliet's Chamber; Juliet on the bed.,Paris,PERSON,"People, including fictional"
THE TRAGEDY OF ROMEO AND JULIET,4,5,Juliet's Chamber; Juliet on the bed.,Capulet,PERSON,"People, including fictional"
THE TRAGEDY OF ROMEO AND JULIET,4,5,Juliet's Chamber; Juliet on the bed.,Lady Capulet,PERSON,"People, including fictional"
THE TRAGEDY OF ROMEO AND JULIET,4,5,Juliet's Chamber; Juliet on the bed.,Paris,PERSON,"People, including fictional"
THE TRAGEDY OF ROMEO AND JULIET,4,5,Juliet's Chamber; Juliet on the bed.,Friar,TITLE,TITLE
THE TRAGEDY OF ROMEO AND JULIET,4,5,Juliet's Chamber; Juliet on the bed.,NURSE,TITLE,TITLE
THE TRAGEDY OF ROMEO AND JULIET,4,5,Juliet's Chamber; Juliet on the bed.,Nurse,TITLE,TITLE
THE TRAGEDY OF ROMEO AND JULIET,4,5,Juliet's Chamber; Juliet on the bed.,Peter,PERSON,"People, including fictional"
THE TRAGEDY OF ROMEO AND JULIET,4,5,Juliet's Chamber; Juliet on the bed.,PETER,PERSON,"People, including fictional"
THE TRAGEDY OF ROMEO AND JULIET,4,5,Juliet's Chamber; Juliet on the bed.,PETER,PERSON,"People, including fictional"
THE TRAGEDY OF ROMEO AND JULIET,4,5,Juliet's Chamber; Juliet on the bed.,PETER,PERSON,"People, including fictional"
THE TRAGEDY OF ROMEO AND JULIET,4,5,Juliet's Chamber; Juliet on the bed.,PETER,PERSON,"People, including fictional"
THE TRAGEDY OF ROMEO AND JULIET,4,5,Juliet's Chamber; Juliet on the bed.,PETER,PERSON,"People, including fictional"
THE TRAGEDY OF ROMEO AND JULIET,4,5,Juliet's Chamber; Juliet on the bed.,PETER,PERSON,"People, including fictional"
THE TRAGEDY OF ROMEO AND JULIET,4,5,Juliet's Chamber; Juliet on the bed.,SECOND MUSICIAN,PERSON,"People, including fictional"
THE TRAGEDY OF ROMEO AND JULIET,4,5,Juliet's Chamber; Juliet on the bed.,PETER,PERSON,"People, including fictional"
THE TRAGEDY OF ROMEO AND JULIET,4,5,Juliet's Chamber; Juliet on the bed.,Simon,PERSON,"People, including fictional"
THE TRAGEDY OF ROMEO AND JULIET,4,5,Juliet's Chamber; Juliet on the bed.,PETER,PERSON,"People, including fictional"
THE TRAGEDY OF ROMEO AND JULIET,4,5,Juliet's Chamber; Juliet on the bed.,Rebeck,PERSON,"People, including fictional"
THE TRAGEDY OF ROMEO AND JULIET,4,5,Juliet's Chamber; Juliet on the bed.,PETER,PERSON,"People, including fictional"
THE TRAGEDY OF ROMEO AND JULIET,4,5,Juliet's Chamber; Juliet on the bed.,James,PERSON,"People, including fictional"
THE TRAGEDY OF ROMEO AND JULIET,4,5,Juliet's Chamber; Juliet on the bed.,THIRD MUSICIAN,PERSON,"People, including fictional"
THE TRAGEDY OF ROMEO AND JULIET,4,5,Juliet's Chamber; Juliet on the bed.,PETER,PERSON,"People, including fictional"
THE TRAGEDY OF ROMEO AND JULIET,5,1,Mantua. A Street.,Romeo,PERSON,"People, including fictional"
THE TRAGEDY OF ROMEO AND JULIET,5,1,Mantua. A Street.,ROMEO,PERSON,"People, including fictional"
THE TRAGEDY OF ROMEO AND JULIET,5,1,Mantua. A Street.,Balthasar,PERSON,"People, including fictional"
THE TRAGEDY OF ROMEO AND JULIET,5,1,Mantua. A Street.,Verona,GPE,"Countries, cities, states"
THE TRAGEDY OF ROMEO AND JULIET,5,1,Mantua. A Street.,Balthasar,PERSON,"People, including fictional"
THE TRAGEDY OF ROMEO AND JULIET,5,1,Mantua. A Street.,Friar,TITLE,TITLE
THE TRAGEDY OF ROMEO AND JULIET,5,1,Mantua. A Street.,Juliet,PERSON,"People, including fictional"
THE TRAGEDY OF ROMEO AND JULIET,5,1,Mantua. A Street.,BALTHASAR,PERSON,"People, including fictional"
THE TRAGEDY OF ROMEO AND JULIET,5,1,Mantua. A Street.,ROMEO,PERSON,"People, including fictional"
THE TRAGEDY OF ROMEO AND JULIET,5,1,Mantua. A Street.,BALTHASAR,PERSON,"People, including fictional"
THE TRAGEDY OF ROMEO AND JULIET,5,1,Mantua. A Street.,ROMEO,PERSON,"People, including fictional"
THE TRAGEDY OF ROMEO AND JULIET,5,1,Mantua. A Street.,Friar,TITLE,TITLE
THE TRAGEDY OF ROMEO AND JULIET,5,1,Mantua. A Street.,BALTHASAR,PERSON,"People, including fictional"
THE TRAGEDY OF ROMEO AND JULIET,5,1,Mantua. A Street.,ROMEO,PERSON,"People, including fictional"
THE TRAGEDY OF ROMEO AND JULIET,5,1,Mantua. A Street.,Balthasar,PERSON,"People, including fictional"
THE TRAGEDY OF ROMEO AND JULIET,5,1,Mantua. A Street.,Juliet,PERSON,"People, including fictional"
THE TRAGEDY OF ROMEO AND JULIET,5,1,Mantua. A Street.,Mantua,GPE,"Countries, cities, states"
THE TRAGEDY OF ROMEO AND JULIET,5,1,Mantua. A Street.,APOTHECARY.,PERSON,"People, including fictional"
THE TRAGEDY OF ROMEO AND JULIET,5,1,Mantua. A Street.,ROMEO,PERSON,"People, including fictional"
THE TRAGEDY OF ROMEO AND JULIET,5,1,Mantua. A Street.,APOTHECARY.,PERSON,"People, including fictional"
THE TRAGEDY OF ROMEO AND JULIET,5,1,Mantua. A Street.,Mantua,GPE,"Countries, cities, states"
THE TRAGEDY OF ROMEO AND JULIET,5,1,Mantua. A Street.,ROMEO,PERSON,"People, including fictional"
THE TRAGEDY OF ROMEO AND JULIET,5,1,Mantua. A Street.,APOTHECARY.,PERSON,"People, including fictional"
THE TRAGEDY OF ROMEO AND JULIET,5,1,Mantua. A Street.,ROMEO,PERSON,"People, including fictional"
THE TRAGEDY OF ROMEO AND JULIET,5,1,Mantua. A Street.,APOTHECARY.,PERSON,"People, including fictional"
THE TRAGEDY OF ROMEO AND JULIET,5,1,Mantua. A Street.,ROMEO,PERSON,"People, including fictional"
THE TRAGEDY OF ROMEO AND JULIET,5,1,Mantua. A Street.,Juliet,PERSON,"People, including fictional"
THE TRAGEDY OF ROMEO AND JULIET,5,2,Friar Lawrence's Cell.,Friar John,PERSON,"People, including fictional"
THE TRAGEDY OF ROMEO AND JULIET,5,2,Friar Lawrence's Cell.,FRIAR JOHN,PERSON,"People, including fictional"
THE TRAGEDY OF ROMEO AND JULIET,5,2,Friar Lawrence's Cell.,Friar,TITLE,TITLE
THE TRAGEDY OF ROMEO AND JULIET,5,2,Friar Lawrence's Cell.,Friar Lawrence,PERSON,"People, including fictional"
THE TRAGEDY OF ROMEO AND JULIET,5,2,Friar Lawrence's Cell.,FRIAR LAWRENCE,PERSON,"People, including fictional"
THE TRAGEDY OF ROMEO AND JULIET,5,2,Friar Lawrence's Cell.,Friar John,PERSON,"People, including fictional"
THE TRAGEDY OF ROMEO AND JULIET,5,2,Friar Lawrence's Cell.,Mantua,GPE,"Countries, cities, states"
THE TRAGEDY OF ROMEO AND JULIET,5,2,Friar Lawrence's Cell.,Romeo,PERSON,"People, including fictional"
THE TRAGEDY OF ROMEO AND JULIET,5,2,Friar Lawrence's Cell.,FRIAR JOHN,PERSON,"People, including fictional"
THE TRAGEDY OF ROMEO AND JULIET,5,2,Friar Lawrence's Cell.,Mantua,GPE,"Countries, cities, states"
THE TRAGEDY OF ROMEO AND JULIET,5,2,Friar Lawrence's Cell.,FRIAR LAWRENCE,PERSON,"People, including fictional"
THE TRAGEDY OF ROMEO AND JULIET,5,2,Friar Lawrence's Cell.,Romeo,PERSON,"People, including fictional"
THE TRAGEDY OF ROMEO AND JULIET,5,2,Friar Lawrence's Cell.,FRIAR JOHN,PERSON,"People, including fictional"
THE TRAGEDY OF ROMEO AND JULIET,5,2,Friar Lawrence's Cell.,FRIAR LAWRENCE,PERSON,"People, including fictional"
THE TRAGEDY OF ROMEO AND JULIET,5,2,Friar Lawrence's Cell.,Friar John,PERSON,"People, including fictional"
THE TRAGEDY OF ROMEO AND JULIET,5,2,Friar Lawrence's Cell.,FRIAR JOHN,PERSON,"People, including fictional"
THE TRAGEDY OF ROMEO AND JULIET,5,2,Friar Lawrence's Cell.,FRIAR LAWRENCE,PERSON,"People, including fictional"
THE TRAGEDY OF ROMEO AND JULIET,5,2,Friar Lawrence's Cell.,Juliet,PERSON,"People, including fictional"
THE TRAGEDY OF ROMEO AND JULIET,5,2,Friar Lawrence's Cell.,Romeo,PERSON,"People, including fictional"
THE TRAGEDY OF ROMEO AND JULIET,5,2,Friar Lawrence's Cell.,Mantua,GPE,"Countries, cities, states"
THE TRAGEDY OF ROMEO AND JULIET,5,2,Friar Lawrence's Cell.,Romeo,PERSON,"People, including fictional"
THE TRAGEDY OF ROMEO AND JULIET,5,3,A churchyard; in it a Monument belonging to the Capulets.,Paris,PERSON,"People, including fictional"
THE TRAGEDY OF ROMEO AND JULIET,5,3,A churchyard; in it a Monument belonging to the Capulets.,PARIS,PERSON,"People, including fictional"
THE TRAGEDY OF ROMEO AND JULIET,5,3,A churchyard; in it a Monument belonging to the Capulets.,boy,PERSON,"People, including fictional"
THE TRAGEDY OF ROMEO AND JULIET,5,3,A churchyard; in it a Monument belonging to the Capulets.,Hence,PERSON,"People, including fictional"
THE TRAGEDY OF ROMEO AND JULIET,5,3,A churchyard; in it a Monument belonging to the Capulets.,PAGE,PERSON,"People, including fictional"
THE TRAGEDY OF ROMEO AND JULIET,5,3,A churchyard; in it a Monument belonging to the Capulets.,PARIS,PERSON,"People, including fictional"
THE TRAGEDY OF ROMEO AND JULIET,5,3,A churchyard; in it a Monument belonging to the Capulets.,boy,PERSON,"People, including fictional"
THE TRAGEDY OF ROMEO AND JULIET,5,3,A churchyard; in it a Monument belonging to the Capulets.,Romeo,PERSON,"People, including fictional"
THE TRAGEDY OF ROMEO AND JULIET,5,3,A churchyard; in it a Monument belonging to the Capulets.,Balthasar,PERSON,"People, including fictional"
THE TRAGEDY OF ROMEO AND JULIET,5,3,A churchyard; in it a Monument belonging to the Capulets.,ROMEO,PERSON,"People, including fictional"
THE TRAGEDY OF ROMEO AND JULIET,5,3,A churchyard; in it a Monument belonging to the Capulets.,BALTHASAR,PERSON,"People, including fictional"
THE TRAGEDY OF ROMEO AND JULIET,5,3,A churchyard; in it a Monument belonging to the Capulets.,ROMEO,PERSON,"People, including fictional"
THE TRAGEDY OF ROMEO AND JULIET,5,3,A churchyard; in it a Monument belonging to the Capulets.,BALTHASAR,PERSON,"People, including fictional"
THE TRAGEDY OF ROMEO AND JULIET,5,3,A churchyard; in it a Monument belonging to the Capulets.,ROMEO,PERSON,"People, including fictional"
THE TRAGEDY OF ROMEO AND JULIET,5,3,A churchyard; in it a Monument belonging to the Capulets.,PARIS,PERSON,"People, including fictional"
THE TRAGEDY OF ROMEO AND JULIET,5,3,A churchyard; in it a Monument belonging to the Capulets.,Montague,PERSON,"People, including fictional"
THE TRAGEDY OF ROMEO AND JULIET,5,3,A churchyard; in it a Monument belonging to the Capulets.,Montague,PERSON,"People, including fictional"
THE TRAGEDY OF ROMEO AND JULIET,5,3,A churchyard; in it a Monument belonging to the Capulets.,ROMEO,PERSON,"People, including fictional"
THE TRAGEDY OF ROMEO AND JULIET,5,3,A churchyard; in it a Monument belonging to the Capulets.,PARIS,PERSON,"People, including fictional"
THE TRAGEDY OF ROMEO AND JULIET,5,3,A churchyard; in it a Monument belonging to the Capulets.,ROMEO,PERSON,"People, including fictional"
THE TRAGEDY OF ROMEO AND JULIET,5,3,A churchyard; in it a Monument belonging to the Capulets.,boy,PERSON,"People, including fictional"
THE TRAGEDY OF ROMEO AND JULIET,5,3,A churchyard; in it a Monument belonging to the Capulets.,PAGE,PERSON,"People, including fictional"
THE TRAGEDY OF ROMEO AND JULIET,5,3,A churchyard; in it a Monument belonging to the Capulets.,PARIS,PERSON,"People, including fictional"
THE TRAGEDY OF ROMEO AND JULIET,5,3,A churchyard; in it a Monument belonging to the Capulets.,Juliet,PERSON,"People, including fictional"
THE TRAGEDY OF ROMEO AND JULIET,5,3,A churchyard; in it a Monument belonging to the Capulets.,ROMEO,PERSON,"People, including fictional"
THE TRAGEDY OF ROMEO AND JULIET,5,3,A churchyard; in it a Monument belonging to the Capulets.,Mercutio,PERSON,"People, including fictional"
THE TRAGEDY OF ROMEO AND JULIET,5,3,A churchyard; in it a Monument belonging to the Capulets.,Paris,PERSON,"People, including fictional"
THE TRAGEDY OF ROMEO AND JULIET,5,3,A churchyard; in it a Monument belonging to the Capulets.,Paris,PERSON,"People, including fictional"
THE TRAGEDY OF ROMEO AND JULIET,5,3,A churchyard; in it a Monument belonging to the Capulets.,Juliet,PERSON,"People, including fictional"
THE TRAGEDY OF ROMEO AND JULIET,5,3,A churchyard; in it a Monument belonging to the Capulets.,Juliet,PERSON,"People, including fictional"
THE TRAGEDY OF ROMEO AND JULIET,5,3,A churchyard; in it a Monument belonging to the Capulets.,Juliet,PERSON,"People, including fictional"
THE TRAGEDY OF ROMEO AND JULIET,5,3,A churchyard; in it a Monument belonging to the Capulets.,Paris,PERSON,"People, including fictional"
THE TRAGEDY OF ROMEO AND JULIET,5,3,A churchyard; in it a Monument belonging to the Capulets.,Tybalt,PERSON,"People, including fictional"
THE TRAGEDY OF ROMEO AND JULIET,5,3,A churchyard; in it a Monument belonging to the Capulets.,Juliet,PERSON,"People, including fictional"
THE TRAGEDY OF ROMEO AND JULIET,5,3,A churchyard; in it a Monument belonging to the Capulets.,Friar Lawrence,PERSON,"People, including fictional"
THE TRAGEDY OF ROMEO AND JULIET,5,3,A churchyard; in it a Monument belonging to the Capulets.,FRIAR LAWRENCE,PERSON,"People, including fictional"
THE TRAGEDY OF ROMEO AND JULIET,5,3,A churchyard; in it a Monument belonging to the Capulets.,BALTHASAR,PERSON,"People, including fictional"
THE TRAGEDY OF ROMEO AND JULIET,5,3,A churchyard; in it a Monument belonging to the Capulets.,FRIAR LAWRENCE,PERSON,"People, including fictional"
THE TRAGEDY OF ROMEO AND JULIET,5,3,A churchyard; in it a Monument belonging to the Capulets.,BALTHASAR,PERSON,"People, including fictional"
THE TRAGEDY OF ROMEO AND JULIET,5,3,A churchyard; in it a Monument belonging to the Capulets.,FRIAR LAWRENCE,PERSON,"People, including fictional"
THE TRAGEDY OF ROMEO AND JULIET,5,3,A churchyard; in it a Monument belonging to the Capulets.,BALTHASAR,PERSON,"People, including fictional"
THE TRAGEDY OF ROMEO AND JULIET,5,3,A churchyard; in it a Monument belonging to the Capulets.,Romeo,PERSON,"People, including fictional"
THE TRAGEDY OF ROMEO AND JULIET,5,3,A churchyard; in it a Monument belonging to the Capulets.,FRIAR LAWRENCE,PERSON,"People, including fictional"
THE TRAGEDY OF ROMEO AND JULIET,5,3,A churchyard; in it a Monument belonging to the Capulets.,BALTHASAR,PERSON,"People, including fictional"
THE TRAGEDY OF ROMEO AND JULIET,5,3,A churchyard; in it a Monument belonging to the Capulets.,FRIAR LAWRENCE,PERSON,"People, including fictional"
THE TRAGEDY OF ROMEO AND JULIET,5,3,A churchyard; in it a Monument belonging to the Capulets.,BALTHASAR,PERSON,"People, including fictional"
THE TRAGEDY OF ROMEO AND JULIET,5,3,A churchyard; in it a Monument belonging to the Capulets.,FRIAR LAWRENCE,PERSON,"People, including fictional"
THE TRAGEDY OF ROMEO AND JULIET,5,3,A churchyard; in it a Monument belonging to the Capulets.,BALTHASAR,PERSON,"People, including fictional"
THE TRAGEDY OF ROMEO AND JULIET,5,3,A churchyard; in it a Monument belonging to the Capulets.,FRIAR LAWRENCE,PERSON,"People, including fictional"
THE TRAGEDY OF ROMEO AND JULIET,5,3,A churchyard; in it a Monument belonging to the Capulets.,Romeo,PERSON,"People, including fictional"
THE TRAGEDY OF ROMEO AND JULIET,5,3,A churchyard; in it a Monument belonging to the Capulets.,Romeo,PERSON,"People, including fictional"
THE TRAGEDY OF ROMEO AND JULIET,5,3,A churchyard; in it a Monument belonging to the Capulets.,Paris,PERSON,"People, including fictional"
THE TRAGEDY OF ROMEO AND JULIET,5,3,A churchyard; in it a Monument belonging to the Capulets.,Juliet,PERSON,"People, including fictional"
THE TRAGEDY OF ROMEO AND JULIET,5,3,A churchyard; in it a Monument belonging to the Capulets.,JULIET,PERSON,"People, including fictional"
THE TRAGEDY OF ROMEO AND JULIET,5,3,A churchyard; in it a Monument belonging to the Capulets.,Friar,TITLE,TITLE
THE TRAGEDY OF ROMEO AND JULIET,5,3,A churchyard; in it a Monument belonging to the Capulets.,Romeo,PERSON,"People, including fictional"
THE TRAGEDY OF ROMEO AND JULIET,5,3,A churchyard; in it a Monument belonging to the Capulets.,FRIAR LAWRENCE,PERSON,"People, including fictional"
THE TRAGEDY OF ROMEO AND JULIET,5,3,A churchyard; in it a Monument belonging to the Capulets.,Paris,PERSON,"People, including fictional"
THE TRAGEDY OF ROMEO AND JULIET,5,3,A churchyard; in it a Monument belonging to the Capulets.,Juliet,PERSON,"People, including fictional"
THE TRAGEDY OF ROMEO AND JULIET,5,3,A churchyard; in it a Monument belonging to the Capulets.,JULIET,PERSON,"People, including fictional"
THE TRAGEDY OF ROMEO AND JULIET,5,3,A churchyard; in it a Monument belonging to the Capulets.,Friar Lawrence,PERSON,"People, including fictional"
THE TRAGEDY OF ROMEO AND JULIET,5,3,A churchyard; in it a Monument belonging to the Capulets.,boy,PERSON,"People, including fictional"
THE TRAGEDY OF ROMEO AND JULIET,5,3,A churchyard; in it a Monument belonging to the Capulets.,JULIET,PERSON,"People, including fictional"
THE TRAGEDY OF ROMEO AND JULIET,5,3,A churchyard; in it a Monument belonging to the Capulets.,Romeo,PERSON,"People, including fictional"
THE TRAGEDY OF ROMEO AND JULIET,5,3,A churchyard; in it a Monument belonging to the Capulets.,Romeo,PERSON,"People, including fictional"
THE TRAGEDY OF ROMEO AND JULIET,5,3,A churchyard; in it a Monument belonging to the Capulets.,Paris,PERSON,"People, including fictional"
THE TRAGEDY OF ROMEO AND JULIET,5,3,A churchyard; in it a Monument belonging to the Capulets.,Juliet,PERSON,"People, including fictional"
THE TRAGEDY OF ROMEO AND JULIET,5,3,A churchyard; in it a Monument belonging to the Capulets.,Balthasar,PERSON,"People, including fictional"
THE TRAGEDY OF ROMEO AND JULIET,5,3,A churchyard; in it a Monument belonging to the Capulets.,SECOND,PERSON,"People, including fictional"
THE TRAGEDY OF ROMEO AND JULIET,5,3,A churchyard; in it a Monument belonging to the Capulets.,Romeo,PERSON,"People, including fictional"
THE TRAGEDY OF ROMEO AND JULIET,5,3,A churchyard; in it a Monument belonging to the Capulets.,Friar Lawrence,PERSON,"People, including fictional"
THE TRAGEDY OF ROMEO AND JULIET,5,3,A churchyard; in it a Monument belonging to the Capulets.,THIRD WATCH,PERSON,"People, including fictional"
THE TRAGEDY OF ROMEO AND JULIET,5,3,A churchyard; in it a Monument belonging to the Capulets.,Friar,TITLE,TITLE
THE TRAGEDY OF ROMEO AND JULIET,5,3,A churchyard; in it a Monument belonging to the Capulets.,Friar,TITLE,TITLE
THE TRAGEDY OF ROMEO AND JULIET,5,3,A churchyard; in it a Monument belonging to the Capulets.,Capulet,PERSON,"People, including fictional"
THE TRAGEDY OF ROMEO AND JULIET,5,3,A churchyard; in it a Monument belonging to the Capulets.,Lady Capulet,PERSON,"People, including fictional"
THE TRAGEDY OF ROMEO AND JULIET,5,3,A churchyard; in it a Monument belonging to the Capulets.,CAPULET,PERSON,"People, including fictional"
THE TRAGEDY OF ROMEO AND JULIET,5,3,A churchyard; in it a Monument belonging to the Capulets.,LADY CAPULET,PERSON,"People, including fictional"
THE TRAGEDY OF ROMEO AND JULIET,5,3,A churchyard; in it a Monument belonging to the Capulets.,Romeo,PERSON,"People, including fictional"
THE TRAGEDY OF ROMEO AND JULIET,5,3,A churchyard; in it a Monument belonging to the Capulets.,Juliet,PERSON,"People, including fictional"
THE TRAGEDY OF ROMEO AND JULIET,5,3,A churchyard; in it a Monument belonging to the Capulets.,Paris,PERSON,"People, including fictional"
THE TRAGEDY OF ROMEO AND JULIET,5,3,A churchyard; in it a Monument belonging to the Capulets.,Paris,PERSON,"People, including fictional"
THE TRAGEDY OF ROMEO AND JULIET,5,3,A churchyard; in it a Monument belonging to the Capulets.,Romeo,PERSON,"People, including fictional"
THE TRAGEDY OF ROMEO AND JULIET,5,3,A churchyard; in it a Monument belonging to the Capulets.,Juliet,PERSON,"People, including fictional"
THE TRAGEDY OF ROMEO AND JULIET,5,3,A churchyard; in it a Monument belonging to the Capulets.,Friar,TITLE,TITLE
THE TRAGEDY OF ROMEO AND JULIET,5,3,A churchyard; in it a Monument belonging to the Capulets.,Romeo,PERSON,"People, including fictional"
THE TRAGEDY OF ROMEO AND JULIET,5,3,A churchyard; in it a Monument belonging to the Capulets.,CAPULET,PERSON,"People, including fictional"
THE TRAGEDY OF ROMEO AND JULIET,5,3,A churchyard; in it a Monument belonging to the Capulets.,Montague,PERSON,"People, including fictional"
THE TRAGEDY OF ROMEO AND JULIET,5,3,A churchyard; in it a Monument belonging to the Capulets.,LADY CAPULET,PERSON,"People, including fictional"
THE TRAGEDY OF ROMEO AND JULIET,5,3,A churchyard; in it a Monument belonging to the Capulets.,Montague,PERSON,"People, including fictional"
THE TRAGEDY OF ROMEO AND JULIET,5,3,A churchyard; in it a Monument belonging to the Capulets.,Montague,PERSON,"People, including fictional"
THE TRAGEDY OF ROMEO AND JULIET,5,3,A churchyard; in it a Monument belonging to the Capulets.,MONTAGUE,PERSON,"People, including fictional"
THE TRAGEDY OF ROMEO AND JULIET,5,3,A churchyard; in it a Monument belonging to the Capulets.,MONTAGUE,PERSON,"People, including fictional"
THE TRAGEDY OF ROMEO AND JULIET,5,3,A churchyard; in it a Monument belonging to the Capulets.,FRIAR LAWRENCE,PERSON,"People, including fictional"
THE TRAGEDY OF ROMEO AND JULIET,5,3,A churchyard; in it a Monument belonging to the Capulets.,FRIAR LAWRENCE,PERSON,"People, including fictional"
THE TRAGEDY OF ROMEO AND JULIET,5,3,A churchyard; in it a Monument belonging to the Capulets.,Romeo,PERSON,"People, including fictional"
THE TRAGEDY OF ROMEO AND JULIET,5,3,A churchyard; in it a Monument belonging to the Capulets.,Juliet,PERSON,"People, including fictional"
THE TRAGEDY OF ROMEO AND JULIET,5,3,A churchyard; in it a Monument belonging to the Capulets.,Romeo,PERSON,"People, including fictional"
THE TRAGEDY OF ROMEO AND JULIET,5,3,A churchyard; in it a Monument belonging to the Capulets.,Tybalt,PERSON,"People, including fictional"
THE TRAGEDY OF ROMEO AND JULIET,5,3,A churchyard; in it a Monument belonging to the Capulets.,Tybalt,PERSON,"People, including fictional"
THE TRAGEDY OF ROMEO AND JULIET,5,3,A churchyard; in it a Monument belonging to the Capulets.,Juliet,PERSON,"People, including fictional"
THE TRAGEDY OF ROMEO AND JULIET,5,3,A churchyard; in it a Monument belonging to the Capulets.,Paris,PERSON,"People, including fictional"
THE TRAGEDY OF ROMEO AND JULIET,5,3,A churchyard; in it a Monument belonging to the Capulets.,Romeo,PERSON,"People, including fictional"
THE TRAGEDY OF ROMEO AND JULIET,5,3,A churchyard; in it a Monument belonging to the Capulets.,Friar John,PERSON,"People, including fictional"
THE TRAGEDY OF ROMEO AND JULIET,5,3,A churchyard; in it a Monument belonging to the Capulets.,Romeo,PERSON,"People, including fictional"
THE TRAGEDY OF ROMEO AND JULIET,5,3,A churchyard; in it a Monument belonging to the Capulets.,Paris,PERSON,"People, including fictional"
THE TRAGEDY OF ROMEO AND JULIET,5,3,A churchyard; in it a Monument belonging to the Capulets.,Romeo,PERSON,"People, including fictional"
THE TRAGEDY OF ROMEO AND JULIET,5,3,A churchyard; in it a Monument belonging to the Capulets.,Nurse,TITLE,TITLE
THE TRAGEDY OF ROMEO AND JULIET,5,3,A churchyard; in it a Monument belonging to the Capulets.,Miscarried,PERSON,"People, including fictional"
THE TRAGEDY OF ROMEO AND JULIET,5,3,A churchyard; in it a Monument belonging to the Capulets.,Romeo,PERSON,"People, including fictional"
THE TRAGEDY OF ROMEO AND JULIET,5,3,A churchyard; in it a Monument belonging to the Capulets.,BALTHASAR,PERSON,"People, including fictional"
THE TRAGEDY OF ROMEO AND JULIET,5,3,A churchyard; in it a Monument belonging to the Capulets.,Juliet,PERSON,"People, including fictional"
THE TRAGEDY OF ROMEO AND JULIET,5,3,A churchyard; in it a Monument belonging to the Capulets.,Mantua,GPE,"Countries, cities, states"
THE TRAGEDY OF ROMEO AND JULIET,5,3,A churchyard; in it a Monument belonging to the Capulets.,PAGE,PERSON,"People, including fictional"
THE TRAGEDY OF ROMEO AND JULIET,5,3,A churchyard; in it a Monument belonging to the Capulets.,Friar,TITLE,TITLE
THE TRAGEDY OF ROMEO AND JULIET,5,3,A churchyard; in it a Monument belonging to the Capulets.,Juliet,PERSON,"People, including fictional"
THE TRAGEDY OF ROMEO AND JULIET,5,3,A churchyard; in it a Monument belonging to the Capulets.,Capulet,PERSON,"People, including fictional"
THE TRAGEDY OF ROMEO AND JULIET,5,3,A churchyard; in it a Monument belonging to the Capulets.,Montague,PERSON,"People, including fictional"
THE TRAGEDY OF ROMEO AND JULIET,5,3,A churchyard; in it a Monument belonging to the Capulets.,CAPULET,PERSON,"People, including fictional"
THE TRAGEDY OF ROMEO AND JULIET,5,3,A churchyard; in it a Monument belonging to the Capulets.,Montague,PERSON,"People, including fictional"
THE TRAGEDY OF ROMEO AND JULIET,5,3,A churchyard; in it a Monument belonging to the Capulets.,MONTAGUE,PERSON,"People, including fictional"
THE TRAGEDY OF ROMEO AND JULIET,5,3,A churchyard; in it a Monument belonging to the Capulets.,Verona,GPE,"Countries, cities, states"
THE TRAGEDY OF ROMEO AND JULIET,5,3,A churchyard; in it a Monument belonging to the Capulets.,Juliet,PERSON,"People, including fictional"
THE TRAGEDY OF ROMEO AND JULIET,5,3,A churchyard; in it a Monument belonging to the Capulets.,CAPULET,PERSON,"People, including fictional"
THE TRAGEDY OF ROMEO AND JULIET,5,3,A churchyard; in it a Monument belonging to the Capulets.,Romeo,PERSON,"People, including fictional"
THE TRAGEDY OF ROMEO AND JULIET,5,3,A churchyard; in it a Monument belonging to the Capulets.,Juliet,PERSON,"People, including fictional"
THE TRAGEDY OF ROMEO AND JULIET,5,3,A churchyard; in it a Monument belonging to the Capulets.,Romeo,PERSON,"People, including fictional"
