play,act,scene,location,entity_text,label,label_description
MUCH ADO ABOUT NOTHING,1,1,Before Leonato's House.,Leonato,PERSON,"People, including fictional"
MUCH ADO ABOUT NOTHING,1,1,Before Leonato's House.,Hero,PERSON,"People, including fictional"
MUCH ADO ABOUT NOTHING,1,1,Before Leonato's House.,Beatrice,PERSON,"People, including fictional"
MUCH ADO ABOUT NOTHING,1,1,Before Leonato's House.,LEONATO,PERSON,"People, including fictional"
MUCH ADO ABOUT NOTHING,1,1,Before Leonato's House.,Don Pedro,PERSON,"People, including fictional"
MUCH ADO ABOUT NOTHING,1,1,Before Leonato's House.,Arragon,GPE,"Countries, cities, states"
MUCH ADO ABOUT NOTHING,1,1,Before Leonato's House.,Messina,GPE,"Countries, cities, states"
MUCH ADO ABOUT NOTHING,1,1,Before Leonato's House.,MESSENGER,PERSON,"People, including fictional"
MUCH ADO ABOUT NOTHING,1,1,Before Leonato's House.,LEONATO,PERSON,"People, including fictional"
MUCH ADO ABOUT NOTHING,1,1,Before Leonato's House.,MESSENGER,PERSON,"People, including fictional"
MUCH ADO ABOUT NOTHING,1,1,Before Leonato's House.,LEONATO,PERSON,"People, including fictional"
MUCH ADO ABOUT NOTHING,1,1,Before Leonato's House.,Don Pedro,PERSON,"People, including fictional"
MUCH ADO ABOUT NOTHING,1,1,Before Leonato's House.,Claudio,PERSON,"People, including fictional"
MUCH ADO ABOUT NOTHING,1,1,Before Leonato's House.,MESSENGER,PERSON,"People, including fictional"
MUCH ADO ABOUT NOTHING,1,1,Before Leonato's House.,Don Pedro,PERSON,"People, including fictional"
MUCH ADO ABOUT NOTHING,1,1,Before Leonato's House.,LEONATO,PERSON,"People, including fictional"
MUCH ADO ABOUT NOTHING,1,1,Before Leonato's House.,Messina,GPE,"Countries, cities, states"
MUCH ADO ABOUT NOTHING,1,1,Before Leonato's House.,MESSENGER,PERSON,"People, including fictional"
MUCH ADO ABOUT NOTHING,1,1,Before Leonato's House.,LEONATO,PERSON,"People, including fictional"
MUCH ADO ABOUT NOTHING,1,1,Before Leonato's House.,MESSENGER,PERSON,"People, including fictional"
MUCH ADO ABOUT NOTHING,1,1,Before Leonato's House.,LEONATO,PERSON,"People, including fictional"
MUCH ADO ABOUT NOTHING,1,1,Before Leonato's House.,BEATRICE,PERSON,"People, including fictional"
MUCH ADO ABOUT NOTHING,1,1,Before Leonato's House.,MESSENGER,PERSON,"People, including fictional"
MUCH ADO ABOUT NOTHING,1,1,Before Leonato's House.,LEONATO,PERSON,"People, including fictional"
MUCH ADO ABOUT NOTHING,1,1,Before Leonato's House.,HERO,PERSON,"People, including fictional"
MUCH ADO ABOUT NOTHING,1,1,Before Leonato's House.,Benedick,PERSON,"People, including fictional"
MUCH ADO ABOUT NOTHING,1,1,Before Leonato's House.,Padua,GPE,"Countries, cities, states"
MUCH ADO ABOUT NOTHING,1,1,Before Leonato's House.,MESSENGER,PERSON,"People, including fictional"
MUCH ADO ABOUT NOTHING,1,1,Before Leonato's House.,BEATRICE,PERSON,"People, including fictional"
MUCH ADO ABOUT NOTHING,1,1,Before Leonato's House.,Messina,GPE,"Countries, cities, states"
MUCH ADO ABOUT NOTHING,1,1,Before Leonato's House.,LEONATO,PERSON,"People, including fictional"
MUCH ADO ABOUT NOTHING,1,1,Before Leonato's House.,Benedick,PERSON,"People, including fictional"
MUCH ADO ABOUT NOTHING,1,1,Before Leonato's House.,MESSENGER,PERSON,"People, including fictional"
MUCH ADO ABOUT NOTHING,1,1,Before Leonato's House.,BEATRICE,PERSON,"People, including fictional"
MUCH ADO ABOUT NOTHING,1,1,Before Leonato's House.,MESSENGER,PERSON,"People, including fictional"
MUCH ADO ABOUT NOTHING,1,1,Before Leonato's House.,BEATRICE,PERSON,"People, including fictional"
MUCH ADO ABOUT NOTHING,1,1,Before Leonato's House.,MESSENGER,PERSON,"People, including fictional"
MUCH ADO ABOUT NOTHING,1,1,Before Leonato's House.,BEATRICE,PERSON,"People, including fictional"
MUCH ADO ABOUT NOTHING,1,1,Before Leonato's House.,LEONATO,PERSON,"People, including fictional"
MUCH ADO ABOUT NOTHING,1,1,Before Leonato's House.,Benedick,PERSON,"People, including fictional"
MUCH ADO ABOUT NOTHING,1,1,Before Leonato's House.,BEATRICE,PERSON,"People, including fictional"
MUCH ADO ABOUT NOTHING,1,1,Before Leonato's House.,MESSENGER,PERSON,"People, including fictional"
MUCH ADO ABOUT NOTHING,1,1,Before Leonato's House.,BEATRICE,PERSON,"People, including fictional"
MUCH ADO ABOUT NOTHING,1,1,Before Leonato's House.,MESSENGER,PERSON,"People, including fictional"
MUCH ADO ABOUT NOTHING,1,1,Before Leonato's House.,BEATRICE,PERSON,"People, including fictional"
MUCH ADO ABOUT NOTHING,1,1,Before Leonato's House.,MESSENGER,PERSON,"People, including fictional"
MUCH ADO ABOUT NOTHING,1,1,Before Leonato's House.,Claudio,PERSON,"People, including fictional"
MUCH ADO ABOUT NOTHING,1,1,Before Leonato's House.,BEATRICE,PERSON,"People, including fictional"
MUCH ADO ABOUT NOTHING,1,1,Before Leonato's House.,Claudio,PERSON,"People, including fictional"
MUCH ADO ABOUT NOTHING,1,1,Before Leonato's House.,Benedick,PERSON,"People, including fictional"
MUCH ADO ABOUT NOTHING,1,1,Before Leonato's House.,MESSENGER,PERSON,"People, including fictional"
MUCH ADO ABOUT NOTHING,1,1,Before Leonato's House.,BEATRICE,PERSON,"People, including fictional"
MUCH ADO ABOUT NOTHING,1,1,Before Leonato's House.,LEONATO,PERSON,"People, including fictional"
MUCH ADO ABOUT NOTHING,1,1,Before Leonato's House.,BEATRICE,PERSON,"People, including fictional"
MUCH ADO ABOUT NOTHING,1,1,Before Leonato's House.,MESSENGER,PERSON,"People, including fictional"
MUCH ADO ABOUT NOTHING,1,1,Before Leonato's House.,Don Pedro,PERSON,"People, including fictional"
MUCH ADO ABOUT NOTHING,1,1,Before Leonato's House.,Don Pedro,PERSON,"People, including fictional"
MUCH ADO ABOUT NOTHING,1,1,Before Leonato's House.,Don John,PERSON,"People, including fictional"
MUCH ADO ABOUT NOTHING,1,1,Before Leonato's House.,Claudio,PERSON,"People, including fictional"
MUCH ADO ABOUT NOTHING,1,1,Before Leonato's House.,Benedick,PERSON,"People, including fictional"
MUCH ADO ABOUT NOTHING,1,1,Before Leonato's House.,Balthasar,PERSON,"People, including fictional"
MUCH ADO ABOUT NOTHING,1,1,Before Leonato's House.,DON PEDRO,PERSON,"People, including fictional"
MUCH ADO ABOUT NOTHING,1,1,Before Leonato's House.,Leonato,PERSON,"People, including fictional"
MUCH ADO ABOUT NOTHING,1,1,Before Leonato's House.,LEONATO,PERSON,"People, including fictional"
MUCH ADO ABOUT NOTHING,1,1,Before Leonato's House.,DON PEDRO,PERSON,"People, including fictional"
MUCH ADO ABOUT NOTHING,1,1,Before Leonato's House.,LEONATO,PERSON,"People, including fictional"
MUCH ADO ABOUT NOTHING,1,1,Before Leonato's House.,BENEDICK,PERSON,"People, including fictional"
MUCH ADO ABOUT NOTHING,1,1,Before Leonato's House.,LEONATO,PERSON,"People, including fictional"
MUCH ADO ABOUT NOTHING,1,1,Before Leonato's House.,Benedick,PERSON,"People, including fictional"
MUCH ADO ABOUT NOTHING,1,1,Before Leonato's House.,DON PEDRO,PERSON,"People, including fictional"
MUCH ADO ABOUT NOTHING,1,1,Before Leonato's House.,Benedick,PERSON,"People, including fictional"
MUCH ADO ABOUT NOTHING,1,1,Before Leonato's House.,BENEDICK,PERSON,"People, including fictional"
MUCH ADO ABOUT NOTHING,1,1,Before Leonato's House.,Leonato,PERSON,"People, including fictional"
MUCH ADO ABOUT NOTHING,1,1,Before Leonato's House.,Messina,GPE,"Countries, cities, states"
MUCH ADO ABOUT NOTHING,1,1,Before Leonato's House.,BEATRICE,PERSON,"People, including fictional"
MUCH ADO ABOUT NOTHING,1,1,Before Leonato's House.,Benedick,PERSON,"People, including fictional"
MUCH ADO ABOUT NOTHING,1,1,Before Leonato's House.,BENEDICK,PERSON,"People, including fictional"
MUCH ADO ABOUT NOTHING,1,1,Before Leonato's House.,Lady Disdain,PERSON,"People, including fictional"
MUCH ADO ABOUT NOTHING,1,1,Before Leonato's House.,BEATRICE,PERSON,"People, including fictional"
MUCH ADO ABOUT NOTHING,1,1,Before Leonato's House.,Benedick,PERSON,"People, including fictional"
MUCH ADO ABOUT NOTHING,1,1,Before Leonato's House.,BENEDICK,PERSON,"People, including fictional"
MUCH ADO ABOUT NOTHING,1,1,Before Leonato's House.,BEATRICE,PERSON,"People, including fictional"
MUCH ADO ABOUT NOTHING,1,1,Before Leonato's House.,BENEDICK,PERSON,"People, including fictional"
MUCH ADO ABOUT NOTHING,1,1,Before Leonato's House.,BEATRICE,PERSON,"People, including fictional"
MUCH ADO ABOUT NOTHING,1,1,Before Leonato's House.,BENEDICK,PERSON,"People, including fictional"
MUCH ADO ABOUT NOTHING,1,1,Before Leonato's House.,BEATRICE,PERSON,"People, including fictional"
MUCH ADO ABOUT NOTHING,1,1,Before Leonato's House.,BENEDICK,PERSON,"People, including fictional"
MUCH ADO ABOUT NOTHING,1,1,Before Leonato's House.,BEATRICE,PERSON,"People, including fictional"
MUCH ADO ABOUT NOTHING,1,1,Before Leonato's House.,DON PEDRO,PERSON,"People, including fictional"
MUCH ADO ABOUT NOTHING,1,1,Before Leonato's House.,Leonato,PERSON,"People, including fictional"
MUCH ADO ABOUT NOTHING,1,1,Before Leonato's House.,Claudio,PERSON,"People, including fictional"
MUCH ADO ABOUT NOTHING,1,1,Before Leonato's House.,Benedick,PERSON,"People, including fictional"
MUCH ADO ABOUT NOTHING,1,1,Before Leonato's House.,Leonato,PERSON,"People, including fictional"
MUCH ADO ABOUT NOTHING,1,1,Before Leonato's House.,LEONATO,PERSON,"People, including fictional"
MUCH ADO ABOUT NOTHING,1,1,Before Leonato's House.,Don John,PERSON,"People, including fictional"
MUCH ADO ABOUT NOTHING,1,1,Before Leonato's House.,DON JOHN,PERSON,"People, including fictional"
MUCH ADO ABOUT NOTHING,1,1,Before Leonato's House.,LEONATO,PERSON,"People, including fictional"
MUCH ADO ABOUT NOTHING,1,1,Before Leonato's House.,DON PEDRO,PERSON,"People, including fictional"
MUCH ADO ABOUT NOTHING,1,1,Before Leonato's House.,Leonato,PERSON,"People, including fictional"
MUCH ADO ABOUT NOTHING,1,1,Before Leonato's House.,Benedick,PERSON,"People, including fictional"
MUCH ADO ABOUT NOTHING,1,1,Before Leonato's House.,Claudio,PERSON,"People, including fictional"
MUCH ADO ABOUT NOTHING,1,1,Before Leonato's House.,CLAUDIO,PERSON,"People, including fictional"
MUCH ADO ABOUT NOTHING,1,1,Before Leonato's House.,Benedick,PERSON,"People, including fictional"
MUCH ADO ABOUT NOTHING,1,1,Before Leonato's House.,Leonato,PERSON,"People, including fictional"
MUCH ADO ABOUT NOTHING,1,1,Before Leonato's House.,BENEDICK,PERSON,"People, including fictional"
MUCH ADO ABOUT NOTHING,1,1,Before Leonato's House.,CLAUDIO,PERSON,"People, including fictional"
MUCH ADO ABOUT NOTHING,1,1,Before Leonato's House.,BENEDICK,PERSON,"People, including fictional"
MUCH ADO ABOUT NOTHING,1,1,Before Leonato's House.,CLAUDIO,PERSON,"People, including fictional"
MUCH ADO ABOUT NOTHING,1,1,Before Leonato's House.,BENEDICK,PERSON,"People, including fictional"
MUCH ADO ABOUT NOTHING,1,1,Before Leonato's House.,CLAUDIO,PERSON,"People, including fictional"
MUCH ADO ABOUT NOTHING,1,1,Before Leonato's House.,BENEDICK,PERSON,"People, including fictional"
MUCH ADO ABOUT NOTHING,1,1,Before Leonato's House.,CLAUDIO,PERSON,"People, including fictional"
MUCH ADO ABOUT NOTHING,1,1,Before Leonato's House.,BENEDICK,PERSON,"People, including fictional"
MUCH ADO ABOUT NOTHING,1,1,Before Leonato's House.,Vulcan,PERSON,"People, including fictional"
MUCH ADO ABOUT NOTHING,1,1,Before Leonato's House.,CLAUDIO,PERSON,"People, including fictional"
MUCH ADO ABOUT NOTHING,1,1,Before Leonato's House.,BENEDICK,PERSON,"People, including fictional"
MUCH ADO ABOUT NOTHING,1,1,Before Leonato's House.,CLAUDIO,PERSON,"People, including fictional"
MUCH ADO ABOUT NOTHING,1,1,Before Leonato's House.,Hero,PERSON,"People, including fictional"
MUCH ADO ABOUT NOTHING,1,1,Before Leonato's House.,BENEDICK,PERSON,"People, including fictional"
MUCH ADO ABOUT NOTHING,1,1,Before Leonato's House.,Don Pedro,PERSON,"People, including fictional"
MUCH ADO ABOUT NOTHING,1,1,Before Leonato's House.,Don Pedro,PERSON,"People, including fictional"
MUCH ADO ABOUT NOTHING,1,1,Before Leonato's House.,DON PEDRO,PERSON,"People, including fictional"
MUCH ADO ABOUT NOTHING,1,1,Before Leonato's House.,Leonato,PERSON,"People, including fictional"
MUCH ADO ABOUT NOTHING,1,1,Before Leonato's House.,BENEDICK,PERSON,"People, including fictional"
MUCH ADO ABOUT NOTHING,1,1,Before Leonato's House.,DON PEDRO,PERSON,"People, including fictional"
MUCH ADO ABOUT NOTHING,1,1,Before Leonato's House.,BENEDICK,PERSON,"People, including fictional"
MUCH ADO ABOUT NOTHING,1,1,Before Leonato's House.,Claudio,PERSON,"People, including fictional"
MUCH ADO ABOUT NOTHING,1,1,Before Leonato's House.,Hero,PERSON,"People, including fictional"
MUCH ADO ABOUT NOTHING,1,1,Before Leonato's House.,Leonato,PERSON,"People, including fictional"
MUCH ADO ABOUT NOTHING,1,1,Before Leonato's House.,CLAUDIO,PERSON,"People, including fictional"
MUCH ADO ABOUT NOTHING,1,1,Before Leonato's House.,BENEDICK,PERSON,"People, including fictional"
MUCH ADO ABOUT NOTHING,1,1,Before Leonato's House.,CLAUDIO,PERSON,"People, including fictional"
MUCH ADO ABOUT NOTHING,1,1,Before Leonato's House.,DON PEDRO,PERSON,"People, including fictional"
MUCH ADO ABOUT NOTHING,1,1,Before Leonato's House.,CLAUDIO,PERSON,"People, including fictional"
MUCH ADO ABOUT NOTHING,1,1,Before Leonato's House.,DON PEDRO,PERSON,"People, including fictional"
MUCH ADO ABOUT NOTHING,1,1,Before Leonato's House.,CLAUDIO,PERSON,"People, including fictional"
MUCH ADO ABOUT NOTHING,1,1,Before Leonato's House.,BENEDICK,PERSON,"People, including fictional"
MUCH ADO ABOUT NOTHING,1,1,Before Leonato's House.,CLAUDIO,PERSON,"People, including fictional"
MUCH ADO ABOUT NOTHING,1,1,Before Leonato's House.,DON PEDRO,PERSON,"People, including fictional"
MUCH ADO ABOUT NOTHING,1,1,Before Leonato's House.,BENEDICK,PERSON,"People, including fictional"
MUCH ADO ABOUT NOTHING,1,1,Before Leonato's House.,DON PEDRO,PERSON,"People, including fictional"
MUCH ADO ABOUT NOTHING,1,1,Before Leonato's House.,CLAUDIO,PERSON,"People, including fictional"
MUCH ADO ABOUT NOTHING,1,1,Before Leonato's House.,BENEDICK,PERSON,"People, including fictional"
MUCH ADO ABOUT NOTHING,1,1,Before Leonato's House.,baldrick,PERSON,"People, including fictional"
MUCH ADO ABOUT NOTHING,1,1,Before Leonato's House.,"is,—for",PERSON,"People, including fictional"
MUCH ADO ABOUT NOTHING,1,1,Before Leonato's House.,DON PEDRO,PERSON,"People, including fictional"
MUCH ADO ABOUT NOTHING,1,1,Before Leonato's House.,BENEDICK,PERSON,"People, including fictional"
MUCH ADO ABOUT NOTHING,1,1,Before Leonato's House.,DON PEDRO,PERSON,"People, including fictional"
MUCH ADO ABOUT NOTHING,1,1,Before Leonato's House.,BENEDICK,PERSON,"People, including fictional"
MUCH ADO ABOUT NOTHING,1,1,Before Leonato's House.,DON PEDRO,PERSON,"People, including fictional"
MUCH ADO ABOUT NOTHING,1,1,Before Leonato's House.,BENEDICK,PERSON,"People, including fictional"
MUCH ADO ABOUT NOTHING,1,1,Before Leonato's House.,Benedick,PERSON,"People, including fictional"
MUCH ADO ABOUT NOTHING,1,1,Before Leonato's House.,Benedick,PERSON,"People, including fictional"
MUCH ADO ABOUT NOTHING,1,1,Before Leonato's House.,CLAUDIO,PERSON,"People, including fictional"
MUCH ADO ABOUT NOTHING,1,1,Before Leonato's House.,DON PEDRO,PERSON,"People, including fictional"
MUCH ADO ABOUT NOTHING,1,1,Before Leonato's House.,Venice,GPE,"Countries, cities, states"
MUCH ADO ABOUT NOTHING,1,1,Before Leonato's House.,BENEDICK,PERSON,"People, including fictional"
MUCH ADO ABOUT NOTHING,1,1,Before Leonato's House.,DON PEDRO,PERSON,"People, including fictional"
MUCH ADO ABOUT NOTHING,1,1,Before Leonato's House.,Benedick,PERSON,"People, including fictional"
MUCH ADO ABOUT NOTHING,1,1,Before Leonato's House.,Leonato,PERSON,"People, including fictional"
MUCH ADO ABOUT NOTHING,1,1,Before Leonato's House.,BENEDICK,PERSON,"People, including fictional"
MUCH ADO ABOUT NOTHING,1,1,Before Leonato's House.,CLAUDIO,PERSON,"People, including fictional"
MUCH ADO ABOUT NOTHING,1,1,Before Leonato's House.,DON PEDRO,PERSON,"People, including fictional"
MUCH ADO ABOUT NOTHING,1,1,Before Leonato's House.,Benedick,PERSON,"People, including fictional"
MUCH ADO ABOUT NOTHING,1,1,Before Leonato's House.,BENEDICK,PERSON,"People, including fictional"
MUCH ADO ABOUT NOTHING,1,1,Before Leonato's House.,CLAUDIO,PERSON,"People, including fictional"
MUCH ADO ABOUT NOTHING,1,1,Before Leonato's House.,DON PEDRO,PERSON,"People, including fictional"
MUCH ADO ABOUT NOTHING,1,1,Before Leonato's House.,CLAUDIO,PERSON,"People, including fictional"
MUCH ADO ABOUT NOTHING,1,1,Before Leonato's House.,Leonato,PERSON,"People, including fictional"
MUCH ADO ABOUT NOTHING,1,1,Before Leonato's House.,DON PEDRO,PERSON,"People, including fictional"
MUCH ADO ABOUT NOTHING,1,1,Before Leonato's House.,Hero,PERSON,"People, including fictional"
MUCH ADO ABOUT NOTHING,1,1,Before Leonato's House.,Claudio,PERSON,"People, including fictional"
MUCH ADO ABOUT NOTHING,1,1,Before Leonato's House.,CLAUDIO,PERSON,"People, including fictional"
MUCH ADO ABOUT NOTHING,1,1,Before Leonato's House.,Hero,PERSON,"People, including fictional"
MUCH ADO ABOUT NOTHING,1,1,Before Leonato's House.,DON PEDRO,PERSON,"People, including fictional"
MUCH ADO ABOUT NOTHING,1,1,Before Leonato's House.,Hero,PERSON,"People, including fictional"
MUCH ADO ABOUT NOTHING,1,1,Before Leonato's House.,CLAUDIO,PERSON,"People, including fictional"
MUCH ADO ABOUT NOTHING,1,1,Before Leonato's House.,DON PEDRO,PERSON,"People, including fictional"
MUCH ADO ABOUT NOTHING,1,1,Before Leonato's House.,Hero,PERSON,"People, including fictional"
MUCH ADO ABOUT NOTHING,1,1,Before Leonato's House.,Claudio,PERSON,"People, including fictional"
MUCH ADO ABOUT NOTHING,1,2,A room in Leonato's house.,Leonato,PERSON,"People, including fictional"
MUCH ADO ABOUT NOTHING,1,2,A room in Leonato's house.,Antonio,PERSON,"People, including fictional"
MUCH ADO ABOUT NOTHING,1,2,A room in Leonato's house.,LEONATO,PERSON,"People, including fictional"
MUCH ADO ABOUT NOTHING,1,2,A room in Leonato's house.,ANTONIO,PERSON,"People, including fictional"
MUCH ADO ABOUT NOTHING,1,2,A room in Leonato's house.,LEONATO,PERSON,"People, including fictional"
MUCH ADO ABOUT NOTHING,1,2,A room in Leonato's house.,ANTONIO,PERSON,"People, including fictional"
MUCH ADO ABOUT NOTHING,1,2,A room in Leonato's house.,Claudio,PERSON,"People, including fictional"
MUCH ADO ABOUT NOTHING,1,2,A room in Leonato's house.,Claudio,PERSON,"People, including fictional"
MUCH ADO ABOUT NOTHING,1,2,A room in Leonato's house.,LEONATO,PERSON,"People, including fictional"
MUCH ADO ABOUT NOTHING,1,2,A room in Leonato's house.,ANTONIO,PERSON,"People, including fictional"
MUCH ADO ABOUT NOTHING,1,2,A room in Leonato's house.,LEONATO,PERSON,"People, including fictional"
MUCH ADO ABOUT NOTHING,1,2,A room in Leonato's house.,Several,PERSON,"People, including fictional"
MUCH ADO ABOUT NOTHING,1,2,A room in Leonato's house.,Cousins,PERSON,"People, including fictional"
MUCH ADO ABOUT NOTHING,1,3,Another room in Leonato's house.,Don John,PERSON,"People, including fictional"
MUCH ADO ABOUT NOTHING,1,3,Another room in Leonato's house.,Conrade,PERSON,"People, including fictional"
MUCH ADO ABOUT NOTHING,1,3,Another room in Leonato's house.,CONRADE,PERSON,"People, including fictional"
MUCH ADO ABOUT NOTHING,1,3,Another room in Leonato's house.,DON JOHN,PERSON,"People, including fictional"
MUCH ADO ABOUT NOTHING,1,3,Another room in Leonato's house.,CONRADE,PERSON,"People, including fictional"
MUCH ADO ABOUT NOTHING,1,3,Another room in Leonato's house.,DON JOHN,PERSON,"People, including fictional"
MUCH ADO ABOUT NOTHING,1,3,Another room in Leonato's house.,CONRADE,PERSON,"People, including fictional"
MUCH ADO ABOUT NOTHING,1,3,Another room in Leonato's house.,DON JOHN,PERSON,"People, including fictional"
MUCH ADO ABOUT NOTHING,1,3,Another room in Leonato's house.,CONRADE,PERSON,"People, including fictional"
MUCH ADO ABOUT NOTHING,1,3,Another room in Leonato's house.,DON JOHN,PERSON,"People, including fictional"
MUCH ADO ABOUT NOTHING,1,3,Another room in Leonato's house.,CONRADE,PERSON,"People, including fictional"
MUCH ADO ABOUT NOTHING,1,3,Another room in Leonato's house.,DON JOHN,PERSON,"People, including fictional"
MUCH ADO ABOUT NOTHING,1,3,Another room in Leonato's house.,Borachio,PERSON,"People, including fictional"
MUCH ADO ABOUT NOTHING,1,3,Another room in Leonato's house.,Borachio,PERSON,"People, including fictional"
MUCH ADO ABOUT NOTHING,1,3,Another room in Leonato's house.,BORACHIO,PERSON,"People, including fictional"
MUCH ADO ABOUT NOTHING,1,3,Another room in Leonato's house.,Leonato,PERSON,"People, including fictional"
MUCH ADO ABOUT NOTHING,1,3,Another room in Leonato's house.,DON JOHN,PERSON,"People, including fictional"
MUCH ADO ABOUT NOTHING,1,3,Another room in Leonato's house.,BORACHIO,PERSON,"People, including fictional"
MUCH ADO ABOUT NOTHING,1,3,Another room in Leonato's house.,DON JOHN,PERSON,"People, including fictional"
MUCH ADO ABOUT NOTHING,1,3,Another room in Leonato's house.,Claudio,PERSON,"People, including fictional"
MUCH ADO ABOUT NOTHING,1,3,Another room in Leonato's house.,BORACHIO,PERSON,"People, including fictional"
MUCH ADO ABOUT NOTHING,1,3,Another room in Leonato's house.,DON JOHN,PERSON,"People, including fictional"
MUCH ADO ABOUT NOTHING,1,3,Another room in Leonato's house.,BORACHIO,PERSON,"People, including fictional"
MUCH ADO ABOUT NOTHING,1,3,Another room in Leonato's house.,Hero,PERSON,"People, including fictional"
MUCH ADO ABOUT NOTHING,1,3,Another room in Leonato's house.,Leonato,PERSON,"People, including fictional"
MUCH ADO ABOUT NOTHING,1,3,Another room in Leonato's house.,DON JOHN,PERSON,"People, including fictional"
MUCH ADO ABOUT NOTHING,1,3,Another room in Leonato's house.,BORACHIO,PERSON,"People, including fictional"
MUCH ADO ABOUT NOTHING,1,3,Another room in Leonato's house.,Claudio,PERSON,"People, including fictional"
MUCH ADO ABOUT NOTHING,1,3,Another room in Leonato's house.,Hero,PERSON,"People, including fictional"
MUCH ADO ABOUT NOTHING,1,3,Another room in Leonato's house.,Claudio,PERSON,"People, including fictional"
MUCH ADO ABOUT NOTHING,1,3,Another room in Leonato's house.,DON JOHN,PERSON,"People, including fictional"
MUCH ADO ABOUT NOTHING,1,3,Another room in Leonato's house.,CONRADE,PERSON,"People, including fictional"
MUCH ADO ABOUT NOTHING,1,3,Another room in Leonato's house.,DON JOHN,PERSON,"People, including fictional"
MUCH ADO ABOUT NOTHING,1,3,Another room in Leonato's house.,BORACHIO,PERSON,"People, including fictional"
MUCH ADO ABOUT NOTHING,2,1,A hall in Leonato's house.,Leonato,PERSON,"People, including fictional"
MUCH ADO ABOUT NOTHING,2,1,A hall in Leonato's house.,Antonio,PERSON,"People, including fictional"
MUCH ADO ABOUT NOTHING,2,1,A hall in Leonato's house.,Hero,PERSON,"People, including fictional"
MUCH ADO ABOUT NOTHING,2,1,A hall in Leonato's house.,Beatrice,PERSON,"People, including fictional"
MUCH ADO ABOUT NOTHING,2,1,A hall in Leonato's house.,LEONATO,PERSON,"People, including fictional"
MUCH ADO ABOUT NOTHING,2,1,A hall in Leonato's house.,ANTONIO,PERSON,"People, including fictional"
MUCH ADO ABOUT NOTHING,2,1,A hall in Leonato's house.,BEATRICE,PERSON,"People, including fictional"
MUCH ADO ABOUT NOTHING,2,1,A hall in Leonato's house.,HERO,PERSON,"People, including fictional"
MUCH ADO ABOUT NOTHING,2,1,A hall in Leonato's house.,BEATRICE,PERSON,"People, including fictional"
MUCH ADO ABOUT NOTHING,2,1,A hall in Leonato's house.,Benedick,PERSON,"People, including fictional"
MUCH ADO ABOUT NOTHING,2,1,A hall in Leonato's house.,LEONATO,PERSON,"People, including fictional"
MUCH ADO ABOUT NOTHING,2,1,A hall in Leonato's house.,Benedick,PERSON,"People, including fictional"
MUCH ADO ABOUT NOTHING,2,1,A hall in Leonato's house.,Benedick,PERSON,"People, including fictional"
MUCH ADO ABOUT NOTHING,2,1,A hall in Leonato's house.,BEATRICE,PERSON,"People, including fictional"
MUCH ADO ABOUT NOTHING,2,1,A hall in Leonato's house.,LEONATO,PERSON,"People, including fictional"
MUCH ADO ABOUT NOTHING,2,1,A hall in Leonato's house.,ANTONIO,PERSON,"People, including fictional"
MUCH ADO ABOUT NOTHING,2,1,A hall in Leonato's house.,BEATRICE,PERSON,"People, including fictional"
MUCH ADO ABOUT NOTHING,2,1,A hall in Leonato's house.,LEONATO,PERSON,"People, including fictional"
MUCH ADO ABOUT NOTHING,2,1,A hall in Leonato's house.,BEATRICE,PERSON,"People, including fictional"
MUCH ADO ABOUT NOTHING,2,1,A hall in Leonato's house.,LEONATO,PERSON,"People, including fictional"
MUCH ADO ABOUT NOTHING,2,1,A hall in Leonato's house.,BEATRICE,PERSON,"People, including fictional"
MUCH ADO ABOUT NOTHING,2,1,A hall in Leonato's house.,LEONATO,PERSON,"People, including fictional"
MUCH ADO ABOUT NOTHING,2,1,A hall in Leonato's house.,BEATRICE,PERSON,"People, including fictional"
MUCH ADO ABOUT NOTHING,2,1,A hall in Leonato's house.,Beatrice,PERSON,"People, including fictional"
MUCH ADO ABOUT NOTHING,2,1,A hall in Leonato's house.,ANTONIO,PERSON,"People, including fictional"
MUCH ADO ABOUT NOTHING,2,1,A hall in Leonato's house.,Hero,PERSON,"People, including fictional"
MUCH ADO ABOUT NOTHING,2,1,A hall in Leonato's house.,BEATRICE,PERSON,"People, including fictional"
MUCH ADO ABOUT NOTHING,2,1,A hall in Leonato's house.,LEONATO,PERSON,"People, including fictional"
MUCH ADO ABOUT NOTHING,2,1,A hall in Leonato's house.,BEATRICE,PERSON,"People, including fictional"
MUCH ADO ABOUT NOTHING,2,1,A hall in Leonato's house.,LEONATO,PERSON,"People, including fictional"
MUCH ADO ABOUT NOTHING,2,1,A hall in Leonato's house.,BEATRICE,PERSON,"People, including fictional"
MUCH ADO ABOUT NOTHING,2,1,A hall in Leonato's house.,Hero,PERSON,"People, including fictional"
MUCH ADO ABOUT NOTHING,2,1,A hall in Leonato's house.,LEONATO,PERSON,"People, including fictional"
MUCH ADO ABOUT NOTHING,2,1,A hall in Leonato's house.,BEATRICE,PERSON,"People, including fictional"
MUCH ADO ABOUT NOTHING,2,1,A hall in Leonato's house.,LEONATO,PERSON,"People, including fictional"
MUCH ADO ABOUT NOTHING,2,1,A hall in Leonato's house.,Don Pedro,PERSON,"People, including fictional"
MUCH ADO ABOUT NOTHING,2,1,A hall in Leonato's house.,Claudio,PERSON,"People, including fictional"
MUCH ADO ABOUT NOTHING,2,1,A hall in Leonato's house.,Benedick,PERSON,"People, including fictional"
MUCH ADO ABOUT NOTHING,2,1,A hall in Leonato's house.,Balthasar,PERSON,"People, including fictional"
MUCH ADO ABOUT NOTHING,2,1,A hall in Leonato's house.,Don John,PERSON,"People, including fictional"
MUCH ADO ABOUT NOTHING,2,1,A hall in Leonato's house.,Borachio,PERSON,"People, including fictional"
MUCH ADO ABOUT NOTHING,2,1,A hall in Leonato's house.,Margaret,PERSON,"People, including fictional"
MUCH ADO ABOUT NOTHING,2,1,A hall in Leonato's house.,Ursula,PERSON,"People, including fictional"
MUCH ADO ABOUT NOTHING,2,1,A hall in Leonato's house.,DON PEDRO,PERSON,"People, including fictional"
MUCH ADO ABOUT NOTHING,2,1,A hall in Leonato's house.,"Lady,",PERSON,"People, including fictional"
MUCH ADO ABOUT NOTHING,2,1,A hall in Leonato's house.,HERO,PERSON,"People, including fictional"
MUCH ADO ABOUT NOTHING,2,1,A hall in Leonato's house.,DON PEDRO,PERSON,"People, including fictional"
MUCH ADO ABOUT NOTHING,2,1,A hall in Leonato's house.,HERO,PERSON,"People, including fictional"
MUCH ADO ABOUT NOTHING,2,1,A hall in Leonato's house.,DON PEDRO,PERSON,"People, including fictional"
MUCH ADO ABOUT NOTHING,2,1,A hall in Leonato's house.,HERO,PERSON,"People, including fictional"
MUCH ADO ABOUT NOTHING,2,1,A hall in Leonato's house.,DON PEDRO,PERSON,"People, including fictional"
MUCH ADO ABOUT NOTHING,2,1,A hall in Leonato's house.,Philemon,PERSON,"People, including fictional"
MUCH ADO ABOUT NOTHING,2,1,A hall in Leonato's house.,Jove,PERSON,"People, including fictional"
MUCH ADO ABOUT NOTHING,2,1,A hall in Leonato's house.,HERO,PERSON,"People, including fictional"
MUCH ADO ABOUT NOTHING,2,1,A hall in Leonato's house.,DON PEDRO,PERSON,"People, including fictional"
MUCH ADO ABOUT NOTHING,2,1,A hall in Leonato's house.,BALTHASAR,PERSON,"People, including fictional"
MUCH ADO ABOUT NOTHING,2,1,A hall in Leonato's house.,MARGARET,PERSON,"People, including fictional"
MUCH ADO ABOUT NOTHING,2,1,A hall in Leonato's house.,BALTHASAR,PERSON,"People, including fictional"
MUCH ADO ABOUT NOTHING,2,1,A hall in Leonato's house.,MARGARET,PERSON,"People, including fictional"
MUCH ADO ABOUT NOTHING,2,1,A hall in Leonato's house.,BALTHASAR,PERSON,"People, including fictional"
MUCH ADO ABOUT NOTHING,2,1,A hall in Leonato's house.,MARGARET,PERSON,"People, including fictional"
MUCH ADO ABOUT NOTHING,2,1,A hall in Leonato's house.,BALTHASAR,PERSON,"People, including fictional"
MUCH ADO ABOUT NOTHING,2,1,A hall in Leonato's house.,MARGARET,PERSON,"People, including fictional"
MUCH ADO ABOUT NOTHING,2,1,A hall in Leonato's house.,BALTHASAR,PERSON,"People, including fictional"
MUCH ADO ABOUT NOTHING,2,1,A hall in Leonato's house.,URSULA,PERSON,"People, including fictional"
MUCH ADO ABOUT NOTHING,2,1,A hall in Leonato's house.,Antonio,PERSON,"People, including fictional"
MUCH ADO ABOUT NOTHING,2,1,A hall in Leonato's house.,ANTONIO,PERSON,"People, including fictional"
MUCH ADO ABOUT NOTHING,2,1,A hall in Leonato's house.,URSULA,PERSON,"People, including fictional"
MUCH ADO ABOUT NOTHING,2,1,A hall in Leonato's house.,ANTONIO,PERSON,"People, including fictional"
MUCH ADO ABOUT NOTHING,2,1,A hall in Leonato's house.,URSULA,PERSON,"People, including fictional"
MUCH ADO ABOUT NOTHING,2,1,A hall in Leonato's house.,ANTONIO,PERSON,"People, including fictional"
MUCH ADO ABOUT NOTHING,2,1,A hall in Leonato's house.,URSULA,PERSON,"People, including fictional"
MUCH ADO ABOUT NOTHING,2,1,A hall in Leonato's house.,BEATRICE,PERSON,"People, including fictional"
MUCH ADO ABOUT NOTHING,2,1,A hall in Leonato's house.,BENEDICK,PERSON,"People, including fictional"
MUCH ADO ABOUT NOTHING,2,1,A hall in Leonato's house.,BEATRICE,PERSON,"People, including fictional"
MUCH ADO ABOUT NOTHING,2,1,A hall in Leonato's house.,BENEDICK,PERSON,"People, including fictional"
MUCH ADO ABOUT NOTHING,2,1,A hall in Leonato's house.,BEATRICE,PERSON,"People, including fictional"
MUCH ADO ABOUT NOTHING,2,1,A hall in Leonato's house.,Benedick,PERSON,"People, including fictional"
MUCH ADO ABOUT NOTHING,2,1,A hall in Leonato's house.,BENEDICK,PERSON,"People, including fictional"
MUCH ADO ABOUT NOTHING,2,1,A hall in Leonato's house.,BEATRICE,PERSON,"People, including fictional"
MUCH ADO ABOUT NOTHING,2,1,A hall in Leonato's house.,BENEDICK,PERSON,"People, including fictional"
MUCH ADO ABOUT NOTHING,2,1,A hall in Leonato's house.,BEATRICE,PERSON,"People, including fictional"
MUCH ADO ABOUT NOTHING,2,1,A hall in Leonato's house.,BENEDICK,PERSON,"People, including fictional"
MUCH ADO ABOUT NOTHING,2,1,A hall in Leonato's house.,BEATRICE,PERSON,"People, including fictional"
MUCH ADO ABOUT NOTHING,2,1,A hall in Leonato's house.,BENEDICK,PERSON,"People, including fictional"
MUCH ADO ABOUT NOTHING,2,1,A hall in Leonato's house.,BEATRICE,PERSON,"People, including fictional"
MUCH ADO ABOUT NOTHING,2,1,A hall in Leonato's house.,BENEDICK,PERSON,"People, including fictional"
MUCH ADO ABOUT NOTHING,2,1,A hall in Leonato's house.,BEATRICE,PERSON,"People, including fictional"
MUCH ADO ABOUT NOTHING,2,1,A hall in Leonato's house.,Don John,PERSON,"People, including fictional"
MUCH ADO ABOUT NOTHING,2,1,A hall in Leonato's house.,Borachio,PERSON,"People, including fictional"
MUCH ADO ABOUT NOTHING,2,1,A hall in Leonato's house.,Claudio,PERSON,"People, including fictional"
MUCH ADO ABOUT NOTHING,2,1,A hall in Leonato's house.,DON JOHN,PERSON,"People, including fictional"
MUCH ADO ABOUT NOTHING,2,1,A hall in Leonato's house.,Hero,PERSON,"People, including fictional"
MUCH ADO ABOUT NOTHING,2,1,A hall in Leonato's house.,BORACHIO,PERSON,"People, including fictional"
MUCH ADO ABOUT NOTHING,2,1,A hall in Leonato's house.,Claudio,PERSON,"People, including fictional"
MUCH ADO ABOUT NOTHING,2,1,A hall in Leonato's house.,DON JOHN,PERSON,"People, including fictional"
MUCH ADO ABOUT NOTHING,2,1,A hall in Leonato's house.,Benedick,PERSON,"People, including fictional"
MUCH ADO ABOUT NOTHING,2,1,A hall in Leonato's house.,CLAUDIO,PERSON,"People, including fictional"
MUCH ADO ABOUT NOTHING,2,1,A hall in Leonato's house.,DON JOHN,PERSON,"People, including fictional"
MUCH ADO ABOUT NOTHING,2,1,A hall in Leonato's house.,Hero,PERSON,"People, including fictional"
MUCH ADO ABOUT NOTHING,2,1,A hall in Leonato's house.,CLAUDIO,PERSON,"People, including fictional"
MUCH ADO ABOUT NOTHING,2,1,A hall in Leonato's house.,DON JOHN,PERSON,"People, including fictional"
MUCH ADO ABOUT NOTHING,2,1,A hall in Leonato's house.,BORACHIO,PERSON,"People, including fictional"
MUCH ADO ABOUT NOTHING,2,1,A hall in Leonato's house.,DON JOHN,PERSON,"People, including fictional"
MUCH ADO ABOUT NOTHING,2,1,A hall in Leonato's house.,Don John,PERSON,"People, including fictional"
MUCH ADO ABOUT NOTHING,2,1,A hall in Leonato's house.,Borachio,PERSON,"People, including fictional"
MUCH ADO ABOUT NOTHING,2,1,A hall in Leonato's house.,CLAUDIO,PERSON,"People, including fictional"
MUCH ADO ABOUT NOTHING,2,1,A hall in Leonato's house.,Benedick,PERSON,"People, including fictional"
MUCH ADO ABOUT NOTHING,2,1,A hall in Leonato's house.,Claudio,PERSON,"People, including fictional"
MUCH ADO ABOUT NOTHING,2,1,A hall in Leonato's house.,Hero,PERSON,"People, including fictional"
MUCH ADO ABOUT NOTHING,2,1,A hall in Leonato's house.,Benedick,PERSON,"People, including fictional"
MUCH ADO ABOUT NOTHING,2,1,A hall in Leonato's house.,BENEDICK,PERSON,"People, including fictional"
MUCH ADO ABOUT NOTHING,2,1,A hall in Leonato's house.,Claudio,PERSON,"People, including fictional"
MUCH ADO ABOUT NOTHING,2,1,A hall in Leonato's house.,CLAUDIO,PERSON,"People, including fictional"
MUCH ADO ABOUT NOTHING,2,1,A hall in Leonato's house.,BENEDICK,PERSON,"People, including fictional"
MUCH ADO ABOUT NOTHING,2,1,A hall in Leonato's house.,CLAUDIO,PERSON,"People, including fictional"
MUCH ADO ABOUT NOTHING,2,1,A hall in Leonato's house.,BENEDICK,PERSON,"People, including fictional"
MUCH ADO ABOUT NOTHING,2,1,A hall in Leonato's house.,Hero,PERSON,"People, including fictional"
MUCH ADO ABOUT NOTHING,2,1,A hall in Leonato's house.,CLAUDIO,PERSON,"People, including fictional"
MUCH ADO ABOUT NOTHING,2,1,A hall in Leonato's house.,BENEDICK,PERSON,"People, including fictional"
MUCH ADO ABOUT NOTHING,2,1,A hall in Leonato's house.,CLAUDIO,PERSON,"People, including fictional"
MUCH ADO ABOUT NOTHING,2,1,A hall in Leonato's house.,BENEDICK,PERSON,"People, including fictional"
MUCH ADO ABOUT NOTHING,2,1,A hall in Leonato's house.,boy,PERSON,"People, including fictional"
MUCH ADO ABOUT NOTHING,2,1,A hall in Leonato's house.,CLAUDIO,PERSON,"People, including fictional"
MUCH ADO ABOUT NOTHING,2,1,A hall in Leonato's house.,BENEDICK,PERSON,"People, including fictional"
MUCH ADO ABOUT NOTHING,2,1,A hall in Leonato's house.,Beatrice,PERSON,"People, including fictional"
MUCH ADO ABOUT NOTHING,2,1,A hall in Leonato's house.,Beatrice,PERSON,"People, including fictional"
MUCH ADO ABOUT NOTHING,2,1,A hall in Leonato's house.,Don Pedro,PERSON,"People, including fictional"
MUCH ADO ABOUT NOTHING,2,1,A hall in Leonato's house.,DON PEDRO,PERSON,"People, including fictional"
MUCH ADO ABOUT NOTHING,2,1,A hall in Leonato's house.,BENEDICK,PERSON,"People, including fictional"
MUCH ADO ABOUT NOTHING,2,1,A hall in Leonato's house.,Lady Fame,PERSON,"People, including fictional"
MUCH ADO ABOUT NOTHING,2,1,A hall in Leonato's house.,DON PEDRO,PERSON,"People, including fictional"
MUCH ADO ABOUT NOTHING,2,1,A hall in Leonato's house.,BENEDICK,PERSON,"People, including fictional"
MUCH ADO ABOUT NOTHING,2,1,A hall in Leonato's house.,DON PEDRO,PERSON,"People, including fictional"
MUCH ADO ABOUT NOTHING,2,1,A hall in Leonato's house.,BENEDICK,PERSON,"People, including fictional"
MUCH ADO ABOUT NOTHING,2,1,A hall in Leonato's house.,DON PEDRO,PERSON,"People, including fictional"
MUCH ADO ABOUT NOTHING,2,1,A hall in Leonato's house.,BENEDICK,PERSON,"People, including fictional"
MUCH ADO ABOUT NOTHING,2,1,A hall in Leonato's house.,DON PEDRO,PERSON,"People, including fictional"
MUCH ADO ABOUT NOTHING,2,1,A hall in Leonato's house.,Beatrice,PERSON,"People, including fictional"
MUCH ADO ABOUT NOTHING,2,1,A hall in Leonato's house.,BENEDICK,PERSON,"People, including fictional"
MUCH ADO ABOUT NOTHING,2,1,A hall in Leonato's house.,Claudio,PERSON,"People, including fictional"
MUCH ADO ABOUT NOTHING,2,1,A hall in Leonato's house.,Beatrice,PERSON,"People, including fictional"
MUCH ADO ABOUT NOTHING,2,1,A hall in Leonato's house.,Hero,PERSON,"People, including fictional"
MUCH ADO ABOUT NOTHING,2,1,A hall in Leonato's house.,Leonato,PERSON,"People, including fictional"
MUCH ADO ABOUT NOTHING,2,1,A hall in Leonato's house.,DON PEDRO,PERSON,"People, including fictional"
MUCH ADO ABOUT NOTHING,2,1,A hall in Leonato's house.,BENEDICK,PERSON,"People, including fictional"
MUCH ADO ABOUT NOTHING,2,1,A hall in Leonato's house.,Antipodes,PERSON,"People, including fictional"
MUCH ADO ABOUT NOTHING,2,1,A hall in Leonato's house.,Prester,PERSON,"People, including fictional"
MUCH ADO ABOUT NOTHING,2,1,A hall in Leonato's house.,DON PEDRO,PERSON,"People, including fictional"
MUCH ADO ABOUT NOTHING,2,1,A hall in Leonato's house.,BENEDICK,PERSON,"People, including fictional"
MUCH ADO ABOUT NOTHING,2,1,A hall in Leonato's house.,Lady Tongue,PERSON,"People, including fictional"
MUCH ADO ABOUT NOTHING,2,1,A hall in Leonato's house.,DON PEDRO,PERSON,"People, including fictional"
MUCH ADO ABOUT NOTHING,2,1,A hall in Leonato's house.,Benedick,PERSON,"People, including fictional"
MUCH ADO ABOUT NOTHING,2,1,A hall in Leonato's house.,BEATRICE,PERSON,"People, including fictional"
MUCH ADO ABOUT NOTHING,2,1,A hall in Leonato's house.,DON PEDRO,PERSON,"People, including fictional"
MUCH ADO ABOUT NOTHING,2,1,A hall in Leonato's house.,BEATRICE,PERSON,"People, including fictional"
MUCH ADO ABOUT NOTHING,2,1,A hall in Leonato's house.,Claudio,PERSON,"People, including fictional"
MUCH ADO ABOUT NOTHING,2,1,A hall in Leonato's house.,DON PEDRO,PERSON,"People, including fictional"
MUCH ADO ABOUT NOTHING,2,1,A hall in Leonato's house.,CLAUDIO,PERSON,"People, including fictional"
MUCH ADO ABOUT NOTHING,2,1,A hall in Leonato's house.,DON PEDRO,PERSON,"People, including fictional"
MUCH ADO ABOUT NOTHING,2,1,A hall in Leonato's house.,CLAUDIO,PERSON,"People, including fictional"
MUCH ADO ABOUT NOTHING,2,1,A hall in Leonato's house.,BEATRICE,PERSON,"People, including fictional"
MUCH ADO ABOUT NOTHING,2,1,A hall in Leonato's house.,DON PEDRO,PERSON,"People, including fictional"
MUCH ADO ABOUT NOTHING,2,1,A hall in Leonato's house.,Claudio,PERSON,"People, including fictional"
MUCH ADO ABOUT NOTHING,2,1,A hall in Leonato's house.,Hero,PERSON,"People, including fictional"
MUCH ADO ABOUT NOTHING,2,1,A hall in Leonato's house.,LEONATO,PERSON,"People, including fictional"
MUCH ADO ABOUT NOTHING,2,1,A hall in Leonato's house.,BEATRICE,PERSON,"People, including fictional"
MUCH ADO ABOUT NOTHING,2,1,A hall in Leonato's house.,CLAUDIO,PERSON,"People, including fictional"
MUCH ADO ABOUT NOTHING,2,1,A hall in Leonato's house.,"Lady,",PERSON,"People, including fictional"
MUCH ADO ABOUT NOTHING,2,1,A hall in Leonato's house.,BEATRICE,PERSON,"People, including fictional"
MUCH ADO ABOUT NOTHING,2,1,A hall in Leonato's house.,DON PEDRO,PERSON,"People, including fictional"
MUCH ADO ABOUT NOTHING,2,1,A hall in Leonato's house.,BEATRICE,PERSON,"People, including fictional"
MUCH ADO ABOUT NOTHING,2,1,A hall in Leonato's house.,CLAUDIO,PERSON,"People, including fictional"
MUCH ADO ABOUT NOTHING,2,1,A hall in Leonato's house.,BEATRICE,PERSON,"People, including fictional"
MUCH ADO ABOUT NOTHING,2,1,A hall in Leonato's house.,DON PEDRO,PERSON,"People, including fictional"
MUCH ADO ABOUT NOTHING,2,1,A hall in Leonato's house.,Beatrice,PERSON,"People, including fictional"
MUCH ADO ABOUT NOTHING,2,1,A hall in Leonato's house.,BEATRICE,PERSON,"People, including fictional"
MUCH ADO ABOUT NOTHING,2,1,A hall in Leonato's house.,DON PEDRO,PERSON,"People, including fictional"
MUCH ADO ABOUT NOTHING,2,1,A hall in Leonato's house.,BEATRICE,PERSON,"People, including fictional"
MUCH ADO ABOUT NOTHING,2,1,A hall in Leonato's house.,DON PEDRO,PERSON,"People, including fictional"
MUCH ADO ABOUT NOTHING,2,1,A hall in Leonato's house.,BEATRICE,PERSON,"People, including fictional"
MUCH ADO ABOUT NOTHING,2,1,A hall in Leonato's house.,Cousins,PERSON,"People, including fictional"
MUCH ADO ABOUT NOTHING,2,1,A hall in Leonato's house.,LEONATO,PERSON,"People, including fictional"
MUCH ADO ABOUT NOTHING,2,1,A hall in Leonato's house.,BEATRICE,PERSON,"People, including fictional"
MUCH ADO ABOUT NOTHING,2,1,A hall in Leonato's house.,DON PEDRO,PERSON,"People, including fictional"
MUCH ADO ABOUT NOTHING,2,1,A hall in Leonato's house.,LEONATO,PERSON,"People, including fictional"
MUCH ADO ABOUT NOTHING,2,1,A hall in Leonato's house.,DON PEDRO,PERSON,"People, including fictional"
MUCH ADO ABOUT NOTHING,2,1,A hall in Leonato's house.,LEONATO,PERSON,"People, including fictional"
MUCH ADO ABOUT NOTHING,2,1,A hall in Leonato's house.,DON PEDRO,PERSON,"People, including fictional"
MUCH ADO ABOUT NOTHING,2,1,A hall in Leonato's house.,Benedick,PERSON,"People, including fictional"
MUCH ADO ABOUT NOTHING,2,1,A hall in Leonato's house.,LEONATO,PERSON,"People, including fictional"
MUCH ADO ABOUT NOTHING,2,1,A hall in Leonato's house.,DON PEDRO,PERSON,"People, including fictional"
MUCH ADO ABOUT NOTHING,2,1,A hall in Leonato's house.,Claudio,PERSON,"People, including fictional"
MUCH ADO ABOUT NOTHING,2,1,A hall in Leonato's house.,CLAUDIO,PERSON,"People, including fictional"
MUCH ADO ABOUT NOTHING,2,1,A hall in Leonato's house.,LEONATO,PERSON,"People, including fictional"
MUCH ADO ABOUT NOTHING,2,1,A hall in Leonato's house.,DON PEDRO,PERSON,"People, including fictional"
MUCH ADO ABOUT NOTHING,2,1,A hall in Leonato's house.,Claudio,PERSON,"People, including fictional"
MUCH ADO ABOUT NOTHING,2,1,A hall in Leonato's house.,Benedick,PERSON,"People, including fictional"
MUCH ADO ABOUT NOTHING,2,1,A hall in Leonato's house.,Beatrice,PERSON,"People, including fictional"
MUCH ADO ABOUT NOTHING,2,1,A hall in Leonato's house.,LEONATO,PERSON,"People, including fictional"
MUCH ADO ABOUT NOTHING,2,1,A hall in Leonato's house.,CLAUDIO,PERSON,"People, including fictional"
MUCH ADO ABOUT NOTHING,2,1,A hall in Leonato's house.,DON PEDRO,PERSON,"People, including fictional"
MUCH ADO ABOUT NOTHING,2,1,A hall in Leonato's house.,Hero,PERSON,"People, including fictional"
MUCH ADO ABOUT NOTHING,2,1,A hall in Leonato's house.,HERO,PERSON,"People, including fictional"
MUCH ADO ABOUT NOTHING,2,1,A hall in Leonato's house.,DON PEDRO,PERSON,"People, including fictional"
MUCH ADO ABOUT NOTHING,2,1,A hall in Leonato's house.,Benedick,PERSON,"People, including fictional"
MUCH ADO ABOUT NOTHING,2,1,A hall in Leonato's house.,Benedick,PERSON,"People, including fictional"
MUCH ADO ABOUT NOTHING,2,1,A hall in Leonato's house.,Benedick,PERSON,"People, including fictional"
MUCH ADO ABOUT NOTHING,2,1,A hall in Leonato's house.,Beatrice,PERSON,"People, including fictional"
MUCH ADO ABOUT NOTHING,2,2,Another room in Leonato's house.,Don John,PERSON,"People, including fictional"
MUCH ADO ABOUT NOTHING,2,2,Another room in Leonato's house.,Borachio,PERSON,"People, including fictional"
MUCH ADO ABOUT NOTHING,2,2,Another room in Leonato's house.,DON JOHN,PERSON,"People, including fictional"
MUCH ADO ABOUT NOTHING,2,2,Another room in Leonato's house.,Claudio,PERSON,"People, including fictional"
MUCH ADO ABOUT NOTHING,2,2,Another room in Leonato's house.,Leonato,PERSON,"People, including fictional"
MUCH ADO ABOUT NOTHING,2,2,Another room in Leonato's house.,BORACHIO,PERSON,"People, including fictional"
MUCH ADO ABOUT NOTHING,2,2,Another room in Leonato's house.,DON JOHN,PERSON,"People, including fictional"
MUCH ADO ABOUT NOTHING,2,2,Another room in Leonato's house.,BORACHIO,PERSON,"People, including fictional"
MUCH ADO ABOUT NOTHING,2,2,Another room in Leonato's house.,DON JOHN,PERSON,"People, including fictional"
MUCH ADO ABOUT NOTHING,2,2,Another room in Leonato's house.,BORACHIO,PERSON,"People, including fictional"
MUCH ADO ABOUT NOTHING,2,2,Another room in Leonato's house.,Margaret,PERSON,"People, including fictional"
MUCH ADO ABOUT NOTHING,2,2,Another room in Leonato's house.,Hero,PERSON,"People, including fictional"
MUCH ADO ABOUT NOTHING,2,2,Another room in Leonato's house.,DON JOHN,PERSON,"People, including fictional"
MUCH ADO ABOUT NOTHING,2,2,Another room in Leonato's house.,BORACHIO,PERSON,"People, including fictional"
MUCH ADO ABOUT NOTHING,2,2,Another room in Leonato's house.,DON JOHN,PERSON,"People, including fictional"
MUCH ADO ABOUT NOTHING,2,2,Another room in Leonato's house.,BORACHIO,PERSON,"People, including fictional"
MUCH ADO ABOUT NOTHING,2,2,Another room in Leonato's house.,Hero,PERSON,"People, including fictional"
MUCH ADO ABOUT NOTHING,2,2,Another room in Leonato's house.,DON JOHN,PERSON,"People, including fictional"
MUCH ADO ABOUT NOTHING,2,2,Another room in Leonato's house.,BORACHIO,PERSON,"People, including fictional"
MUCH ADO ABOUT NOTHING,2,2,Another room in Leonato's house.,Claudio,PERSON,"People, including fictional"
MUCH ADO ABOUT NOTHING,2,2,Another room in Leonato's house.,Hero,PERSON,"People, including fictional"
MUCH ADO ABOUT NOTHING,2,2,Another room in Leonato's house.,Leonato,PERSON,"People, including fictional"
MUCH ADO ABOUT NOTHING,2,2,Another room in Leonato's house.,DON JOHN,PERSON,"People, including fictional"
MUCH ADO ABOUT NOTHING,2,2,Another room in Leonato's house.,BORACHIO,PERSON,"People, including fictional"
MUCH ADO ABOUT NOTHING,2,2,Another room in Leonato's house.,Don Pedro,PERSON,"People, including fictional"
MUCH ADO ABOUT NOTHING,2,2,Another room in Leonato's house.,Claudio,PERSON,"People, including fictional"
MUCH ADO ABOUT NOTHING,2,2,Another room in Leonato's house.,Hero,PERSON,"People, including fictional"
MUCH ADO ABOUT NOTHING,2,2,Another room in Leonato's house.,Claudio,PERSON,"People, including fictional"
MUCH ADO ABOUT NOTHING,2,2,Another room in Leonato's house.,Margaret,PERSON,"People, including fictional"
MUCH ADO ABOUT NOTHING,2,2,Another room in Leonato's house.,Hero,PERSON,"People, including fictional"
MUCH ADO ABOUT NOTHING,2,2,Another room in Leonato's house.,Margaret,PERSON,"People, including fictional"
MUCH ADO ABOUT NOTHING,2,2,Another room in Leonato's house.,Claudio,PERSON,"People, including fictional"
MUCH ADO ABOUT NOTHING,2,2,Another room in Leonato's house.,Hero,PERSON,"People, including fictional"
MUCH ADO ABOUT NOTHING,2,2,Another room in Leonato's house.,Hero,PERSON,"People, including fictional"
MUCH ADO ABOUT NOTHING,2,2,Another room in Leonato's house.,DON JOHN,PERSON,"People, including fictional"
MUCH ADO ABOUT NOTHING,2,2,Another room in Leonato's house.,BORACHIO,PERSON,"People, including fictional"
MUCH ADO ABOUT NOTHING,2,2,Another room in Leonato's house.,DON JOHN,PERSON,"People, including fictional"
MUCH ADO ABOUT NOTHING,2,3,Leonato's Garden.,Benedick,PERSON,"People, including fictional"
MUCH ADO ABOUT NOTHING,2,3,Leonato's Garden.,BENEDICK,PERSON,"People, including fictional"
MUCH ADO ABOUT NOTHING,2,3,Leonato's Garden.,Boy,PERSON,"People, including fictional"
MUCH ADO ABOUT NOTHING,2,3,Leonato's Garden.,Boy,PERSON,"People, including fictional"
MUCH ADO ABOUT NOTHING,2,3,Leonato's Garden.,BOY,PERSON,"People, including fictional"
MUCH ADO ABOUT NOTHING,2,3,Leonato's Garden.,BENEDICK,PERSON,"People, including fictional"
MUCH ADO ABOUT NOTHING,2,3,Leonato's Garden.,BOY,PERSON,"People, including fictional"
MUCH ADO ABOUT NOTHING,2,3,Leonato's Garden.,BENEDICK,PERSON,"People, including fictional"
MUCH ADO ABOUT NOTHING,2,3,Leonato's Garden.,Boy,PERSON,"People, including fictional"
MUCH ADO ABOUT NOTHING,2,3,Leonato's Garden.,Claudio,PERSON,"People, including fictional"
MUCH ADO ABOUT NOTHING,2,3,Leonato's Garden.,Monsieur,PERSON,"People, including fictional"
MUCH ADO ABOUT NOTHING,2,3,Leonato's Garden.,Don Pedro,PERSON,"People, including fictional"
MUCH ADO ABOUT NOTHING,2,3,Leonato's Garden.,Leonato,PERSON,"People, including fictional"
MUCH ADO ABOUT NOTHING,2,3,Leonato's Garden.,Claudio,PERSON,"People, including fictional"
MUCH ADO ABOUT NOTHING,2,3,Leonato's Garden.,Balthasar,PERSON,"People, including fictional"
MUCH ADO ABOUT NOTHING,2,3,Leonato's Garden.,DON PEDRO,PERSON,"People, including fictional"
MUCH ADO ABOUT NOTHING,2,3,Leonato's Garden.,CLAUDIO,PERSON,"People, including fictional"
MUCH ADO ABOUT NOTHING,2,3,Leonato's Garden.,DON PEDRO,PERSON,"People, including fictional"
MUCH ADO ABOUT NOTHING,2,3,Leonato's Garden.,Benedick,PERSON,"People, including fictional"
MUCH ADO ABOUT NOTHING,2,3,Leonato's Garden.,CLAUDIO,PERSON,"People, including fictional"
MUCH ADO ABOUT NOTHING,2,3,Leonato's Garden.,DON PEDRO,PERSON,"People, including fictional"
MUCH ADO ABOUT NOTHING,2,3,Leonato's Garden.,Balthasar,PERSON,"People, including fictional"
MUCH ADO ABOUT NOTHING,2,3,Leonato's Garden.,BALTHASAR,PERSON,"People, including fictional"
MUCH ADO ABOUT NOTHING,2,3,Leonato's Garden.,DON PEDRO,PERSON,"People, including fictional"
MUCH ADO ABOUT NOTHING,2,3,Leonato's Garden.,BALTHASAR,PERSON,"People, including fictional"
MUCH ADO ABOUT NOTHING,2,3,Leonato's Garden.,DON PEDRO,PERSON,"People, including fictional"
MUCH ADO ABOUT NOTHING,2,3,Leonato's Garden.,BALTHASAR,PERSON,"People, including fictional"
MUCH ADO ABOUT NOTHING,2,3,Leonato's Garden.,DON PEDRO,PERSON,"People, including fictional"
MUCH ADO ABOUT NOTHING,2,3,Leonato's Garden.,BENEDICK,PERSON,"People, including fictional"
MUCH ADO ABOUT NOTHING,2,3,Leonato's Garden.,BALTHASAR,PERSON,"People, including fictional"
MUCH ADO ABOUT NOTHING,2,3,Leonato's Garden.,DON PEDRO,PERSON,"People, including fictional"
MUCH ADO ABOUT NOTHING,2,3,Leonato's Garden.,BALTHASAR,PERSON,"People, including fictional"
MUCH ADO ABOUT NOTHING,2,3,Leonato's Garden.,DON PEDRO,PERSON,"People, including fictional"
MUCH ADO ABOUT NOTHING,2,3,Leonato's Garden.,BENEDICK,PERSON,"People, including fictional"
MUCH ADO ABOUT NOTHING,2,3,Leonato's Garden.,DON PEDRO,PERSON,"People, including fictional"
MUCH ADO ABOUT NOTHING,2,3,Leonato's Garden.,Balthasar,PERSON,"People, including fictional"
MUCH ADO ABOUT NOTHING,2,3,Leonato's Garden.,Hero,PERSON,"People, including fictional"
MUCH ADO ABOUT NOTHING,2,3,Leonato's Garden.,BALTHASAR,PERSON,"People, including fictional"
MUCH ADO ABOUT NOTHING,2,3,Leonato's Garden.,DON PEDRO,PERSON,"People, including fictional"
MUCH ADO ABOUT NOTHING,2,3,Leonato's Garden.,Balthasar,PERSON,"People, including fictional"
MUCH ADO ABOUT NOTHING,2,3,Leonato's Garden.,Leonato,PERSON,"People, including fictional"
MUCH ADO ABOUT NOTHING,2,3,Leonato's Garden.,Beatrice,PERSON,"People, including fictional"
MUCH ADO ABOUT NOTHING,2,3,Leonato's Garden.,Benedick,PERSON,"People, including fictional"
MUCH ADO ABOUT NOTHING,2,3,Leonato's Garden.,CLAUDIO,PERSON,"People, including fictional"
MUCH ADO ABOUT NOTHING,2,3,Leonato's Garden.,Don Pedro,PERSON,"People, including fictional"
MUCH ADO ABOUT NOTHING,2,3,Leonato's Garden.,LEONATO,PERSON,"People, including fictional"
MUCH ADO ABOUT NOTHING,2,3,Leonato's Garden.,Benedick,PERSON,"People, including fictional"
MUCH ADO ABOUT NOTHING,2,3,Leonato's Garden.,BENEDICK,PERSON,"People, including fictional"
MUCH ADO ABOUT NOTHING,2,3,Leonato's Garden.,LEONATO,PERSON,"People, including fictional"
MUCH ADO ABOUT NOTHING,2,3,Leonato's Garden.,DON PEDRO,PERSON,"People, including fictional"
MUCH ADO ABOUT NOTHING,2,3,Leonato's Garden.,CLAUDIO,PERSON,"People, including fictional"
MUCH ADO ABOUT NOTHING,2,3,Leonato's Garden.,LEONATO,PERSON,"People, including fictional"
MUCH ADO ABOUT NOTHING,2,3,Leonato's Garden.,DON PEDRO,PERSON,"People, including fictional"
MUCH ADO ABOUT NOTHING,2,3,Leonato's Garden.,CLAUDIO,PERSON,"People, including fictional"
MUCH ADO ABOUT NOTHING,2,3,Leonato's Garden.,LEONATO,PERSON,"People, including fictional"
MUCH ADO ABOUT NOTHING,2,3,Leonato's Garden.,Claudio,PERSON,"People, including fictional"
MUCH ADO ABOUT NOTHING,2,3,Leonato's Garden.,CLAUDIO,PERSON,"People, including fictional"
MUCH ADO ABOUT NOTHING,2,3,Leonato's Garden.,DON PEDRO,PERSON,"People, including fictional"
MUCH ADO ABOUT NOTHING,2,3,Leonato's Garden.,LEONATO,PERSON,"People, including fictional"
MUCH ADO ABOUT NOTHING,2,3,Leonato's Garden.,Benedick,PERSON,"People, including fictional"
MUCH ADO ABOUT NOTHING,2,3,Leonato's Garden.,BENEDICK,PERSON,"People, including fictional"
MUCH ADO ABOUT NOTHING,2,3,Leonato's Garden.,CLAUDIO,PERSON,"People, including fictional"
MUCH ADO ABOUT NOTHING,2,3,Leonato's Garden.,DON PEDRO,PERSON,"People, including fictional"
MUCH ADO ABOUT NOTHING,2,3,Leonato's Garden.,Benedick,PERSON,"People, including fictional"
MUCH ADO ABOUT NOTHING,2,3,Leonato's Garden.,LEONATO,PERSON,"People, including fictional"
MUCH ADO ABOUT NOTHING,2,3,Leonato's Garden.,CLAUDIO,PERSON,"People, including fictional"
MUCH ADO ABOUT NOTHING,2,3,Leonato's Garden.,LEONATO,PERSON,"People, including fictional"
MUCH ADO ABOUT NOTHING,2,3,Leonato's Garden.,CLAUDIO,PERSON,"People, including fictional"
MUCH ADO ABOUT NOTHING,2,3,Leonato's Garden.,LEONATO,PERSON,"People, including fictional"
MUCH ADO ABOUT NOTHING,2,3,Leonato's Garden.,Benedick,PERSON,"People, including fictional"
MUCH ADO ABOUT NOTHING,2,3,Leonato's Garden.,Beatrice,PERSON,"People, including fictional"
MUCH ADO ABOUT NOTHING,2,3,Leonato's Garden.,CLAUDIO,PERSON,"People, including fictional"
MUCH ADO ABOUT NOTHING,2,3,Leonato's Garden.,LEONATO,PERSON,"People, including fictional"
MUCH ADO ABOUT NOTHING,2,3,Leonato's Garden.,CLAUDIO,PERSON,"People, including fictional"
MUCH ADO ABOUT NOTHING,2,3,Leonato's Garden.,Benedick,PERSON,"People, including fictional"
MUCH ADO ABOUT NOTHING,2,3,Leonato's Garden.,LEONATO,PERSON,"People, including fictional"
MUCH ADO ABOUT NOTHING,2,3,Leonato's Garden.,DON PEDRO,PERSON,"People, including fictional"
MUCH ADO ABOUT NOTHING,2,3,Leonato's Garden.,Benedick,PERSON,"People, including fictional"
MUCH ADO ABOUT NOTHING,2,3,Leonato's Garden.,CLAUDIO,PERSON,"People, including fictional"
MUCH ADO ABOUT NOTHING,2,3,Leonato's Garden.,DON PEDRO,PERSON,"People, including fictional"
MUCH ADO ABOUT NOTHING,2,3,Leonato's Garden.,CLAUDIO,PERSON,"People, including fictional"
MUCH ADO ABOUT NOTHING,2,3,Leonato's Garden.,DON PEDRO,PERSON,"People, including fictional"
MUCH ADO ABOUT NOTHING,2,3,Leonato's Garden.,Benedick,PERSON,"People, including fictional"
MUCH ADO ABOUT NOTHING,2,3,Leonato's Garden.,LEONATO,PERSON,"People, including fictional"
MUCH ADO ABOUT NOTHING,2,3,Leonato's Garden.,DON PEDRO,PERSON,"People, including fictional"
MUCH ADO ABOUT NOTHING,2,3,Leonato's Garden.,Benedick,PERSON,"People, including fictional"
MUCH ADO ABOUT NOTHING,2,3,Leonato's Garden.,LEONATO,PERSON,"People, including fictional"
MUCH ADO ABOUT NOTHING,2,3,Leonato's Garden.,CLAUDIO,PERSON,"People, including fictional"
MUCH ADO ABOUT NOTHING,2,3,Leonato's Garden.,Hero,PERSON,"People, including fictional"
MUCH ADO ABOUT NOTHING,2,3,Leonato's Garden.,DON PEDRO,PERSON,"People, including fictional"
MUCH ADO ABOUT NOTHING,2,3,Leonato's Garden.,CLAUDIO,PERSON,"People, including fictional"
MUCH ADO ABOUT NOTHING,2,3,Leonato's Garden.,DON PEDRO,PERSON,"People, including fictional"
MUCH ADO ABOUT NOTHING,2,3,Leonato's Garden.,CLAUDIO,PERSON,"People, including fictional"
MUCH ADO ABOUT NOTHING,2,3,Leonato's Garden.,DON PEDRO,PERSON,"People, including fictional"
MUCH ADO ABOUT NOTHING,2,3,Leonato's Garden.,CLAUDIO,PERSON,"People, including fictional"
MUCH ADO ABOUT NOTHING,2,3,Leonato's Garden.,DON PEDRO,PERSON,"People, including fictional"
MUCH ADO ABOUT NOTHING,2,3,Leonato's Garden.,LEONATO,PERSON,"People, including fictional"
MUCH ADO ABOUT NOTHING,2,3,Leonato's Garden.,DON PEDRO,PERSON,"People, including fictional"
MUCH ADO ABOUT NOTHING,2,3,Leonato's Garden.,Benedick,PERSON,"People, including fictional"
MUCH ADO ABOUT NOTHING,2,3,Leonato's Garden.,CLAUDIO,PERSON,"People, including fictional"
MUCH ADO ABOUT NOTHING,2,3,Leonato's Garden.,LEONATO,PERSON,"People, including fictional"
MUCH ADO ABOUT NOTHING,2,3,Leonato's Garden.,DON PEDRO,PERSON,"People, including fictional"
MUCH ADO ABOUT NOTHING,2,3,Leonato's Garden.,Benedick,PERSON,"People, including fictional"
MUCH ADO ABOUT NOTHING,2,3,Leonato's Garden.,LEONATO,PERSON,"People, including fictional"
MUCH ADO ABOUT NOTHING,2,3,Leonato's Garden.,CLAUDIO,PERSON,"People, including fictional"
MUCH ADO ABOUT NOTHING,2,3,Leonato's Garden.,DON PEDRO,PERSON,"People, including fictional"
MUCH ADO ABOUT NOTHING,2,3,Leonato's Garden.,Don Pedro,PERSON,"People, including fictional"
MUCH ADO ABOUT NOTHING,2,3,Leonato's Garden.,Claudio,PERSON,"People, including fictional"
MUCH ADO ABOUT NOTHING,2,3,Leonato's Garden.,Leonato,PERSON,"People, including fictional"
MUCH ADO ABOUT NOTHING,2,3,Leonato's Garden.,BENEDICK,PERSON,"People, including fictional"
MUCH ADO ABOUT NOTHING,2,3,Leonato's Garden.,Hero,PERSON,"People, including fictional"
MUCH ADO ABOUT NOTHING,2,3,Leonato's Garden.,Beatrice,PERSON,"People, including fictional"
MUCH ADO ABOUT NOTHING,2,3,Leonato's Garden.,Beatrice,PERSON,"People, including fictional"
MUCH ADO ABOUT NOTHING,2,3,Leonato's Garden.,BEATRICE,PERSON,"People, including fictional"
MUCH ADO ABOUT NOTHING,2,3,Leonato's Garden.,BENEDICK,PERSON,"People, including fictional"
MUCH ADO ABOUT NOTHING,2,3,Leonato's Garden.,Beatrice,PERSON,"People, including fictional"
MUCH ADO ABOUT NOTHING,2,3,Leonato's Garden.,BEATRICE,PERSON,"People, including fictional"
MUCH ADO ABOUT NOTHING,2,3,Leonato's Garden.,BENEDICK,PERSON,"People, including fictional"
MUCH ADO ABOUT NOTHING,2,3,Leonato's Garden.,BEATRICE,PERSON,"People, including fictional"
MUCH ADO ABOUT NOTHING,2,3,Leonato's Garden.,BENEDICK,PERSON,"People, including fictional"
MUCH ADO ABOUT NOTHING,3,1,Leonato's Garden.,Hero,PERSON,"People, including fictional"
MUCH ADO ABOUT NOTHING,3,1,Leonato's Garden.,Margaret,PERSON,"People, including fictional"
MUCH ADO ABOUT NOTHING,3,1,Leonato's Garden.,Ursula,PERSON,"People, including fictional"
MUCH ADO ABOUT NOTHING,3,1,Leonato's Garden.,HERO,PERSON,"People, including fictional"
MUCH ADO ABOUT NOTHING,3,1,Leonato's Garden.,Margaret,PERSON,"People, including fictional"
MUCH ADO ABOUT NOTHING,3,1,Leonato's Garden.,Beatrice,PERSON,"People, including fictional"
MUCH ADO ABOUT NOTHING,3,1,Leonato's Garden.,Claudio,PERSON,"People, including fictional"
MUCH ADO ABOUT NOTHING,3,1,Leonato's Garden.,Bear,PERSON,"People, including fictional"
MUCH ADO ABOUT NOTHING,3,1,Leonato's Garden.,MARGARET,PERSON,"People, including fictional"
MUCH ADO ABOUT NOTHING,3,1,Leonato's Garden.,HERO,PERSON,"People, including fictional"
MUCH ADO ABOUT NOTHING,3,1,Leonato's Garden.,Ursula,PERSON,"People, including fictional"
MUCH ADO ABOUT NOTHING,3,1,Leonato's Garden.,Beatrice,PERSON,"People, including fictional"
MUCH ADO ABOUT NOTHING,3,1,Leonato's Garden.,Benedick,PERSON,"People, including fictional"
MUCH ADO ABOUT NOTHING,3,1,Leonato's Garden.,Benedick,PERSON,"People, including fictional"
MUCH ADO ABOUT NOTHING,3,1,Leonato's Garden.,Beatrice,PERSON,"People, including fictional"
MUCH ADO ABOUT NOTHING,3,1,Leonato's Garden.,Beatrice,PERSON,"People, including fictional"
MUCH ADO ABOUT NOTHING,3,1,Leonato's Garden.,Beatrice,PERSON,"People, including fictional"
MUCH ADO ABOUT NOTHING,3,1,Leonato's Garden.,URSULA,PERSON,"People, including fictional"
MUCH ADO ABOUT NOTHING,3,1,Leonato's Garden.,Beatrice,PERSON,"People, including fictional"
MUCH ADO ABOUT NOTHING,3,1,Leonato's Garden.,HERO,PERSON,"People, including fictional"
MUCH ADO ABOUT NOTHING,3,1,Leonato's Garden.,Ursula,PERSON,"People, including fictional"
MUCH ADO ABOUT NOTHING,3,1,Leonato's Garden.,URSULA,PERSON,"People, including fictional"
MUCH ADO ABOUT NOTHING,3,1,Leonato's Garden.,Benedick,PERSON,"People, including fictional"
MUCH ADO ABOUT NOTHING,3,1,Leonato's Garden.,Beatrice,PERSON,"People, including fictional"
MUCH ADO ABOUT NOTHING,3,1,Leonato's Garden.,HERO,PERSON,"People, including fictional"
MUCH ADO ABOUT NOTHING,3,1,Leonato's Garden.,URSULA,PERSON,"People, including fictional"
MUCH ADO ABOUT NOTHING,3,1,Leonato's Garden.,HERO,PERSON,"People, including fictional"
MUCH ADO ABOUT NOTHING,3,1,Leonato's Garden.,Benedick,PERSON,"People, including fictional"
MUCH ADO ABOUT NOTHING,3,1,Leonato's Garden.,Beatrice,PERSON,"People, including fictional"
MUCH ADO ABOUT NOTHING,3,1,Leonato's Garden.,URSULA,PERSON,"People, including fictional"
MUCH ADO ABOUT NOTHING,3,1,Leonato's Garden.,Beatrice,PERSON,"People, including fictional"
MUCH ADO ABOUT NOTHING,3,1,Leonato's Garden.,HERO,PERSON,"People, including fictional"
MUCH ADO ABOUT NOTHING,3,1,Leonato's Garden.,Beatrice,PERSON,"People, including fictional"
MUCH ADO ABOUT NOTHING,3,1,Leonato's Garden.,URSULA,PERSON,"People, including fictional"
MUCH ADO ABOUT NOTHING,3,1,Leonato's Garden.,HERO,PERSON,"People, including fictional"
MUCH ADO ABOUT NOTHING,3,1,Leonato's Garden.,URSULA,PERSON,"People, including fictional"
MUCH ADO ABOUT NOTHING,3,1,Leonato's Garden.,HERO,PERSON,"People, including fictional"
MUCH ADO ABOUT NOTHING,3,1,Leonato's Garden.,Beatrice,PERSON,"People, including fictional"
MUCH ADO ABOUT NOTHING,3,1,Leonato's Garden.,Benedick,PERSON,"People, including fictional"
MUCH ADO ABOUT NOTHING,3,1,Leonato's Garden.,URSULA,PERSON,"People, including fictional"
MUCH ADO ABOUT NOTHING,3,1,Leonato's Garden.,HERO,PERSON,"People, including fictional"
MUCH ADO ABOUT NOTHING,3,1,Leonato's Garden.,Benedick,PERSON,"People, including fictional"
MUCH ADO ABOUT NOTHING,3,1,Leonato's Garden.,URSULA,PERSON,"People, including fictional"
MUCH ADO ABOUT NOTHING,3,1,Leonato's Garden.,Benedick,PERSON,"People, including fictional"
MUCH ADO ABOUT NOTHING,3,1,Leonato's Garden.,HERO,PERSON,"People, including fictional"
MUCH ADO ABOUT NOTHING,3,1,Leonato's Garden.,Italy,GPE,"Countries, cities, states"
MUCH ADO ABOUT NOTHING,3,1,Leonato's Garden.,Claudio,PERSON,"People, including fictional"
MUCH ADO ABOUT NOTHING,3,1,Leonato's Garden.,URSULA,PERSON,"People, including fictional"
MUCH ADO ABOUT NOTHING,3,1,Leonato's Garden.,Benedick,PERSON,"People, including fictional"
MUCH ADO ABOUT NOTHING,3,1,Leonato's Garden.,Italy,GPE,"Countries, cities, states"
MUCH ADO ABOUT NOTHING,3,1,Leonato's Garden.,HERO,PERSON,"People, including fictional"
MUCH ADO ABOUT NOTHING,3,1,Leonato's Garden.,URSULA,PERSON,"People, including fictional"
MUCH ADO ABOUT NOTHING,3,1,Leonato's Garden.,HERO,PERSON,"People, including fictional"
MUCH ADO ABOUT NOTHING,3,1,Leonato's Garden.,URSULA,PERSON,"People, including fictional"
MUCH ADO ABOUT NOTHING,3,1,Leonato's Garden.,HERO,PERSON,"People, including fictional"
MUCH ADO ABOUT NOTHING,3,1,Leonato's Garden.,Hero,PERSON,"People, including fictional"
MUCH ADO ABOUT NOTHING,3,1,Leonato's Garden.,Ursula,PERSON,"People, including fictional"
MUCH ADO ABOUT NOTHING,3,1,Leonato's Garden.,BEATRICE,PERSON,"People, including fictional"
MUCH ADO ABOUT NOTHING,3,1,Leonato's Garden.,Benedick,PERSON,"People, including fictional"
MUCH ADO ABOUT NOTHING,3,2,A Room in Leonato's House.,Don Pedro,PERSON,"People, including fictional"
MUCH ADO ABOUT NOTHING,3,2,A Room in Leonato's House.,Claudio,PERSON,"People, including fictional"
MUCH ADO ABOUT NOTHING,3,2,A Room in Leonato's House.,Benedick,PERSON,"People, including fictional"
MUCH ADO ABOUT NOTHING,3,2,A Room in Leonato's House.,Leonato,PERSON,"People, including fictional"
MUCH ADO ABOUT NOTHING,3,2,A Room in Leonato's House.,DON PEDRO,PERSON,"People, including fictional"
MUCH ADO ABOUT NOTHING,3,2,A Room in Leonato's House.,Arragon,GPE,"Countries, cities, states"
MUCH ADO ABOUT NOTHING,3,2,A Room in Leonato's House.,CLAUDIO,PERSON,"People, including fictional"
MUCH ADO ABOUT NOTHING,3,2,A Room in Leonato's House.,DON PEDRO,PERSON,"People, including fictional"
MUCH ADO ABOUT NOTHING,3,2,A Room in Leonato's House.,Benedick,PERSON,"People, including fictional"
MUCH ADO ABOUT NOTHING,3,2,A Room in Leonato's House.,BENEDICK,PERSON,"People, including fictional"
MUCH ADO ABOUT NOTHING,3,2,A Room in Leonato's House.,LEONATO,PERSON,"People, including fictional"
MUCH ADO ABOUT NOTHING,3,2,A Room in Leonato's House.,CLAUDIO,PERSON,"People, including fictional"
MUCH ADO ABOUT NOTHING,3,2,A Room in Leonato's House.,DON PEDRO,PERSON,"People, including fictional"
MUCH ADO ABOUT NOTHING,3,2,A Room in Leonato's House.,BENEDICK,PERSON,"People, including fictional"
MUCH ADO ABOUT NOTHING,3,2,A Room in Leonato's House.,DON PEDRO,PERSON,"People, including fictional"
MUCH ADO ABOUT NOTHING,3,2,A Room in Leonato's House.,BENEDICK,PERSON,"People, including fictional"
MUCH ADO ABOUT NOTHING,3,2,A Room in Leonato's House.,CLAUDIO,PERSON,"People, including fictional"
MUCH ADO ABOUT NOTHING,3,2,A Room in Leonato's House.,DON PEDRO,PERSON,"People, including fictional"
MUCH ADO ABOUT NOTHING,3,2,A Room in Leonato's House.,LEONATO,PERSON,"People, including fictional"
MUCH ADO ABOUT NOTHING,3,2,A Room in Leonato's House.,BENEDICK,PERSON,"People, including fictional"
MUCH ADO ABOUT NOTHING,3,2,A Room in Leonato's House.,CLAUDIO,PERSON,"People, including fictional"
MUCH ADO ABOUT NOTHING,3,2,A Room in Leonato's House.,DON PEDRO,PERSON,"People, including fictional"
MUCH ADO ABOUT NOTHING,3,2,A Room in Leonato's House.,CLAUDIO,PERSON,"People, including fictional"
MUCH ADO ABOUT NOTHING,3,2,A Room in Leonato's House.,DON PEDRO,PERSON,"People, including fictional"
MUCH ADO ABOUT NOTHING,3,2,A Room in Leonato's House.,CLAUDIO,PERSON,"People, including fictional"
MUCH ADO ABOUT NOTHING,3,2,A Room in Leonato's House.,LEONATO,PERSON,"People, including fictional"
MUCH ADO ABOUT NOTHING,3,2,A Room in Leonato's House.,DON PEDRO,PERSON,"People, including fictional"
MUCH ADO ABOUT NOTHING,3,2,A Room in Leonato's House.,CLAUDIO,PERSON,"People, including fictional"
MUCH ADO ABOUT NOTHING,3,2,A Room in Leonato's House.,DON PEDRO,PERSON,"People, including fictional"
MUCH ADO ABOUT NOTHING,3,2,A Room in Leonato's House.,CLAUDIO,PERSON,"People, including fictional"
MUCH ADO ABOUT NOTHING,3,2,A Room in Leonato's House.,DON PEDRO,PERSON,"People, including fictional"
MUCH ADO ABOUT NOTHING,3,2,A Room in Leonato's House.,CLAUDIO,PERSON,"People, including fictional"
MUCH ADO ABOUT NOTHING,3,2,A Room in Leonato's House.,DON PEDRO,PERSON,"People, including fictional"
MUCH ADO ABOUT NOTHING,3,2,A Room in Leonato's House.,CLAUDIO,PERSON,"People, including fictional"
MUCH ADO ABOUT NOTHING,3,2,A Room in Leonato's House.,DON PEDRO,PERSON,"People, including fictional"
MUCH ADO ABOUT NOTHING,3,2,A Room in Leonato's House.,CLAUDIO,PERSON,"People, including fictional"
MUCH ADO ABOUT NOTHING,3,2,A Room in Leonato's House.,DON PEDRO,PERSON,"People, including fictional"
MUCH ADO ABOUT NOTHING,3,2,A Room in Leonato's House.,BENEDICK,PERSON,"People, including fictional"
MUCH ADO ABOUT NOTHING,3,2,A Room in Leonato's House.,Benedick,PERSON,"People, including fictional"
MUCH ADO ABOUT NOTHING,3,2,A Room in Leonato's House.,Leonato,PERSON,"People, including fictional"
MUCH ADO ABOUT NOTHING,3,2,A Room in Leonato's House.,DON PEDRO,PERSON,"People, including fictional"
MUCH ADO ABOUT NOTHING,3,2,A Room in Leonato's House.,Beatrice,PERSON,"People, including fictional"
MUCH ADO ABOUT NOTHING,3,2,A Room in Leonato's House.,CLAUDIO,PERSON,"People, including fictional"
MUCH ADO ABOUT NOTHING,3,2,A Room in Leonato's House.,Hero,PERSON,"People, including fictional"
MUCH ADO ABOUT NOTHING,3,2,A Room in Leonato's House.,Margaret,PERSON,"People, including fictional"
MUCH ADO ABOUT NOTHING,3,2,A Room in Leonato's House.,Beatrice,PERSON,"People, including fictional"
MUCH ADO ABOUT NOTHING,3,2,A Room in Leonato's House.,Don John,PERSON,"People, including fictional"
MUCH ADO ABOUT NOTHING,3,2,A Room in Leonato's House.,DON JOHN,PERSON,"People, including fictional"
MUCH ADO ABOUT NOTHING,3,2,A Room in Leonato's House.,DON PEDRO,PERSON,"People, including fictional"
MUCH ADO ABOUT NOTHING,3,2,A Room in Leonato's House.,DON JOHN,PERSON,"People, including fictional"
MUCH ADO ABOUT NOTHING,3,2,A Room in Leonato's House.,DON PEDRO,PERSON,"People, including fictional"
MUCH ADO ABOUT NOTHING,3,2,A Room in Leonato's House.,DON JOHN,PERSON,"People, including fictional"
MUCH ADO ABOUT NOTHING,3,2,A Room in Leonato's House.,Claudio,PERSON,"People, including fictional"
MUCH ADO ABOUT NOTHING,3,2,A Room in Leonato's House.,DON PEDRO,PERSON,"People, including fictional"
MUCH ADO ABOUT NOTHING,3,2,A Room in Leonato's House.,DON JOHN,PERSON,"People, including fictional"
MUCH ADO ABOUT NOTHING,3,2,A Room in Leonato's House.,Claudio,PERSON,"People, including fictional"
MUCH ADO ABOUT NOTHING,3,2,A Room in Leonato's House.,DON PEDRO,PERSON,"People, including fictional"
MUCH ADO ABOUT NOTHING,3,2,A Room in Leonato's House.,DON JOHN,PERSON,"People, including fictional"
MUCH ADO ABOUT NOTHING,3,2,A Room in Leonato's House.,CLAUDIO,PERSON,"People, including fictional"
MUCH ADO ABOUT NOTHING,3,2,A Room in Leonato's House.,DON JOHN,PERSON,"People, including fictional"
MUCH ADO ABOUT NOTHING,3,2,A Room in Leonato's House.,DON PEDRO,PERSON,"People, including fictional"
MUCH ADO ABOUT NOTHING,3,2,A Room in Leonato's House.,DON JOHN,PERSON,"People, including fictional"
MUCH ADO ABOUT NOTHING,3,2,A Room in Leonato's House.,"shortened,—for",PERSON,"People, including fictional"
MUCH ADO ABOUT NOTHING,3,2,A Room in Leonato's House.,CLAUDIO,PERSON,"People, including fictional"
MUCH ADO ABOUT NOTHING,3,2,A Room in Leonato's House.,Hero,PERSON,"People, including fictional"
MUCH ADO ABOUT NOTHING,3,2,A Room in Leonato's House.,DON JOHN,PERSON,"People, including fictional"
MUCH ADO ABOUT NOTHING,3,2,A Room in Leonato's House.,Leonato,PERSON,"People, including fictional"
MUCH ADO ABOUT NOTHING,3,2,A Room in Leonato's House.,Hero,PERSON,"People, including fictional"
MUCH ADO ABOUT NOTHING,3,2,A Room in Leonato's House.,Hero,PERSON,"People, including fictional"
MUCH ADO ABOUT NOTHING,3,2,A Room in Leonato's House.,Hero,PERSON,"People, including fictional"
MUCH ADO ABOUT NOTHING,3,2,A Room in Leonato's House.,CLAUDIO,PERSON,"People, including fictional"
MUCH ADO ABOUT NOTHING,3,2,A Room in Leonato's House.,DON JOHN,PERSON,"People, including fictional"
MUCH ADO ABOUT NOTHING,3,2,A Room in Leonato's House.,CLAUDIO,PERSON,"People, including fictional"
MUCH ADO ABOUT NOTHING,3,2,A Room in Leonato's House.,DON PEDRO,PERSON,"People, including fictional"
MUCH ADO ABOUT NOTHING,3,2,A Room in Leonato's House.,DON JOHN,PERSON,"People, including fictional"
MUCH ADO ABOUT NOTHING,3,2,A Room in Leonato's House.,CLAUDIO,PERSON,"People, including fictional"
MUCH ADO ABOUT NOTHING,3,2,A Room in Leonato's House.,DON PEDRO,PERSON,"People, including fictional"
MUCH ADO ABOUT NOTHING,3,2,A Room in Leonato's House.,DON JOHN,PERSON,"People, including fictional"
MUCH ADO ABOUT NOTHING,3,2,A Room in Leonato's House.,DON PEDRO,PERSON,"People, including fictional"
MUCH ADO ABOUT NOTHING,3,2,A Room in Leonato's House.,CLAUDIO,PERSON,"People, including fictional"
MUCH ADO ABOUT NOTHING,3,2,A Room in Leonato's House.,DON JOHN,PERSON,"People, including fictional"
MUCH ADO ABOUT NOTHING,3,3,A Street.,Dogberry,PERSON,"People, including fictional"
MUCH ADO ABOUT NOTHING,3,3,A Street.,Verges,PERSON,"People, including fictional"
MUCH ADO ABOUT NOTHING,3,3,A Street.,DOGBERRY,PERSON,"People, including fictional"
MUCH ADO ABOUT NOTHING,3,3,A Street.,VERGES,PERSON,"People, including fictional"
MUCH ADO ABOUT NOTHING,3,3,A Street.,DOGBERRY,PERSON,"People, including fictional"
MUCH ADO ABOUT NOTHING,3,3,A Street.,VERGES,PERSON,"People, including fictional"
MUCH ADO ABOUT NOTHING,3,3,A Street.,Dogberry,PERSON,"People, including fictional"
MUCH ADO ABOUT NOTHING,3,3,A Street.,DOGBERRY,PERSON,"People, including fictional"
MUCH ADO ABOUT NOTHING,3,3,A Street.,constable,TITLE,TITLE
MUCH ADO ABOUT NOTHING,3,3,A Street.,Hugh,PERSON,"People, including fictional"
MUCH ADO ABOUT NOTHING,3,3,A Street.,George,PERSON,"People, including fictional"
MUCH ADO ABOUT NOTHING,3,3,A Street.,DOGBERRY,PERSON,"People, including fictional"
MUCH ADO ABOUT NOTHING,3,3,A Street.,SECOND WATCH,PERSON,"People, including fictional"
MUCH ADO ABOUT NOTHING,3,3,A Street.,Constable,TITLE,TITLE
MUCH ADO ABOUT NOTHING,3,3,A Street.,DOGBERRY,PERSON,"People, including fictional"
MUCH ADO ABOUT NOTHING,3,3,A Street.,constable,TITLE,TITLE
MUCH ADO ABOUT NOTHING,3,3,A Street.,SECOND,PERSON,"People, including fictional"
MUCH ADO ABOUT NOTHING,3,3,A Street.,DOGBERRY,PERSON,"People, including fictional"
MUCH ADO ABOUT NOTHING,3,3,A Street.,VERGES,PERSON,"People, including fictional"
MUCH ADO ABOUT NOTHING,3,3,A Street.,DOGBERRY,PERSON,"People, including fictional"
MUCH ADO ABOUT NOTHING,3,3,A Street.,SECOND,PERSON,"People, including fictional"
MUCH ADO ABOUT NOTHING,3,3,A Street.,DOGBERRY,PERSON,"People, including fictional"
MUCH ADO ABOUT NOTHING,3,3,A Street.,SECOND,PERSON,"People, including fictional"
MUCH ADO ABOUT NOTHING,3,3,A Street.,DOGBERRY,PERSON,"People, including fictional"
MUCH ADO ABOUT NOTHING,3,3,A Street.,SECOND,PERSON,"People, including fictional"
MUCH ADO ABOUT NOTHING,3,3,A Street.,DOGBERRY,PERSON,"People, including fictional"
MUCH ADO ABOUT NOTHING,3,3,A Street.,SECOND,PERSON,"People, including fictional"
MUCH ADO ABOUT NOTHING,3,3,A Street.,DOGBERRY,PERSON,"People, including fictional"
MUCH ADO ABOUT NOTHING,3,3,A Street.,VERGES,PERSON,"People, including fictional"
MUCH ADO ABOUT NOTHING,3,3,A Street.,DOGBERRY,PERSON,"People, including fictional"
MUCH ADO ABOUT NOTHING,3,3,A Street.,VERGES,PERSON,"People, including fictional"
MUCH ADO ABOUT NOTHING,3,3,A Street.,nurse,TITLE,TITLE
MUCH ADO ABOUT NOTHING,3,3,A Street.,SECOND,PERSON,"People, including fictional"
MUCH ADO ABOUT NOTHING,3,3,A Street.,nurse,TITLE,TITLE
MUCH ADO ABOUT NOTHING,3,3,A Street.,DOGBERRY,PERSON,"People, including fictional"
MUCH ADO ABOUT NOTHING,3,3,A Street.,VERGES,PERSON,"People, including fictional"
MUCH ADO ABOUT NOTHING,3,3,A Street.,DOGBERRY,PERSON,"People, including fictional"
MUCH ADO ABOUT NOTHING,3,3,A Street.,constable,TITLE,TITLE
MUCH ADO ABOUT NOTHING,3,3,A Street.,VERGES,PERSON,"People, including fictional"
MUCH ADO ABOUT NOTHING,3,3,A Street.,DOGBERRY,PERSON,"People, including fictional"
MUCH ADO ABOUT NOTHING,3,3,A Street.,VERGES,PERSON,"People, including fictional"
MUCH ADO ABOUT NOTHING,3,3,A Street.,DOGBERRY,PERSON,"People, including fictional"
MUCH ADO ABOUT NOTHING,3,3,A Street.,SECOND,PERSON,"People, including fictional"
MUCH ADO ABOUT NOTHING,3,3,A Street.,DOGBERRY,PERSON,"People, including fictional"
MUCH ADO ABOUT NOTHING,3,3,A Street.,Leonato,PERSON,"People, including fictional"
MUCH ADO ABOUT NOTHING,3,3,A Street.,Dogberry,PERSON,"People, including fictional"
MUCH ADO ABOUT NOTHING,3,3,A Street.,Verges,PERSON,"People, including fictional"
MUCH ADO ABOUT NOTHING,3,3,A Street.,Borachio,PERSON,"People, including fictional"
MUCH ADO ABOUT NOTHING,3,3,A Street.,Conrade,PERSON,"People, including fictional"
MUCH ADO ABOUT NOTHING,3,3,A Street.,BORACHIO,PERSON,"People, including fictional"
MUCH ADO ABOUT NOTHING,3,3,A Street.,Conrade,PERSON,"People, including fictional"
MUCH ADO ABOUT NOTHING,3,3,A Street.,BORACHIO,PERSON,"People, including fictional"
MUCH ADO ABOUT NOTHING,3,3,A Street.,Conrade,PERSON,"People, including fictional"
MUCH ADO ABOUT NOTHING,3,3,A Street.,CONRADE,PERSON,"People, including fictional"
MUCH ADO ABOUT NOTHING,3,3,A Street.,BORACHIO,PERSON,"People, including fictional"
MUCH ADO ABOUT NOTHING,3,3,A Street.,CONRADE,PERSON,"People, including fictional"
MUCH ADO ABOUT NOTHING,3,3,A Street.,BORACHIO,PERSON,"People, including fictional"
MUCH ADO ABOUT NOTHING,3,3,A Street.,BORACHIO,PERSON,"People, including fictional"
MUCH ADO ABOUT NOTHING,3,3,A Street.,Don John,PERSON,"People, including fictional"
MUCH ADO ABOUT NOTHING,3,3,A Street.,CONRADE,PERSON,"People, including fictional"
MUCH ADO ABOUT NOTHING,3,3,A Street.,BORACHIO,PERSON,"People, including fictional"
MUCH ADO ABOUT NOTHING,3,3,A Street.,CONRADE,PERSON,"People, including fictional"
MUCH ADO ABOUT NOTHING,3,3,A Street.,BORACHIO,PERSON,"People, including fictional"
MUCH ADO ABOUT NOTHING,3,3,A Street.,CONRADE,PERSON,"People, including fictional"
MUCH ADO ABOUT NOTHING,3,3,A Street.,BORACHIO,PERSON,"People, including fictional"
MUCH ADO ABOUT NOTHING,3,3,A Street.,CONRADE,PERSON,"People, including fictional"
MUCH ADO ABOUT NOTHING,3,3,A Street.,BORACHIO,PERSON,"People, including fictional"
MUCH ADO ABOUT NOTHING,3,3,A Street.,BORACHIO,PERSON,"People, including fictional"
MUCH ADO ABOUT NOTHING,3,3,A Street.,CONRADE,PERSON,"People, including fictional"
MUCH ADO ABOUT NOTHING,3,3,A Street.,BORACHIO,PERSON,"People, including fictional"
MUCH ADO ABOUT NOTHING,3,3,A Street.,Seest,PERSON,"People, including fictional"
MUCH ADO ABOUT NOTHING,3,3,A Street.,Pharaoh,PERSON,"People, including fictional"
MUCH ADO ABOUT NOTHING,3,3,A Street.,CONRADE,PERSON,"People, including fictional"
MUCH ADO ABOUT NOTHING,3,3,A Street.,BORACHIO,PERSON,"People, including fictional"
MUCH ADO ABOUT NOTHING,3,3,A Street.,Margaret,PERSON,"People, including fictional"
MUCH ADO ABOUT NOTHING,3,3,A Street.,Hero,PERSON,"People, including fictional"
MUCH ADO ABOUT NOTHING,3,3,A Street.,Hero,PERSON,"People, including fictional"
MUCH ADO ABOUT NOTHING,3,3,A Street.,Claudio,PERSON,"People, including fictional"
MUCH ADO ABOUT NOTHING,3,3,A Street.,Don John,PERSON,"People, including fictional"
MUCH ADO ABOUT NOTHING,3,3,A Street.,CONRADE,PERSON,"People, including fictional"
MUCH ADO ABOUT NOTHING,3,3,A Street.,Margaret,PERSON,"People, including fictional"
MUCH ADO ABOUT NOTHING,3,3,A Street.,Hero,PERSON,"People, including fictional"
MUCH ADO ABOUT NOTHING,3,3,A Street.,BORACHIO,PERSON,"People, including fictional"
MUCH ADO ABOUT NOTHING,3,3,A Street.,Claudio,PERSON,"People, including fictional"
MUCH ADO ABOUT NOTHING,3,3,A Street.,Margaret,PERSON,"People, including fictional"
MUCH ADO ABOUT NOTHING,3,3,A Street.,Don John,PERSON,"People, including fictional"
MUCH ADO ABOUT NOTHING,3,3,A Street.,Claudio,PERSON,"People, including fictional"
MUCH ADO ABOUT NOTHING,3,3,A Street.,SECOND,PERSON,"People, including fictional"
MUCH ADO ABOUT NOTHING,3,3,A Street.,Constable,TITLE,TITLE
MUCH ADO ABOUT NOTHING,3,3,A Street.,CONRADE,PERSON,"People, including fictional"
MUCH ADO ABOUT NOTHING,3,3,A Street.,SECOND,PERSON,"People, including fictional"
MUCH ADO ABOUT NOTHING,3,3,A Street.,CONRADE,PERSON,"People, including fictional"
MUCH ADO ABOUT NOTHING,3,3,A Street.,BORACHIO,PERSON,"People, including fictional"
MUCH ADO ABOUT NOTHING,3,3,A Street.,CONRADE,PERSON,"People, including fictional"
MUCH ADO ABOUT NOTHING,3,4,A Room in Leonato's House.,Hero,PERSON,"People, including fictional"
MUCH ADO ABOUT NOTHING,3,4,A Room in Leonato's House.,Margaret,PERSON,"People, including fictional"
MUCH ADO ABOUT NOTHING,3,4,A Room in Leonato's House.,Ursula,PERSON,"People, including fictional"
MUCH ADO ABOUT NOTHING,3,4,A Room in Leonato's House.,HERO,PERSON,"People, including fictional"
MUCH ADO ABOUT NOTHING,3,4,A Room in Leonato's House.,Ursula,PERSON,"People, including fictional"
MUCH ADO ABOUT NOTHING,3,4,A Room in Leonato's House.,Beatrice,PERSON,"People, including fictional"
MUCH ADO ABOUT NOTHING,3,4,A Room in Leonato's House.,URSULA,PERSON,"People, including fictional"
MUCH ADO ABOUT NOTHING,3,4,A Room in Leonato's House.,HERO,PERSON,"People, including fictional"
MUCH ADO ABOUT NOTHING,3,4,A Room in Leonato's House.,URSULA,PERSON,"People, including fictional"
MUCH ADO ABOUT NOTHING,3,4,A Room in Leonato's House.,MARGARET,PERSON,"People, including fictional"
MUCH ADO ABOUT NOTHING,3,4,A Room in Leonato's House.,HERO,PERSON,"People, including fictional"
MUCH ADO ABOUT NOTHING,3,4,A Room in Leonato's House.,MARGARET,PERSON,"People, including fictional"
MUCH ADO ABOUT NOTHING,3,4,A Room in Leonato's House.,HERO,PERSON,"People, including fictional"
MUCH ADO ABOUT NOTHING,3,4,A Room in Leonato's House.,MARGARET,PERSON,"People, including fictional"
MUCH ADO ABOUT NOTHING,3,4,A Room in Leonato's House.,Milan,GPE,"Countries, cities, states"
MUCH ADO ABOUT NOTHING,3,4,A Room in Leonato's House.,HERO,PERSON,"People, including fictional"
MUCH ADO ABOUT NOTHING,3,4,A Room in Leonato's House.,MARGARET,PERSON,"People, including fictional"
MUCH ADO ABOUT NOTHING,3,4,A Room in Leonato's House.,HERO,PERSON,"People, including fictional"
MUCH ADO ABOUT NOTHING,3,4,A Room in Leonato's House.,MARGARET,PERSON,"People, including fictional"
MUCH ADO ABOUT NOTHING,3,4,A Room in Leonato's House.,HERO,PERSON,"People, including fictional"
MUCH ADO ABOUT NOTHING,3,4,A Room in Leonato's House.,MARGARET,PERSON,"People, including fictional"
MUCH ADO ABOUT NOTHING,3,4,A Room in Leonato's House.,Beatrice,PERSON,"People, including fictional"
MUCH ADO ABOUT NOTHING,3,4,A Room in Leonato's House.,Beatrice,PERSON,"People, including fictional"
MUCH ADO ABOUT NOTHING,3,4,A Room in Leonato's House.,HERO,PERSON,"People, including fictional"
MUCH ADO ABOUT NOTHING,3,4,A Room in Leonato's House.,BEATRICE,PERSON,"People, including fictional"
MUCH ADO ABOUT NOTHING,3,4,A Room in Leonato's House.,Hero,PERSON,"People, including fictional"
MUCH ADO ABOUT NOTHING,3,4,A Room in Leonato's House.,HERO,PERSON,"People, including fictional"
MUCH ADO ABOUT NOTHING,3,4,A Room in Leonato's House.,BEATRICE,PERSON,"People, including fictional"
MUCH ADO ABOUT NOTHING,3,4,A Room in Leonato's House.,MARGARET,PERSON,"People, including fictional"
MUCH ADO ABOUT NOTHING,3,4,A Room in Leonato's House.,BEATRICE,PERSON,"People, including fictional"
MUCH ADO ABOUT NOTHING,3,4,A Room in Leonato's House.,MARGARET,PERSON,"People, including fictional"
MUCH ADO ABOUT NOTHING,3,4,A Room in Leonato's House.,BEATRICE,PERSON,"People, including fictional"
MUCH ADO ABOUT NOTHING,3,4,A Room in Leonato's House.,MARGARET,PERSON,"People, including fictional"
MUCH ADO ABOUT NOTHING,3,4,A Room in Leonato's House.,BEATRICE,PERSON,"People, including fictional"
MUCH ADO ABOUT NOTHING,3,4,A Room in Leonato's House.,MARGARET,PERSON,"People, including fictional"
MUCH ADO ABOUT NOTHING,3,4,A Room in Leonato's House.,BEATRICE,PERSON,"People, including fictional"
MUCH ADO ABOUT NOTHING,3,4,A Room in Leonato's House.,MARGARET,PERSON,"People, including fictional"
MUCH ADO ABOUT NOTHING,3,4,A Room in Leonato's House.,HERO,PERSON,"People, including fictional"
MUCH ADO ABOUT NOTHING,3,4,A Room in Leonato's House.,BEATRICE,PERSON,"People, including fictional"
MUCH ADO ABOUT NOTHING,3,4,A Room in Leonato's House.,MARGARET,PERSON,"People, including fictional"
MUCH ADO ABOUT NOTHING,3,4,A Room in Leonato's House.,BEATRICE,PERSON,"People, including fictional"
MUCH ADO ABOUT NOTHING,3,4,A Room in Leonato's House.,MARGARET,PERSON,"People, including fictional"
MUCH ADO ABOUT NOTHING,3,4,A Room in Leonato's House.,BEATRICE,PERSON,"People, including fictional"
MUCH ADO ABOUT NOTHING,3,4,A Room in Leonato's House.,MARGARET,PERSON,"People, including fictional"
MUCH ADO ABOUT NOTHING,3,4,A Room in Leonato's House.,benedictus,PERSON,"People, including fictional"
MUCH ADO ABOUT NOTHING,3,4,A Room in Leonato's House.,HERO,PERSON,"People, including fictional"
MUCH ADO ABOUT NOTHING,3,4,A Room in Leonato's House.,BEATRICE,PERSON,"People, including fictional"
MUCH ADO ABOUT NOTHING,3,4,A Room in Leonato's House.,Benedictus,PERSON,"People, including fictional"
MUCH ADO ABOUT NOTHING,3,4,A Room in Leonato's House.,benedictus,PERSON,"People, including fictional"
MUCH ADO ABOUT NOTHING,3,4,A Room in Leonato's House.,benedictus,PERSON,"People, including fictional"
MUCH ADO ABOUT NOTHING,3,4,A Room in Leonato's House.,MARGARET,PERSON,"People, including fictional"
MUCH ADO ABOUT NOTHING,3,4,A Room in Leonato's House.,Benedick,PERSON,"People, including fictional"
MUCH ADO ABOUT NOTHING,3,4,A Room in Leonato's House.,BEATRICE,PERSON,"People, including fictional"
MUCH ADO ABOUT NOTHING,3,4,A Room in Leonato's House.,MARGARET,PERSON,"People, including fictional"
MUCH ADO ABOUT NOTHING,3,4,A Room in Leonato's House.,Ursula,PERSON,"People, including fictional"
MUCH ADO ABOUT NOTHING,3,4,A Room in Leonato's House.,URSULA,PERSON,"People, including fictional"
MUCH ADO ABOUT NOTHING,3,4,A Room in Leonato's House.,Benedick,PERSON,"People, including fictional"
MUCH ADO ABOUT NOTHING,3,4,A Room in Leonato's House.,Don John,PERSON,"People, including fictional"
MUCH ADO ABOUT NOTHING,3,4,A Room in Leonato's House.,HERO,PERSON,"People, including fictional"
MUCH ADO ABOUT NOTHING,3,4,A Room in Leonato's House.,Ursula,PERSON,"People, including fictional"
MUCH ADO ABOUT NOTHING,3,5,Another Room in Leonato's House.,Leonato,PERSON,"People, including fictional"
MUCH ADO ABOUT NOTHING,3,5,Another Room in Leonato's House.,Dogberry,PERSON,"People, including fictional"
MUCH ADO ABOUT NOTHING,3,5,Another Room in Leonato's House.,Verges,PERSON,"People, including fictional"
MUCH ADO ABOUT NOTHING,3,5,Another Room in Leonato's House.,LEONATO,PERSON,"People, including fictional"
MUCH ADO ABOUT NOTHING,3,5,Another Room in Leonato's House.,DOGBERRY,PERSON,"People, including fictional"
MUCH ADO ABOUT NOTHING,3,5,Another Room in Leonato's House.,LEONATO,PERSON,"People, including fictional"
MUCH ADO ABOUT NOTHING,3,5,Another Room in Leonato's House.,DOGBERRY,PERSON,"People, including fictional"
MUCH ADO ABOUT NOTHING,3,5,Another Room in Leonato's House.,VERGES,PERSON,"People, including fictional"
MUCH ADO ABOUT NOTHING,3,5,Another Room in Leonato's House.,LEONATO,PERSON,"People, including fictional"
MUCH ADO ABOUT NOTHING,3,5,Another Room in Leonato's House.,DOGBERRY,PERSON,"People, including fictional"
MUCH ADO ABOUT NOTHING,3,5,Another Room in Leonato's House.,Verges,PERSON,"People, including fictional"
MUCH ADO ABOUT NOTHING,3,5,Another Room in Leonato's House.,VERGES,PERSON,"People, including fictional"
MUCH ADO ABOUT NOTHING,3,5,Another Room in Leonato's House.,DOGBERRY,PERSON,"People, including fictional"
MUCH ADO ABOUT NOTHING,3,5,Another Room in Leonato's House.,Verges,PERSON,"People, including fictional"
MUCH ADO ABOUT NOTHING,3,5,Another Room in Leonato's House.,LEONATO,PERSON,"People, including fictional"
MUCH ADO ABOUT NOTHING,3,5,Another Room in Leonato's House.,DOGBERRY,PERSON,"People, including fictional"
MUCH ADO ABOUT NOTHING,3,5,Another Room in Leonato's House.,LEONATO,PERSON,"People, including fictional"
MUCH ADO ABOUT NOTHING,3,5,Another Room in Leonato's House.,DOGBERRY,PERSON,"People, including fictional"
MUCH ADO ABOUT NOTHING,3,5,Another Room in Leonato's House.,VERGES,PERSON,"People, including fictional"
MUCH ADO ABOUT NOTHING,3,5,Another Room in Leonato's House.,LEONATO,PERSON,"People, including fictional"
MUCH ADO ABOUT NOTHING,3,5,Another Room in Leonato's House.,VERGES,PERSON,"People, including fictional"
MUCH ADO ABOUT NOTHING,3,5,Another Room in Leonato's House.,Messina,GPE,"Countries, cities, states"
MUCH ADO ABOUT NOTHING,3,5,Another Room in Leonato's House.,DOGBERRY,PERSON,"People, including fictional"
MUCH ADO ABOUT NOTHING,3,5,Another Room in Leonato's House.,Verges,PERSON,"People, including fictional"
MUCH ADO ABOUT NOTHING,3,5,Another Room in Leonato's House.,LEONATO,PERSON,"People, including fictional"
MUCH ADO ABOUT NOTHING,3,5,Another Room in Leonato's House.,DOGBERRY,PERSON,"People, including fictional"
MUCH ADO ABOUT NOTHING,3,5,Another Room in Leonato's House.,LEONATO,PERSON,"People, including fictional"
MUCH ADO ABOUT NOTHING,3,5,Another Room in Leonato's House.,DOGBERRY,PERSON,"People, including fictional"
MUCH ADO ABOUT NOTHING,3,5,Another Room in Leonato's House.,LEONATO,PERSON,"People, including fictional"
MUCH ADO ABOUT NOTHING,3,5,Another Room in Leonato's House.,DOGBERRY,PERSON,"People, including fictional"
MUCH ADO ABOUT NOTHING,3,5,Another Room in Leonato's House.,LEONATO,PERSON,"People, including fictional"
MUCH ADO ABOUT NOTHING,3,5,Another Room in Leonato's House.,MESSENGER,PERSON,"People, including fictional"
MUCH ADO ABOUT NOTHING,3,5,Another Room in Leonato's House.,LEONATO,PERSON,"People, including fictional"
MUCH ADO ABOUT NOTHING,3,5,Another Room in Leonato's House.,Leonato,PERSON,"People, including fictional"
MUCH ADO ABOUT NOTHING,3,5,Another Room in Leonato's House.,DOGBERRY,PERSON,"People, including fictional"
MUCH ADO ABOUT NOTHING,3,5,Another Room in Leonato's House.,VERGES,PERSON,"People, including fictional"
MUCH ADO ABOUT NOTHING,3,5,Another Room in Leonato's House.,DOGBERRY,PERSON,"People, including fictional"
MUCH ADO ABOUT NOTHING,4,1,The Inside of a Church.,Don Pedro,PERSON,"People, including fictional"
MUCH ADO ABOUT NOTHING,4,1,The Inside of a Church.,Don John,PERSON,"People, including fictional"
MUCH ADO ABOUT NOTHING,4,1,The Inside of a Church.,Leonato,PERSON,"People, including fictional"
MUCH ADO ABOUT NOTHING,4,1,The Inside of a Church.,Friar Francis,PERSON,"People, including fictional"
MUCH ADO ABOUT NOTHING,4,1,The Inside of a Church.,Claudio,PERSON,"People, including fictional"
MUCH ADO ABOUT NOTHING,4,1,The Inside of a Church.,Benedick,PERSON,"People, including fictional"
MUCH ADO ABOUT NOTHING,4,1,The Inside of a Church.,Hero,PERSON,"People, including fictional"
MUCH ADO ABOUT NOTHING,4,1,The Inside of a Church.,Beatrice,PERSON,"People, including fictional"
MUCH ADO ABOUT NOTHING,4,1,The Inside of a Church.,LEONATO,PERSON,"People, including fictional"
MUCH ADO ABOUT NOTHING,4,1,The Inside of a Church.,Friar Francis,PERSON,"People, including fictional"
MUCH ADO ABOUT NOTHING,4,1,The Inside of a Church.,FRIAR,PERSON,"People, including fictional"
MUCH ADO ABOUT NOTHING,4,1,The Inside of a Church.,CLAUDIO,PERSON,"People, including fictional"
MUCH ADO ABOUT NOTHING,4,1,The Inside of a Church.,LEONATO,PERSON,"People, including fictional"
MUCH ADO ABOUT NOTHING,4,1,The Inside of a Church.,friar,TITLE,TITLE
MUCH ADO ABOUT NOTHING,4,1,The Inside of a Church.,FRIAR,PERSON,"People, including fictional"
MUCH ADO ABOUT NOTHING,4,1,The Inside of a Church.,HERO,PERSON,"People, including fictional"
MUCH ADO ABOUT NOTHING,4,1,The Inside of a Church.,FRIAR,PERSON,"People, including fictional"
MUCH ADO ABOUT NOTHING,4,1,The Inside of a Church.,CLAUDIO,PERSON,"People, including fictional"
MUCH ADO ABOUT NOTHING,4,1,The Inside of a Church.,Hero,PERSON,"People, including fictional"
MUCH ADO ABOUT NOTHING,4,1,The Inside of a Church.,HERO,PERSON,"People, including fictional"
MUCH ADO ABOUT NOTHING,4,1,The Inside of a Church.,FRIAR,PERSON,"People, including fictional"
MUCH ADO ABOUT NOTHING,4,1,The Inside of a Church.,LEONATO,PERSON,"People, including fictional"
MUCH ADO ABOUT NOTHING,4,1,The Inside of a Church.,CLAUDIO,PERSON,"People, including fictional"
MUCH ADO ABOUT NOTHING,4,1,The Inside of a Church.,BENEDICK,PERSON,"People, including fictional"
MUCH ADO ABOUT NOTHING,4,1,The Inside of a Church.,CLAUDIO,PERSON,"People, including fictional"
MUCH ADO ABOUT NOTHING,4,1,The Inside of a Church.,Friar,TITLE,TITLE
MUCH ADO ABOUT NOTHING,4,1,The Inside of a Church.,LEONATO,PERSON,"People, including fictional"
MUCH ADO ABOUT NOTHING,4,1,The Inside of a Church.,CLAUDIO,PERSON,"People, including fictional"
MUCH ADO ABOUT NOTHING,4,1,The Inside of a Church.,DON PEDRO,PERSON,"People, including fictional"
MUCH ADO ABOUT NOTHING,4,1,The Inside of a Church.,CLAUDIO,PERSON,"People, including fictional"
MUCH ADO ABOUT NOTHING,4,1,The Inside of a Church.,Leonato,PERSON,"People, including fictional"
MUCH ADO ABOUT NOTHING,4,1,The Inside of a Church.,LEONATO,PERSON,"People, including fictional"
MUCH ADO ABOUT NOTHING,4,1,The Inside of a Church.,CLAUDIO,PERSON,"People, including fictional"
MUCH ADO ABOUT NOTHING,4,1,The Inside of a Church.,LEONATO,PERSON,"People, including fictional"
MUCH ADO ABOUT NOTHING,4,1,The Inside of a Church.,CLAUDIO,PERSON,"People, including fictional"
MUCH ADO ABOUT NOTHING,4,1,The Inside of a Church.,Leonato,PERSON,"People, including fictional"
MUCH ADO ABOUT NOTHING,4,1,The Inside of a Church.,HERO,PERSON,"People, including fictional"
MUCH ADO ABOUT NOTHING,4,1,The Inside of a Church.,CLAUDIO,PERSON,"People, including fictional"
MUCH ADO ABOUT NOTHING,4,1,The Inside of a Church.,HERO,PERSON,"People, including fictional"
MUCH ADO ABOUT NOTHING,4,1,The Inside of a Church.,LEONATO,PERSON,"People, including fictional"
MUCH ADO ABOUT NOTHING,4,1,The Inside of a Church.,DON PEDRO,PERSON,"People, including fictional"
MUCH ADO ABOUT NOTHING,4,1,The Inside of a Church.,LEONATO,PERSON,"People, including fictional"
MUCH ADO ABOUT NOTHING,4,1,The Inside of a Church.,DON JOHN,PERSON,"People, including fictional"
MUCH ADO ABOUT NOTHING,4,1,The Inside of a Church.,BENEDICK,PERSON,"People, including fictional"
MUCH ADO ABOUT NOTHING,4,1,The Inside of a Church.,HERO,PERSON,"People, including fictional"
MUCH ADO ABOUT NOTHING,4,1,The Inside of a Church.,CLAUDIO,PERSON,"People, including fictional"
MUCH ADO ABOUT NOTHING,4,1,The Inside of a Church.,Leonato,PERSON,"People, including fictional"
MUCH ADO ABOUT NOTHING,4,1,The Inside of a Church.,Hero,PERSON,"People, including fictional"
MUCH ADO ABOUT NOTHING,4,1,The Inside of a Church.,LEONATO,PERSON,"People, including fictional"
MUCH ADO ABOUT NOTHING,4,1,The Inside of a Church.,CLAUDIO,PERSON,"People, including fictional"
MUCH ADO ABOUT NOTHING,4,1,The Inside of a Church.,LEONATO,PERSON,"People, including fictional"
MUCH ADO ABOUT NOTHING,4,1,The Inside of a Church.,HERO,PERSON,"People, including fictional"
MUCH ADO ABOUT NOTHING,4,1,The Inside of a Church.,CLAUDIO,PERSON,"People, including fictional"
MUCH ADO ABOUT NOTHING,4,1,The Inside of a Church.,HERO,PERSON,"People, including fictional"
MUCH ADO ABOUT NOTHING,4,1,The Inside of a Church.,Hero,PERSON,"People, including fictional"
MUCH ADO ABOUT NOTHING,4,1,The Inside of a Church.,CLAUDIO,PERSON,"People, including fictional"
MUCH ADO ABOUT NOTHING,4,1,The Inside of a Church.,Hero,PERSON,"People, including fictional"
MUCH ADO ABOUT NOTHING,4,1,The Inside of a Church.,Hero,PERSON,"People, including fictional"
MUCH ADO ABOUT NOTHING,4,1,The Inside of a Church.,Hero,PERSON,"People, including fictional"
MUCH ADO ABOUT NOTHING,4,1,The Inside of a Church.,HERO,PERSON,"People, including fictional"
MUCH ADO ABOUT NOTHING,4,1,The Inside of a Church.,DON PEDRO,PERSON,"People, including fictional"
MUCH ADO ABOUT NOTHING,4,1,The Inside of a Church.,Leonato,PERSON,"People, including fictional"
MUCH ADO ABOUT NOTHING,4,1,The Inside of a Church.,DON JOHN,PERSON,"People, including fictional"
MUCH ADO ABOUT NOTHING,4,1,The Inside of a Church.,CLAUDIO,PERSON,"People, including fictional"
MUCH ADO ABOUT NOTHING,4,1,The Inside of a Church.,Hero,PERSON,"People, including fictional"
MUCH ADO ABOUT NOTHING,4,1,The Inside of a Church.,Hero,PERSON,"People, including fictional"
MUCH ADO ABOUT NOTHING,4,1,The Inside of a Church.,LEONATO,PERSON,"People, including fictional"
MUCH ADO ABOUT NOTHING,4,1,The Inside of a Church.,Hero,PERSON,"People, including fictional"
MUCH ADO ABOUT NOTHING,4,1,The Inside of a Church.,BEATRICE,PERSON,"People, including fictional"
MUCH ADO ABOUT NOTHING,4,1,The Inside of a Church.,DON JOHN,PERSON,"People, including fictional"
MUCH ADO ABOUT NOTHING,4,1,The Inside of a Church.,Don Pedro,PERSON,"People, including fictional"
MUCH ADO ABOUT NOTHING,4,1,The Inside of a Church.,Don John,PERSON,"People, including fictional"
MUCH ADO ABOUT NOTHING,4,1,The Inside of a Church.,Claudio,PERSON,"People, including fictional"
MUCH ADO ABOUT NOTHING,4,1,The Inside of a Church.,BENEDICK,PERSON,"People, including fictional"
MUCH ADO ABOUT NOTHING,4,1,The Inside of a Church.,BEATRICE,PERSON,"People, including fictional"
MUCH ADO ABOUT NOTHING,4,1,The Inside of a Church.,Hero,PERSON,"People, including fictional"
MUCH ADO ABOUT NOTHING,4,1,The Inside of a Church.,Hero,PERSON,"People, including fictional"
MUCH ADO ABOUT NOTHING,4,1,The Inside of a Church.,Benedick,PERSON,"People, including fictional"
MUCH ADO ABOUT NOTHING,4,1,The Inside of a Church.,Friar,TITLE,TITLE
MUCH ADO ABOUT NOTHING,4,1,The Inside of a Church.,LEONATO,PERSON,"People, including fictional"
MUCH ADO ABOUT NOTHING,4,1,The Inside of a Church.,Fate,PERSON,"People, including fictional"
MUCH ADO ABOUT NOTHING,4,1,The Inside of a Church.,BEATRICE,PERSON,"People, including fictional"
MUCH ADO ABOUT NOTHING,4,1,The Inside of a Church.,Hero,PERSON,"People, including fictional"
MUCH ADO ABOUT NOTHING,4,1,The Inside of a Church.,FRIAR,PERSON,"People, including fictional"
MUCH ADO ABOUT NOTHING,4,1,The Inside of a Church.,LEONATO,PERSON,"People, including fictional"
MUCH ADO ABOUT NOTHING,4,1,The Inside of a Church.,FRIAR,PERSON,"People, including fictional"
MUCH ADO ABOUT NOTHING,4,1,The Inside of a Church.,LEONATO,PERSON,"People, including fictional"
MUCH ADO ABOUT NOTHING,4,1,The Inside of a Church.,Hero,PERSON,"People, including fictional"
MUCH ADO ABOUT NOTHING,4,1,The Inside of a Church.,BENEDICK,PERSON,"People, including fictional"
MUCH ADO ABOUT NOTHING,4,1,The Inside of a Church.,BEATRICE,PERSON,"People, including fictional"
MUCH ADO ABOUT NOTHING,4,1,The Inside of a Church.,BENEDICK,PERSON,"People, including fictional"
MUCH ADO ABOUT NOTHING,4,1,The Inside of a Church.,BEATRICE,PERSON,"People, including fictional"
MUCH ADO ABOUT NOTHING,4,1,The Inside of a Church.,LEONATO,PERSON,"People, including fictional"
MUCH ADO ABOUT NOTHING,4,1,The Inside of a Church.,Claudio,PERSON,"People, including fictional"
MUCH ADO ABOUT NOTHING,4,1,The Inside of a Church.,FRIAR,PERSON,"People, including fictional"
MUCH ADO ABOUT NOTHING,4,1,The Inside of a Church.,LEONATO,PERSON,"People, including fictional"
MUCH ADO ABOUT NOTHING,4,1,The Inside of a Church.,Friar,TITLE,TITLE
MUCH ADO ABOUT NOTHING,4,1,The Inside of a Church.,FRIAR,PERSON,"People, including fictional"
MUCH ADO ABOUT NOTHING,4,1,The Inside of a Church.,"Lady,",PERSON,"People, including fictional"
MUCH ADO ABOUT NOTHING,4,1,The Inside of a Church.,HERO,PERSON,"People, including fictional"
MUCH ADO ABOUT NOTHING,4,1,The Inside of a Church.,FRIAR,PERSON,"People, including fictional"
MUCH ADO ABOUT NOTHING,4,1,The Inside of a Church.,BENEDICK,PERSON,"People, including fictional"
MUCH ADO ABOUT NOTHING,4,1,The Inside of a Church.,LEONATO,PERSON,"People, including fictional"
MUCH ADO ABOUT NOTHING,4,1,The Inside of a Church.,FRIAR,PERSON,"People, including fictional"
MUCH ADO ABOUT NOTHING,4,1,The Inside of a Church.,LEONATO,PERSON,"People, including fictional"
MUCH ADO ABOUT NOTHING,4,1,The Inside of a Church.,FRIAR,PERSON,"People, including fictional"
MUCH ADO ABOUT NOTHING,4,1,The Inside of a Church.,Claudio,PERSON,"People, including fictional"
MUCH ADO ABOUT NOTHING,4,1,The Inside of a Church.,BENEDICK,PERSON,"People, including fictional"
MUCH ADO ABOUT NOTHING,4,1,The Inside of a Church.,Leonato,PERSON,"People, including fictional"
MUCH ADO ABOUT NOTHING,4,1,The Inside of a Church.,friar,TITLE,TITLE
MUCH ADO ABOUT NOTHING,4,1,The Inside of a Church.,Claudio,PERSON,"People, including fictional"
MUCH ADO ABOUT NOTHING,4,1,The Inside of a Church.,LEONATO,PERSON,"People, including fictional"
MUCH ADO ABOUT NOTHING,4,1,The Inside of a Church.,FRIAR,PERSON,"People, including fictional"
MUCH ADO ABOUT NOTHING,4,1,The Inside of a Church.,Friar,TITLE,TITLE
MUCH ADO ABOUT NOTHING,4,1,The Inside of a Church.,Hero,PERSON,"People, including fictional"
MUCH ADO ABOUT NOTHING,4,1,The Inside of a Church.,Leonato,PERSON,"People, including fictional"
MUCH ADO ABOUT NOTHING,4,1,The Inside of a Church.,BENEDICK,PERSON,"People, including fictional"
MUCH ADO ABOUT NOTHING,4,1,The Inside of a Church.,Beatrice,PERSON,"People, including fictional"
MUCH ADO ABOUT NOTHING,4,1,The Inside of a Church.,BEATRICE,PERSON,"People, including fictional"
MUCH ADO ABOUT NOTHING,4,1,The Inside of a Church.,BENEDICK,PERSON,"People, including fictional"
MUCH ADO ABOUT NOTHING,4,1,The Inside of a Church.,BEATRICE,PERSON,"People, including fictional"
MUCH ADO ABOUT NOTHING,4,1,The Inside of a Church.,BENEDICK,PERSON,"People, including fictional"
MUCH ADO ABOUT NOTHING,4,1,The Inside of a Church.,BEATRICE,PERSON,"People, including fictional"
MUCH ADO ABOUT NOTHING,4,1,The Inside of a Church.,BENEDICK,PERSON,"People, including fictional"
MUCH ADO ABOUT NOTHING,4,1,The Inside of a Church.,BEATRICE,PERSON,"People, including fictional"
MUCH ADO ABOUT NOTHING,4,1,The Inside of a Church.,BENEDICK,PERSON,"People, including fictional"
MUCH ADO ABOUT NOTHING,4,1,The Inside of a Church.,BEATRICE,PERSON,"People, including fictional"
MUCH ADO ABOUT NOTHING,4,1,The Inside of a Church.,BENEDICK,PERSON,"People, including fictional"
MUCH ADO ABOUT NOTHING,4,1,The Inside of a Church.,BEATRICE,PERSON,"People, including fictional"
MUCH ADO ABOUT NOTHING,4,1,The Inside of a Church.,BENEDICK,PERSON,"People, including fictional"
MUCH ADO ABOUT NOTHING,4,1,The Inside of a Church.,Beatrice,PERSON,"People, including fictional"
MUCH ADO ABOUT NOTHING,4,1,The Inside of a Church.,BEATRICE,PERSON,"People, including fictional"
MUCH ADO ABOUT NOTHING,4,1,The Inside of a Church.,BENEDICK,PERSON,"People, including fictional"
MUCH ADO ABOUT NOTHING,4,1,The Inside of a Church.,BEATRICE,PERSON,"People, including fictional"
MUCH ADO ABOUT NOTHING,4,1,The Inside of a Church.,BENEDICK,PERSON,"People, including fictional"
MUCH ADO ABOUT NOTHING,4,1,The Inside of a Church.,BEATRICE,PERSON,"People, including fictional"
MUCH ADO ABOUT NOTHING,4,1,The Inside of a Church.,BENEDICK,PERSON,"People, including fictional"
MUCH ADO ABOUT NOTHING,4,1,The Inside of a Church.,Beatrice,PERSON,"People, including fictional"
MUCH ADO ABOUT NOTHING,4,1,The Inside of a Church.,BEATRICE,PERSON,"People, including fictional"
MUCH ADO ABOUT NOTHING,4,1,The Inside of a Church.,BENEDICK,PERSON,"People, including fictional"
MUCH ADO ABOUT NOTHING,4,1,The Inside of a Church.,BEATRICE,PERSON,"People, including fictional"
MUCH ADO ABOUT NOTHING,4,1,The Inside of a Church.,BENEDICK,PERSON,"People, including fictional"
MUCH ADO ABOUT NOTHING,4,1,The Inside of a Church.,BEATRICE,PERSON,"People, including fictional"
MUCH ADO ABOUT NOTHING,4,1,The Inside of a Church.,Claudio,PERSON,"People, including fictional"
MUCH ADO ABOUT NOTHING,4,1,The Inside of a Church.,BENEDICK,PERSON,"People, including fictional"
MUCH ADO ABOUT NOTHING,4,1,The Inside of a Church.,BEATRICE,PERSON,"People, including fictional"
MUCH ADO ABOUT NOTHING,4,1,The Inside of a Church.,BENEDICK,PERSON,"People, including fictional"
MUCH ADO ABOUT NOTHING,4,1,The Inside of a Church.,Beatrice,PERSON,"People, including fictional"
MUCH ADO ABOUT NOTHING,4,1,The Inside of a Church.,BEATRICE,PERSON,"People, including fictional"
MUCH ADO ABOUT NOTHING,4,1,The Inside of a Church.,BENEDICK,PERSON,"People, including fictional"
MUCH ADO ABOUT NOTHING,4,1,The Inside of a Church.,Beatrice,PERSON,"People, including fictional"
MUCH ADO ABOUT NOTHING,4,1,The Inside of a Church.,BEATRICE,PERSON,"People, including fictional"
MUCH ADO ABOUT NOTHING,4,1,The Inside of a Church.,BENEDICK,PERSON,"People, including fictional"
MUCH ADO ABOUT NOTHING,4,1,The Inside of a Church.,BEATRICE,PERSON,"People, including fictional"
MUCH ADO ABOUT NOTHING,4,1,The Inside of a Church.,BENEDICK,PERSON,"People, including fictional"
MUCH ADO ABOUT NOTHING,4,1,The Inside of a Church.,Claudio,PERSON,"People, including fictional"
MUCH ADO ABOUT NOTHING,4,1,The Inside of a Church.,BEATRICE,PERSON,"People, including fictional"
MUCH ADO ABOUT NOTHING,4,1,The Inside of a Church.,BENEDICK,PERSON,"People, including fictional"
MUCH ADO ABOUT NOTHING,4,1,The Inside of a Church.,Beatrice,PERSON,"People, including fictional"
MUCH ADO ABOUT NOTHING,4,1,The Inside of a Church.,BEATRICE,PERSON,"People, including fictional"
MUCH ADO ABOUT NOTHING,4,1,The Inside of a Church.,BENEDICK,PERSON,"People, including fictional"
MUCH ADO ABOUT NOTHING,4,1,The Inside of a Church.,Beatrice,PERSON,"People, including fictional"
MUCH ADO ABOUT NOTHING,4,1,The Inside of a Church.,BEATRICE,PERSON,"People, including fictional"
MUCH ADO ABOUT NOTHING,4,1,The Inside of a Church.,Hero,PERSON,"People, including fictional"
MUCH ADO ABOUT NOTHING,4,1,The Inside of a Church.,BENEDICK,PERSON,"People, including fictional"
MUCH ADO ABOUT NOTHING,4,1,The Inside of a Church.,BEATRICE,PERSON,"People, including fictional"
MUCH ADO ABOUT NOTHING,4,1,The Inside of a Church.,Comfect,PERSON,"People, including fictional"
MUCH ADO ABOUT NOTHING,4,1,The Inside of a Church.,BENEDICK,PERSON,"People, including fictional"
MUCH ADO ABOUT NOTHING,4,1,The Inside of a Church.,Beatrice,PERSON,"People, including fictional"
MUCH ADO ABOUT NOTHING,4,1,The Inside of a Church.,BEATRICE,PERSON,"People, including fictional"
MUCH ADO ABOUT NOTHING,4,1,The Inside of a Church.,BENEDICK,PERSON,"People, including fictional"
MUCH ADO ABOUT NOTHING,4,1,The Inside of a Church.,Claudio,PERSON,"People, including fictional"
MUCH ADO ABOUT NOTHING,4,1,The Inside of a Church.,Hero,PERSON,"People, including fictional"
MUCH ADO ABOUT NOTHING,4,1,The Inside of a Church.,BEATRICE,PERSON,"People, including fictional"
MUCH ADO ABOUT NOTHING,4,1,The Inside of a Church.,BENEDICK,PERSON,"People, including fictional"
MUCH ADO ABOUT NOTHING,4,1,The Inside of a Church.,Claudio,PERSON,"People, including fictional"
MUCH ADO ABOUT NOTHING,4,2,A Prison.,Dogberry,PERSON,"People, including fictional"
MUCH ADO ABOUT NOTHING,4,2,A Prison.,Verges,PERSON,"People, including fictional"
MUCH ADO ABOUT NOTHING,4,2,A Prison.,Conrade,PERSON,"People, including fictional"
MUCH ADO ABOUT NOTHING,4,2,A Prison.,Borachio,PERSON,"People, including fictional"
MUCH ADO ABOUT NOTHING,4,2,A Prison.,DOGBERRY,PERSON,"People, including fictional"
MUCH ADO ABOUT NOTHING,4,2,A Prison.,VERGES,PERSON,"People, including fictional"
MUCH ADO ABOUT NOTHING,4,2,A Prison.,DOGBERRY,PERSON,"People, including fictional"
MUCH ADO ABOUT NOTHING,4,2,A Prison.,VERGES,PERSON,"People, including fictional"
MUCH ADO ABOUT NOTHING,4,2,A Prison.,Constable,TITLE,TITLE
MUCH ADO ABOUT NOTHING,4,2,A Prison.,DOGBERRY,PERSON,"People, including fictional"
MUCH ADO ABOUT NOTHING,4,2,A Prison.,BORACHIO,PERSON,"People, including fictional"
MUCH ADO ABOUT NOTHING,4,2,A Prison.,Borachio,PERSON,"People, including fictional"
MUCH ADO ABOUT NOTHING,4,2,A Prison.,DOGBERRY,PERSON,"People, including fictional"
MUCH ADO ABOUT NOTHING,4,2,A Prison.,Borachio,PERSON,"People, including fictional"
MUCH ADO ABOUT NOTHING,4,2,A Prison.,CONRADE,PERSON,"People, including fictional"
MUCH ADO ABOUT NOTHING,4,2,A Prison.,Conrade,PERSON,"People, including fictional"
MUCH ADO ABOUT NOTHING,4,2,A Prison.,DOGBERRY,PERSON,"People, including fictional"
MUCH ADO ABOUT NOTHING,4,2,A Prison.,Conrade,PERSON,"People, including fictional"
MUCH ADO ABOUT NOTHING,4,2,A Prison.,BOTH,PERSON,"People, including fictional"
MUCH ADO ABOUT NOTHING,4,2,A Prison.,DOGBERRY,PERSON,"People, including fictional"
MUCH ADO ABOUT NOTHING,4,2,A Prison.,CONRADE,PERSON,"People, including fictional"
MUCH ADO ABOUT NOTHING,4,2,A Prison.,DOGBERRY,PERSON,"People, including fictional"
MUCH ADO ABOUT NOTHING,4,2,A Prison.,BORACHIO,PERSON,"People, including fictional"
MUCH ADO ABOUT NOTHING,4,2,A Prison.,DOGBERRY,PERSON,"People, including fictional"
MUCH ADO ABOUT NOTHING,4,2,A Prison.,Constable,TITLE,TITLE
MUCH ADO ABOUT NOTHING,4,2,A Prison.,DOGBERRY,PERSON,"People, including fictional"
MUCH ADO ABOUT NOTHING,4,2,A Prison.,Don John,PERSON,"People, including fictional"
MUCH ADO ABOUT NOTHING,4,2,A Prison.,DOGBERRY,PERSON,"People, including fictional"
MUCH ADO ABOUT NOTHING,4,2,A Prison.,BORACHIO,PERSON,"People, including fictional"
MUCH ADO ABOUT NOTHING,4,2,A Prison.,Constable,TITLE,TITLE
MUCH ADO ABOUT NOTHING,4,2,A Prison.,DOGBERRY,PERSON,"People, including fictional"
MUCH ADO ABOUT NOTHING,4,2,A Prison.,SECOND,PERSON,"People, including fictional"
MUCH ADO ABOUT NOTHING,4,2,A Prison.,Don John,PERSON,"People, including fictional"
MUCH ADO ABOUT NOTHING,4,2,A Prison.,Hero,PERSON,"People, including fictional"
MUCH ADO ABOUT NOTHING,4,2,A Prison.,DOGBERRY,PERSON,"People, including fictional"
MUCH ADO ABOUT NOTHING,4,2,A Prison.,VERGES,PERSON,"People, including fictional"
MUCH ADO ABOUT NOTHING,4,2,A Prison.,Claudio,PERSON,"People, including fictional"
MUCH ADO ABOUT NOTHING,4,2,A Prison.,Hero,PERSON,"People, including fictional"
MUCH ADO ABOUT NOTHING,4,2,A Prison.,DOGBERRY,PERSON,"People, including fictional"
MUCH ADO ABOUT NOTHING,4,2,A Prison.,SECOND,PERSON,"People, including fictional"
MUCH ADO ABOUT NOTHING,4,2,A Prison.,Hero,PERSON,"People, including fictional"
MUCH ADO ABOUT NOTHING,4,2,A Prison.,Constable,TITLE,TITLE
MUCH ADO ABOUT NOTHING,4,2,A Prison.,Leonato,PERSON,"People, including fictional"
MUCH ADO ABOUT NOTHING,4,2,A Prison.,DOGBERRY,PERSON,"People, including fictional"
MUCH ADO ABOUT NOTHING,4,2,A Prison.,VERGES,PERSON,"People, including fictional"
MUCH ADO ABOUT NOTHING,4,2,A Prison.,CONRADE,PERSON,"People, including fictional"
MUCH ADO ABOUT NOTHING,4,2,A Prison.,DOGBERRY,PERSON,"People, including fictional"
MUCH ADO ABOUT NOTHING,4,2,A Prison.,CONRADE,PERSON,"People, including fictional"
MUCH ADO ABOUT NOTHING,4,2,A Prison.,DOGBERRY,PERSON,"People, including fictional"
MUCH ADO ABOUT NOTHING,4,2,A Prison.,Messina,GPE,"Countries, cities, states"
MUCH ADO ABOUT NOTHING,5,1,Before Leonato's House.,Leonato,PERSON,"People, including fictional"
MUCH ADO ABOUT NOTHING,5,1,Before Leonato's House.,Antonio,PERSON,"People, including fictional"
MUCH ADO ABOUT NOTHING,5,1,Before Leonato's House.,ANTONIO,PERSON,"People, including fictional"
MUCH ADO ABOUT NOTHING,5,1,Before Leonato's House.,LEONATO,PERSON,"People, including fictional"
MUCH ADO ABOUT NOTHING,5,1,Before Leonato's House.,ANTONIO,PERSON,"People, including fictional"
MUCH ADO ABOUT NOTHING,5,1,Before Leonato's House.,LEONATO,PERSON,"People, including fictional"
MUCH ADO ABOUT NOTHING,5,1,Before Leonato's House.,ANTONIO,PERSON,"People, including fictional"
MUCH ADO ABOUT NOTHING,5,1,Before Leonato's House.,LEONATO,PERSON,"People, including fictional"
MUCH ADO ABOUT NOTHING,5,1,Before Leonato's House.,Hero,PERSON,"People, including fictional"
MUCH ADO ABOUT NOTHING,5,1,Before Leonato's House.,Claudio,PERSON,"People, including fictional"
MUCH ADO ABOUT NOTHING,5,1,Before Leonato's House.,ANTONIO,PERSON,"People, including fictional"
MUCH ADO ABOUT NOTHING,5,1,Before Leonato's House.,Claudio,PERSON,"People, including fictional"
MUCH ADO ABOUT NOTHING,5,1,Before Leonato's House.,Don Pedro,PERSON,"People, including fictional"
MUCH ADO ABOUT NOTHING,5,1,Before Leonato's House.,Claudio,PERSON,"People, including fictional"
MUCH ADO ABOUT NOTHING,5,1,Before Leonato's House.,DON PEDRO,PERSON,"People, including fictional"
MUCH ADO ABOUT NOTHING,5,1,Before Leonato's House.,CLAUDIO,PERSON,"People, including fictional"
MUCH ADO ABOUT NOTHING,5,1,Before Leonato's House.,LEONATO,PERSON,"People, including fictional"
MUCH ADO ABOUT NOTHING,5,1,Before Leonato's House.,DON PEDRO,PERSON,"People, including fictional"
MUCH ADO ABOUT NOTHING,5,1,Before Leonato's House.,Leonato,PERSON,"People, including fictional"
MUCH ADO ABOUT NOTHING,5,1,Before Leonato's House.,LEONATO,PERSON,"People, including fictional"
MUCH ADO ABOUT NOTHING,5,1,Before Leonato's House.,DON PEDRO,PERSON,"People, including fictional"
MUCH ADO ABOUT NOTHING,5,1,Before Leonato's House.,ANTONIO,PERSON,"People, including fictional"
MUCH ADO ABOUT NOTHING,5,1,Before Leonato's House.,CLAUDIO,PERSON,"People, including fictional"
MUCH ADO ABOUT NOTHING,5,1,Before Leonato's House.,LEONATO,PERSON,"People, including fictional"
MUCH ADO ABOUT NOTHING,5,1,Before Leonato's House.,CLAUDIO,PERSON,"People, including fictional"
MUCH ADO ABOUT NOTHING,5,1,Before Leonato's House.,LEONATO,PERSON,"People, including fictional"
MUCH ADO ABOUT NOTHING,5,1,Before Leonato's House.,Claudio,PERSON,"People, including fictional"
MUCH ADO ABOUT NOTHING,5,1,Before Leonato's House.,CLAUDIO,PERSON,"People, including fictional"
MUCH ADO ABOUT NOTHING,5,1,Before Leonato's House.,LEONATO,PERSON,"People, including fictional"
MUCH ADO ABOUT NOTHING,5,1,Before Leonato's House.,Claudio,PERSON,"People, including fictional"
MUCH ADO ABOUT NOTHING,5,1,Before Leonato's House.,DON PEDRO,PERSON,"People, including fictional"
MUCH ADO ABOUT NOTHING,5,1,Before Leonato's House.,LEONATO,PERSON,"People, including fictional"
MUCH ADO ABOUT NOTHING,5,1,Before Leonato's House.,CLAUDIO,PERSON,"People, including fictional"
MUCH ADO ABOUT NOTHING,5,1,Before Leonato's House.,LEONATO,PERSON,"People, including fictional"
MUCH ADO ABOUT NOTHING,5,1,Before Leonato's House.,boy,PERSON,"People, including fictional"
MUCH ADO ABOUT NOTHING,5,1,Before Leonato's House.,ANTONIO,PERSON,"People, including fictional"
MUCH ADO ABOUT NOTHING,5,1,Before Leonato's House.,boy,PERSON,"People, including fictional"
MUCH ADO ABOUT NOTHING,5,1,Before Leonato's House.,boy,PERSON,"People, including fictional"
MUCH ADO ABOUT NOTHING,5,1,Before Leonato's House.,boy,PERSON,"People, including fictional"
MUCH ADO ABOUT NOTHING,5,1,Before Leonato's House.,LEONATO,PERSON,"People, including fictional"
MUCH ADO ABOUT NOTHING,5,1,Before Leonato's House.,ANTONIO,PERSON,"People, including fictional"
MUCH ADO ABOUT NOTHING,5,1,Before Leonato's House.,LEONATO,PERSON,"People, including fictional"
MUCH ADO ABOUT NOTHING,5,1,Before Leonato's House.,ANTONIO,PERSON,"People, including fictional"
MUCH ADO ABOUT NOTHING,5,1,Before Leonato's House.,Scambling,PERSON,"People, including fictional"
MUCH ADO ABOUT NOTHING,5,1,Before Leonato's House.,LEONATO,PERSON,"People, including fictional"
MUCH ADO ABOUT NOTHING,5,1,Before Leonato's House.,ANTONIO,PERSON,"People, including fictional"
MUCH ADO ABOUT NOTHING,5,1,Before Leonato's House.,DON PEDRO,PERSON,"People, including fictional"
MUCH ADO ABOUT NOTHING,5,1,Before Leonato's House.,LEONATO,PERSON,"People, including fictional"
MUCH ADO ABOUT NOTHING,5,1,Before Leonato's House.,DON PEDRO,PERSON,"People, including fictional"
MUCH ADO ABOUT NOTHING,5,1,Before Leonato's House.,LEONATO,PERSON,"People, including fictional"
MUCH ADO ABOUT NOTHING,5,1,Before Leonato's House.,ANTONIO,PERSON,"People, including fictional"
MUCH ADO ABOUT NOTHING,5,1,Before Leonato's House.,Leonato,PERSON,"People, including fictional"
MUCH ADO ABOUT NOTHING,5,1,Before Leonato's House.,Antonio,PERSON,"People, including fictional"
MUCH ADO ABOUT NOTHING,5,1,Before Leonato's House.,Benedick,PERSON,"People, including fictional"
MUCH ADO ABOUT NOTHING,5,1,Before Leonato's House.,DON PEDRO,PERSON,"People, including fictional"
MUCH ADO ABOUT NOTHING,5,1,Before Leonato's House.,CLAUDIO,PERSON,"People, including fictional"
MUCH ADO ABOUT NOTHING,5,1,Before Leonato's House.,BENEDICK,PERSON,"People, including fictional"
MUCH ADO ABOUT NOTHING,5,1,Before Leonato's House.,DON PEDRO,PERSON,"People, including fictional"
MUCH ADO ABOUT NOTHING,5,1,Before Leonato's House.,CLAUDIO,PERSON,"People, including fictional"
MUCH ADO ABOUT NOTHING,5,1,Before Leonato's House.,DON PEDRO,PERSON,"People, including fictional"
MUCH ADO ABOUT NOTHING,5,1,Before Leonato's House.,Leonato,PERSON,"People, including fictional"
MUCH ADO ABOUT NOTHING,5,1,Before Leonato's House.,BENEDICK,PERSON,"People, including fictional"
MUCH ADO ABOUT NOTHING,5,1,Before Leonato's House.,CLAUDIO,PERSON,"People, including fictional"
MUCH ADO ABOUT NOTHING,5,1,Before Leonato's House.,BENEDICK,PERSON,"People, including fictional"
MUCH ADO ABOUT NOTHING,5,1,Before Leonato's House.,DON PEDRO,PERSON,"People, including fictional"
MUCH ADO ABOUT NOTHING,5,1,Before Leonato's House.,CLAUDIO,PERSON,"People, including fictional"
MUCH ADO ABOUT NOTHING,5,1,Before Leonato's House.,DON PEDRO,PERSON,"People, including fictional"
MUCH ADO ABOUT NOTHING,5,1,Before Leonato's House.,CLAUDIO,PERSON,"People, including fictional"
MUCH ADO ABOUT NOTHING,5,1,Before Leonato's House.,BENEDICK,PERSON,"People, including fictional"
MUCH ADO ABOUT NOTHING,5,1,Before Leonato's House.,CLAUDIO,PERSON,"People, including fictional"
MUCH ADO ABOUT NOTHING,5,1,Before Leonato's House.,DON PEDRO,PERSON,"People, including fictional"
MUCH ADO ABOUT NOTHING,5,1,Before Leonato's House.,CLAUDIO,PERSON,"People, including fictional"
MUCH ADO ABOUT NOTHING,5,1,Before Leonato's House.,BENEDICK,PERSON,"People, including fictional"
MUCH ADO ABOUT NOTHING,5,1,Before Leonato's House.,CLAUDIO,PERSON,"People, including fictional"
MUCH ADO ABOUT NOTHING,5,1,Before Leonato's House.,BENEDICK,PERSON,"People, including fictional"
MUCH ADO ABOUT NOTHING,5,1,Before Leonato's House.,Claudio,PERSON,"People, including fictional"
MUCH ADO ABOUT NOTHING,5,1,Before Leonato's House.,CLAUDIO,PERSON,"People, including fictional"
MUCH ADO ABOUT NOTHING,5,1,Before Leonato's House.,DON PEDRO,PERSON,"People, including fictional"
MUCH ADO ABOUT NOTHING,5,1,Before Leonato's House.,CLAUDIO,PERSON,"People, including fictional"
MUCH ADO ABOUT NOTHING,5,1,Before Leonato's House.,BENEDICK,PERSON,"People, including fictional"
MUCH ADO ABOUT NOTHING,5,1,Before Leonato's House.,DON PEDRO,PERSON,"People, including fictional"
MUCH ADO ABOUT NOTHING,5,1,Before Leonato's House.,Beatrice,PERSON,"People, including fictional"
MUCH ADO ABOUT NOTHING,5,1,Before Leonato's House.,Italy,GPE,"Countries, cities, states"
MUCH ADO ABOUT NOTHING,5,1,Before Leonato's House.,CLAUDIO,PERSON,"People, including fictional"
MUCH ADO ABOUT NOTHING,5,1,Before Leonato's House.,DON PEDRO,PERSON,"People, including fictional"
MUCH ADO ABOUT NOTHING,5,1,Before Leonato's House.,CLAUDIO,PERSON,"People, including fictional"
MUCH ADO ABOUT NOTHING,5,1,Before Leonato's House.,DON PEDRO,PERSON,"People, including fictional"
MUCH ADO ABOUT NOTHING,5,1,Before Leonato's House.,Benedick,PERSON,"People, including fictional"
MUCH ADO ABOUT NOTHING,5,1,Before Leonato's House.,CLAUDIO,PERSON,"People, including fictional"
MUCH ADO ABOUT NOTHING,5,1,Before Leonato's House.,Benedick,PERSON,"People, including fictional"
MUCH ADO ABOUT NOTHING,5,1,Before Leonato's House.,BENEDICK,PERSON,"People, including fictional"
MUCH ADO ABOUT NOTHING,5,1,Before Leonato's House.,boy,PERSON,"People, including fictional"
MUCH ADO ABOUT NOTHING,5,1,Before Leonato's House.,Messina,GPE,"Countries, cities, states"
MUCH ADO ABOUT NOTHING,5,1,Before Leonato's House.,DON PEDRO,PERSON,"People, including fictional"
MUCH ADO ABOUT NOTHING,5,1,Before Leonato's House.,CLAUDIO,PERSON,"People, including fictional"
MUCH ADO ABOUT NOTHING,5,1,Before Leonato's House.,Beatrice,PERSON,"People, including fictional"
MUCH ADO ABOUT NOTHING,5,1,Before Leonato's House.,DON PEDRO,PERSON,"People, including fictional"
MUCH ADO ABOUT NOTHING,5,1,Before Leonato's House.,CLAUDIO,PERSON,"People, including fictional"
MUCH ADO ABOUT NOTHING,5,1,Before Leonato's House.,DON PEDRO,PERSON,"People, including fictional"
MUCH ADO ABOUT NOTHING,5,1,Before Leonato's House.,CLAUDIO,PERSON,"People, including fictional"
MUCH ADO ABOUT NOTHING,5,1,Before Leonato's House.,DON PEDRO,PERSON,"People, including fictional"
MUCH ADO ABOUT NOTHING,5,1,Before Leonato's House.,Dogberry,PERSON,"People, including fictional"
MUCH ADO ABOUT NOTHING,5,1,Before Leonato's House.,Verges,PERSON,"People, including fictional"
MUCH ADO ABOUT NOTHING,5,1,Before Leonato's House.,Conrade,PERSON,"People, including fictional"
MUCH ADO ABOUT NOTHING,5,1,Before Leonato's House.,Borachio,PERSON,"People, including fictional"
MUCH ADO ABOUT NOTHING,5,1,Before Leonato's House.,DOGBERRY,PERSON,"People, including fictional"
MUCH ADO ABOUT NOTHING,5,1,Before Leonato's House.,DON PEDRO,PERSON,"People, including fictional"
MUCH ADO ABOUT NOTHING,5,1,Before Leonato's House.,Borachio,PERSON,"People, including fictional"
MUCH ADO ABOUT NOTHING,5,1,Before Leonato's House.,CLAUDIO,PERSON,"People, including fictional"
MUCH ADO ABOUT NOTHING,5,1,Before Leonato's House.,DON PEDRO,PERSON,"People, including fictional"
MUCH ADO ABOUT NOTHING,5,1,Before Leonato's House.,DOGBERRY,PERSON,"People, including fictional"
MUCH ADO ABOUT NOTHING,5,1,Before Leonato's House.,DON PEDRO,PERSON,"People, including fictional"
MUCH ADO ABOUT NOTHING,5,1,Before Leonato's House.,CLAUDIO,PERSON,"People, including fictional"
MUCH ADO ABOUT NOTHING,5,1,Before Leonato's House.,DON PEDRO,PERSON,"People, including fictional"
MUCH ADO ABOUT NOTHING,5,1,Before Leonato's House.,constable,TITLE,TITLE
MUCH ADO ABOUT NOTHING,5,1,Before Leonato's House.,BORACHIO,PERSON,"People, including fictional"
MUCH ADO ABOUT NOTHING,5,1,Before Leonato's House.,Don John,PERSON,"People, including fictional"
MUCH ADO ABOUT NOTHING,5,1,Before Leonato's House.,Hero,PERSON,"People, including fictional"
MUCH ADO ABOUT NOTHING,5,1,Before Leonato's House.,Margaret,PERSON,"People, including fictional"
MUCH ADO ABOUT NOTHING,5,1,Before Leonato's House.,Hero,PERSON,"People, including fictional"
MUCH ADO ABOUT NOTHING,5,1,Before Leonato's House.,DON PEDRO,PERSON,"People, including fictional"
MUCH ADO ABOUT NOTHING,5,1,Before Leonato's House.,CLAUDIO,PERSON,"People, including fictional"
MUCH ADO ABOUT NOTHING,5,1,Before Leonato's House.,DON PEDRO,PERSON,"People, including fictional"
MUCH ADO ABOUT NOTHING,5,1,Before Leonato's House.,BORACHIO,PERSON,"People, including fictional"
MUCH ADO ABOUT NOTHING,5,1,Before Leonato's House.,DON PEDRO,PERSON,"People, including fictional"
MUCH ADO ABOUT NOTHING,5,1,Before Leonato's House.,CLAUDIO,PERSON,"People, including fictional"
MUCH ADO ABOUT NOTHING,5,1,Before Leonato's House.,Hero,PERSON,"People, including fictional"
MUCH ADO ABOUT NOTHING,5,1,Before Leonato's House.,DOGBERRY,PERSON,"People, including fictional"
MUCH ADO ABOUT NOTHING,5,1,Before Leonato's House.,Leonato,PERSON,"People, including fictional"
MUCH ADO ABOUT NOTHING,5,1,Before Leonato's House.,VERGES,PERSON,"People, including fictional"
MUCH ADO ABOUT NOTHING,5,1,Before Leonato's House.,Leonato,PERSON,"People, including fictional"
MUCH ADO ABOUT NOTHING,5,1,Before Leonato's House.,Leonato,PERSON,"People, including fictional"
MUCH ADO ABOUT NOTHING,5,1,Before Leonato's House.,Antonio,PERSON,"People, including fictional"
MUCH ADO ABOUT NOTHING,5,1,Before Leonato's House.,LEONATO,PERSON,"People, including fictional"
MUCH ADO ABOUT NOTHING,5,1,Before Leonato's House.,BORACHIO,PERSON,"People, including fictional"
MUCH ADO ABOUT NOTHING,5,1,Before Leonato's House.,LEONATO,PERSON,"People, including fictional"
MUCH ADO ABOUT NOTHING,5,1,Before Leonato's House.,BORACHIO,PERSON,"People, including fictional"
MUCH ADO ABOUT NOTHING,5,1,Before Leonato's House.,LEONATO,PERSON,"People, including fictional"
MUCH ADO ABOUT NOTHING,5,1,Before Leonato's House.,CLAUDIO,PERSON,"People, including fictional"
MUCH ADO ABOUT NOTHING,5,1,Before Leonato's House.,DON PEDRO,PERSON,"People, including fictional"
MUCH ADO ABOUT NOTHING,5,1,Before Leonato's House.,LEONATO,PERSON,"People, including fictional"
MUCH ADO ABOUT NOTHING,5,1,Before Leonato's House.,Messina,GPE,"Countries, cities, states"
MUCH ADO ABOUT NOTHING,5,1,Before Leonato's House.,CLAUDIO,PERSON,"People, including fictional"
MUCH ADO ABOUT NOTHING,5,1,Before Leonato's House.,Claudio,PERSON,"People, including fictional"
MUCH ADO ABOUT NOTHING,5,1,Before Leonato's House.,LEONATO,PERSON,"People, including fictional"
MUCH ADO ABOUT NOTHING,5,1,Before Leonato's House.,Margaret,PERSON,"People, including fictional"
MUCH ADO ABOUT NOTHING,5,1,Before Leonato's House.,BORACHIO,PERSON,"People, including fictional"
MUCH ADO ABOUT NOTHING,5,1,Before Leonato's House.,DOGBERRY,PERSON,"People, including fictional"
MUCH ADO ABOUT NOTHING,5,1,Before Leonato's House.,LEONATO,PERSON,"People, including fictional"
MUCH ADO ABOUT NOTHING,5,1,Before Leonato's House.,DOGBERRY,PERSON,"People, including fictional"
MUCH ADO ABOUT NOTHING,5,1,Before Leonato's House.,LEONATO,PERSON,"People, including fictional"
MUCH ADO ABOUT NOTHING,5,1,Before Leonato's House.,DOGBERRY,PERSON,"People, including fictional"
MUCH ADO ABOUT NOTHING,5,1,Before Leonato's House.,LEONATO,PERSON,"People, including fictional"
MUCH ADO ABOUT NOTHING,5,1,Before Leonato's House.,DOGBERRY,PERSON,"People, including fictional"
MUCH ADO ABOUT NOTHING,5,1,Before Leonato's House.,Dogberry,PERSON,"People, including fictional"
MUCH ADO ABOUT NOTHING,5,1,Before Leonato's House.,Verges,PERSON,"People, including fictional"
MUCH ADO ABOUT NOTHING,5,1,Before Leonato's House.,LEONATO,PERSON,"People, including fictional"
MUCH ADO ABOUT NOTHING,5,1,Before Leonato's House.,lords,PERSON,"People, including fictional"
MUCH ADO ABOUT NOTHING,5,1,Before Leonato's House.,ANTONIO,PERSON,"People, including fictional"
MUCH ADO ABOUT NOTHING,5,1,Before Leonato's House.,DON PEDRO,PERSON,"People, including fictional"
MUCH ADO ABOUT NOTHING,5,1,Before Leonato's House.,CLAUDIO,PERSON,"People, including fictional"
MUCH ADO ABOUT NOTHING,5,1,Before Leonato's House.,Hero,PERSON,"People, including fictional"
MUCH ADO ABOUT NOTHING,5,1,Before Leonato's House.,Don Pedro,PERSON,"People, including fictional"
MUCH ADO ABOUT NOTHING,5,1,Before Leonato's House.,Claudio,PERSON,"People, including fictional"
MUCH ADO ABOUT NOTHING,5,1,Before Leonato's House.,LEONATO,PERSON,"People, including fictional"
MUCH ADO ABOUT NOTHING,5,1,Before Leonato's House.,Margaret,PERSON,"People, including fictional"
MUCH ADO ABOUT NOTHING,5,2,Leonato's Garden.,Benedick,PERSON,"People, including fictional"
MUCH ADO ABOUT NOTHING,5,2,Leonato's Garden.,Margaret,PERSON,"People, including fictional"
MUCH ADO ABOUT NOTHING,5,2,Leonato's Garden.,BENEDICK,PERSON,"People, including fictional"
MUCH ADO ABOUT NOTHING,5,2,Leonato's Garden.,Margaret,PERSON,"People, including fictional"
MUCH ADO ABOUT NOTHING,5,2,Leonato's Garden.,Beatrice,PERSON,"People, including fictional"
MUCH ADO ABOUT NOTHING,5,2,Leonato's Garden.,MARGARET,PERSON,"People, including fictional"
MUCH ADO ABOUT NOTHING,5,2,Leonato's Garden.,BENEDICK,PERSON,"People, including fictional"
MUCH ADO ABOUT NOTHING,5,2,Leonato's Garden.,Margaret,PERSON,"People, including fictional"
MUCH ADO ABOUT NOTHING,5,2,Leonato's Garden.,MARGARET,PERSON,"People, including fictional"
MUCH ADO ABOUT NOTHING,5,2,Leonato's Garden.,BENEDICK,PERSON,"People, including fictional"
MUCH ADO ABOUT NOTHING,5,2,Leonato's Garden.,MARGARET,PERSON,"People, including fictional"
MUCH ADO ABOUT NOTHING,5,2,Leonato's Garden.,BENEDICK,PERSON,"People, including fictional"
MUCH ADO ABOUT NOTHING,5,2,Leonato's Garden.,Margaret,PERSON,"People, including fictional"
MUCH ADO ABOUT NOTHING,5,2,Leonato's Garden.,Beatrice,PERSON,"People, including fictional"
MUCH ADO ABOUT NOTHING,5,2,Leonato's Garden.,MARGARET,PERSON,"People, including fictional"
MUCH ADO ABOUT NOTHING,5,2,Leonato's Garden.,BENEDICK,PERSON,"People, including fictional"
MUCH ADO ABOUT NOTHING,5,2,Leonato's Garden.,Margaret,PERSON,"People, including fictional"
MUCH ADO ABOUT NOTHING,5,2,Leonato's Garden.,MARGARET,PERSON,"People, including fictional"
MUCH ADO ABOUT NOTHING,5,2,Leonato's Garden.,Beatrice,PERSON,"People, including fictional"
MUCH ADO ABOUT NOTHING,5,2,Leonato's Garden.,BENEDICK,PERSON,"People, including fictional"
MUCH ADO ABOUT NOTHING,5,2,Leonato's Garden.,Margaret,PERSON,"People, including fictional"
MUCH ADO ABOUT NOTHING,5,2,Leonato's Garden.,Leander,PERSON,"People, including fictional"
MUCH ADO ABOUT NOTHING,5,2,Leonato's Garden.,Troilus,PERSON,"People, including fictional"
MUCH ADO ABOUT NOTHING,5,2,Leonato's Garden.,Beatrice,PERSON,"People, including fictional"
MUCH ADO ABOUT NOTHING,5,2,Leonato's Garden.,Beatrice,PERSON,"People, including fictional"
MUCH ADO ABOUT NOTHING,5,2,Leonato's Garden.,BEATRICE,PERSON,"People, including fictional"
MUCH ADO ABOUT NOTHING,5,2,Leonato's Garden.,BENEDICK,PERSON,"People, including fictional"
MUCH ADO ABOUT NOTHING,5,2,Leonato's Garden.,BEATRICE,PERSON,"People, including fictional"
MUCH ADO ABOUT NOTHING,5,2,Leonato's Garden.,Claudio,PERSON,"People, including fictional"
MUCH ADO ABOUT NOTHING,5,2,Leonato's Garden.,BENEDICK,PERSON,"People, including fictional"
MUCH ADO ABOUT NOTHING,5,2,Leonato's Garden.,BEATRICE,PERSON,"People, including fictional"
MUCH ADO ABOUT NOTHING,5,2,Leonato's Garden.,BENEDICK,PERSON,"People, including fictional"
MUCH ADO ABOUT NOTHING,5,2,Leonato's Garden.,Claudio,PERSON,"People, including fictional"
MUCH ADO ABOUT NOTHING,5,2,Leonato's Garden.,BEATRICE,PERSON,"People, including fictional"
MUCH ADO ABOUT NOTHING,5,2,Leonato's Garden.,BENEDICK,PERSON,"People, including fictional"
MUCH ADO ABOUT NOTHING,5,2,Leonato's Garden.,BEATRICE,PERSON,"People, including fictional"
MUCH ADO ABOUT NOTHING,5,2,Leonato's Garden.,BENEDICK,PERSON,"People, including fictional"
MUCH ADO ABOUT NOTHING,5,2,Leonato's Garden.,BEATRICE,PERSON,"People, including fictional"
MUCH ADO ABOUT NOTHING,5,2,Leonato's Garden.,BENEDICK,PERSON,"People, including fictional"
MUCH ADO ABOUT NOTHING,5,2,Leonato's Garden.,Beatrice,PERSON,"People, including fictional"
MUCH ADO ABOUT NOTHING,5,2,Leonato's Garden.,BEATRICE,PERSON,"People, including fictional"
MUCH ADO ABOUT NOTHING,5,2,Leonato's Garden.,BENEDICK,PERSON,"People, including fictional"
MUCH ADO ABOUT NOTHING,5,2,Leonato's Garden.,Don Worm,PERSON,"People, including fictional"
MUCH ADO ABOUT NOTHING,5,2,Leonato's Garden.,BEATRICE,PERSON,"People, including fictional"
MUCH ADO ABOUT NOTHING,5,2,Leonato's Garden.,BENEDICK,PERSON,"People, including fictional"
MUCH ADO ABOUT NOTHING,5,2,Leonato's Garden.,BEATRICE,PERSON,"People, including fictional"
MUCH ADO ABOUT NOTHING,5,2,Leonato's Garden.,BENEDICK,PERSON,"People, including fictional"
MUCH ADO ABOUT NOTHING,5,2,Leonato's Garden.,Ursula,PERSON,"People, including fictional"
MUCH ADO ABOUT NOTHING,5,2,Leonato's Garden.,URSULA,PERSON,"People, including fictional"
MUCH ADO ABOUT NOTHING,5,2,Leonato's Garden.,Hero,PERSON,"People, including fictional"
MUCH ADO ABOUT NOTHING,5,2,Leonato's Garden.,Claudio,PERSON,"People, including fictional"
MUCH ADO ABOUT NOTHING,5,2,Leonato's Garden.,Don John,PERSON,"People, including fictional"
MUCH ADO ABOUT NOTHING,5,2,Leonato's Garden.,BEATRICE,PERSON,"People, including fictional"
MUCH ADO ABOUT NOTHING,5,2,Leonato's Garden.,BENEDICK,PERSON,"People, including fictional"
MUCH ADO ABOUT NOTHING,5,3,The Inside of a Church.,Don Pedro,PERSON,"People, including fictional"
MUCH ADO ABOUT NOTHING,5,3,The Inside of a Church.,Claudio,PERSON,"People, including fictional"
MUCH ADO ABOUT NOTHING,5,3,The Inside of a Church.,CLAUDIO,PERSON,"People, including fictional"
MUCH ADO ABOUT NOTHING,5,3,The Inside of a Church.,Leonato,PERSON,"People, including fictional"
MUCH ADO ABOUT NOTHING,5,3,The Inside of a Church.,CLAUDIO,PERSON,"People, including fictional"
MUCH ADO ABOUT NOTHING,5,3,The Inside of a Church.,Epitaph,PERSON,"People, including fictional"
MUCH ADO ABOUT NOTHING,5,3,The Inside of a Church.,Hero,PERSON,"People, including fictional"
MUCH ADO ABOUT NOTHING,5,3,The Inside of a Church.,Graves,PERSON,"People, including fictional"
MUCH ADO ABOUT NOTHING,5,3,The Inside of a Church.,CLAUDIO,PERSON,"People, including fictional"
MUCH ADO ABOUT NOTHING,5,3,The Inside of a Church.,DON PEDRO,PERSON,"People, including fictional"
MUCH ADO ABOUT NOTHING,5,3,The Inside of a Church.,Phoebus,PERSON,"People, including fictional"
MUCH ADO ABOUT NOTHING,5,3,The Inside of a Church.,CLAUDIO,PERSON,"People, including fictional"
MUCH ADO ABOUT NOTHING,5,3,The Inside of a Church.,DON PEDRO,PERSON,"People, including fictional"
MUCH ADO ABOUT NOTHING,5,3,The Inside of a Church.,Leonato,PERSON,"People, including fictional"
MUCH ADO ABOUT NOTHING,5,3,The Inside of a Church.,CLAUDIO,PERSON,"People, including fictional"
MUCH ADO ABOUT NOTHING,5,4,A Room in Leonato's House.,Leonato,PERSON,"People, including fictional"
MUCH ADO ABOUT NOTHING,5,4,A Room in Leonato's House.,Antonio,PERSON,"People, including fictional"
MUCH ADO ABOUT NOTHING,5,4,A Room in Leonato's House.,Benedick,PERSON,"People, including fictional"
MUCH ADO ABOUT NOTHING,5,4,A Room in Leonato's House.,Beatrice,PERSON,"People, including fictional"
MUCH ADO ABOUT NOTHING,5,4,A Room in Leonato's House.,Margaret,PERSON,"People, including fictional"
MUCH ADO ABOUT NOTHING,5,4,A Room in Leonato's House.,Ursula,PERSON,"People, including fictional"
MUCH ADO ABOUT NOTHING,5,4,A Room in Leonato's House.,Friar Francis,PERSON,"People, including fictional"
MUCH ADO ABOUT NOTHING,5,4,A Room in Leonato's House.,Hero,PERSON,"People, including fictional"
MUCH ADO ABOUT NOTHING,5,4,A Room in Leonato's House.,FRIAR,PERSON,"People, including fictional"
MUCH ADO ABOUT NOTHING,5,4,A Room in Leonato's House.,LEONATO,PERSON,"People, including fictional"
MUCH ADO ABOUT NOTHING,5,4,A Room in Leonato's House.,Claudio,PERSON,"People, including fictional"
MUCH ADO ABOUT NOTHING,5,4,A Room in Leonato's House.,Margaret,PERSON,"People, including fictional"
MUCH ADO ABOUT NOTHING,5,4,A Room in Leonato's House.,ANTONIO,PERSON,"People, including fictional"
MUCH ADO ABOUT NOTHING,5,4,A Room in Leonato's House.,BENEDICK,PERSON,"People, including fictional"
MUCH ADO ABOUT NOTHING,5,4,A Room in Leonato's House.,Claudio,PERSON,"People, including fictional"
MUCH ADO ABOUT NOTHING,5,4,A Room in Leonato's House.,LEONATO,PERSON,"People, including fictional"
MUCH ADO ABOUT NOTHING,5,4,A Room in Leonato's House.,Claudio,PERSON,"People, including fictional"
MUCH ADO ABOUT NOTHING,5,4,A Room in Leonato's House.,Claudio,PERSON,"People, including fictional"
MUCH ADO ABOUT NOTHING,5,4,A Room in Leonato's House.,ANTONIO,PERSON,"People, including fictional"
MUCH ADO ABOUT NOTHING,5,4,A Room in Leonato's House.,BENEDICK,PERSON,"People, including fictional"
MUCH ADO ABOUT NOTHING,5,4,A Room in Leonato's House.,Friar,TITLE,TITLE
MUCH ADO ABOUT NOTHING,5,4,A Room in Leonato's House.,FRIAR,PERSON,"People, including fictional"
MUCH ADO ABOUT NOTHING,5,4,A Room in Leonato's House.,BENEDICK,PERSON,"People, including fictional"
MUCH ADO ABOUT NOTHING,5,4,A Room in Leonato's House.,Leonato,PERSON,"People, including fictional"
MUCH ADO ABOUT NOTHING,5,4,A Room in Leonato's House.,LEONATO,PERSON,"People, including fictional"
MUCH ADO ABOUT NOTHING,5,4,A Room in Leonato's House.,BENEDICK,PERSON,"People, including fictional"
MUCH ADO ABOUT NOTHING,5,4,A Room in Leonato's House.,LEONATO,PERSON,"People, including fictional"
MUCH ADO ABOUT NOTHING,5,4,A Room in Leonato's House.,Claudio,PERSON,"People, including fictional"
MUCH ADO ABOUT NOTHING,5,4,A Room in Leonato's House.,BENEDICK,PERSON,"People, including fictional"
MUCH ADO ABOUT NOTHING,5,4,A Room in Leonato's House.,friar,TITLE,TITLE
MUCH ADO ABOUT NOTHING,5,4,A Room in Leonato's House.,LEONATO,PERSON,"People, including fictional"
MUCH ADO ABOUT NOTHING,5,4,A Room in Leonato's House.,FRIAR,PERSON,"People, including fictional"
MUCH ADO ABOUT NOTHING,5,4,A Room in Leonato's House.,Claudio,PERSON,"People, including fictional"
MUCH ADO ABOUT NOTHING,5,4,A Room in Leonato's House.,Don Pedro,PERSON,"People, including fictional"
MUCH ADO ABOUT NOTHING,5,4,A Room in Leonato's House.,Claudio,PERSON,"People, including fictional"
MUCH ADO ABOUT NOTHING,5,4,A Room in Leonato's House.,DON PEDRO,PERSON,"People, including fictional"
MUCH ADO ABOUT NOTHING,5,4,A Room in Leonato's House.,LEONATO,PERSON,"People, including fictional"
MUCH ADO ABOUT NOTHING,5,4,A Room in Leonato's House.,Claudio,PERSON,"People, including fictional"
MUCH ADO ABOUT NOTHING,5,4,A Room in Leonato's House.,CLAUDIO,PERSON,"People, including fictional"
MUCH ADO ABOUT NOTHING,5,4,A Room in Leonato's House.,LEONATO,PERSON,"People, including fictional"
MUCH ADO ABOUT NOTHING,5,4,A Room in Leonato's House.,friar,TITLE,TITLE
MUCH ADO ABOUT NOTHING,5,4,A Room in Leonato's House.,Antonio,PERSON,"People, including fictional"
MUCH ADO ABOUT NOTHING,5,4,A Room in Leonato's House.,DON PEDRO,PERSON,"People, including fictional"
MUCH ADO ABOUT NOTHING,5,4,A Room in Leonato's House.,Benedick,PERSON,"People, including fictional"
MUCH ADO ABOUT NOTHING,5,4,A Room in Leonato's House.,CLAUDIO,PERSON,"People, including fictional"
MUCH ADO ABOUT NOTHING,5,4,A Room in Leonato's House.,Jove,PERSON,"People, including fictional"
MUCH ADO ABOUT NOTHING,5,4,A Room in Leonato's House.,BENEDICK,PERSON,"People, including fictional"
MUCH ADO ABOUT NOTHING,5,4,A Room in Leonato's House.,Jove,PERSON,"People, including fictional"
MUCH ADO ABOUT NOTHING,5,4,A Room in Leonato's House.,CLAUDIO,PERSON,"People, including fictional"
MUCH ADO ABOUT NOTHING,5,4,A Room in Leonato's House.,Antonio,PERSON,"People, including fictional"
MUCH ADO ABOUT NOTHING,5,4,A Room in Leonato's House.,ANTONIO,PERSON,"People, including fictional"
MUCH ADO ABOUT NOTHING,5,4,A Room in Leonato's House.,CLAUDIO,PERSON,"People, including fictional"
MUCH ADO ABOUT NOTHING,5,4,A Room in Leonato's House.,LEONATO,PERSON,"People, including fictional"
MUCH ADO ABOUT NOTHING,5,4,A Room in Leonato's House.,friar,TITLE,TITLE
MUCH ADO ABOUT NOTHING,5,4,A Room in Leonato's House.,CLAUDIO,PERSON,"People, including fictional"
MUCH ADO ABOUT NOTHING,5,4,A Room in Leonato's House.,friar,TITLE,TITLE
MUCH ADO ABOUT NOTHING,5,4,A Room in Leonato's House.,HERO,PERSON,"People, including fictional"
MUCH ADO ABOUT NOTHING,5,4,A Room in Leonato's House.,CLAUDIO,PERSON,"People, including fictional"
MUCH ADO ABOUT NOTHING,5,4,A Room in Leonato's House.,Hero,PERSON,"People, including fictional"
MUCH ADO ABOUT NOTHING,5,4,A Room in Leonato's House.,HERO,PERSON,"People, including fictional"
MUCH ADO ABOUT NOTHING,5,4,A Room in Leonato's House.,Hero,PERSON,"People, including fictional"
MUCH ADO ABOUT NOTHING,5,4,A Room in Leonato's House.,DON PEDRO,PERSON,"People, including fictional"
MUCH ADO ABOUT NOTHING,5,4,A Room in Leonato's House.,Hero,PERSON,"People, including fictional"
MUCH ADO ABOUT NOTHING,5,4,A Room in Leonato's House.,Hero,PERSON,"People, including fictional"
MUCH ADO ABOUT NOTHING,5,4,A Room in Leonato's House.,LEONATO,PERSON,"People, including fictional"
MUCH ADO ABOUT NOTHING,5,4,A Room in Leonato's House.,FRIAR,PERSON,"People, including fictional"
MUCH ADO ABOUT NOTHING,5,4,A Room in Leonato's House.,Hero,PERSON,"People, including fictional"
MUCH ADO ABOUT NOTHING,5,4,A Room in Leonato's House.,BENEDICK,PERSON,"People, including fictional"
MUCH ADO ABOUT NOTHING,5,4,A Room in Leonato's House.,friar,TITLE,TITLE
MUCH ADO ABOUT NOTHING,5,4,A Room in Leonato's House.,Beatrice,PERSON,"People, including fictional"
MUCH ADO ABOUT NOTHING,5,4,A Room in Leonato's House.,BEATRICE,PERSON,"People, including fictional"
MUCH ADO ABOUT NOTHING,5,4,A Room in Leonato's House.,BENEDICK,PERSON,"People, including fictional"
MUCH ADO ABOUT NOTHING,5,4,A Room in Leonato's House.,BEATRICE,PERSON,"People, including fictional"
MUCH ADO ABOUT NOTHING,5,4,A Room in Leonato's House.,BENEDICK,PERSON,"People, including fictional"
MUCH ADO ABOUT NOTHING,5,4,A Room in Leonato's House.,Claudio,PERSON,"People, including fictional"
MUCH ADO ABOUT NOTHING,5,4,A Room in Leonato's House.,BEATRICE,PERSON,"People, including fictional"
MUCH ADO ABOUT NOTHING,5,4,A Room in Leonato's House.,BENEDICK,PERSON,"People, including fictional"
MUCH ADO ABOUT NOTHING,5,4,A Room in Leonato's House.,BEATRICE,PERSON,"People, including fictional"
MUCH ADO ABOUT NOTHING,5,4,A Room in Leonato's House.,Margaret,PERSON,"People, including fictional"
MUCH ADO ABOUT NOTHING,5,4,A Room in Leonato's House.,Ursula,PERSON,"People, including fictional"
MUCH ADO ABOUT NOTHING,5,4,A Room in Leonato's House.,BENEDICK,PERSON,"People, including fictional"
MUCH ADO ABOUT NOTHING,5,4,A Room in Leonato's House.,BEATRICE,PERSON,"People, including fictional"
MUCH ADO ABOUT NOTHING,5,4,A Room in Leonato's House.,BENEDICK,PERSON,"People, including fictional"
MUCH ADO ABOUT NOTHING,5,4,A Room in Leonato's House.,BEATRICE,PERSON,"People, including fictional"
MUCH ADO ABOUT NOTHING,5,4,A Room in Leonato's House.,LEONATO,PERSON,"People, including fictional"
MUCH ADO ABOUT NOTHING,5,4,A Room in Leonato's House.,CLAUDIO,PERSON,"People, including fictional"
MUCH ADO ABOUT NOTHING,5,4,A Room in Leonato's House.,Beatrice,PERSON,"People, including fictional"
MUCH ADO ABOUT NOTHING,5,4,A Room in Leonato's House.,HERO,PERSON,"People, including fictional"
MUCH ADO ABOUT NOTHING,5,4,A Room in Leonato's House.,Benedick,PERSON,"People, including fictional"
MUCH ADO ABOUT NOTHING,5,4,A Room in Leonato's House.,BENEDICK,PERSON,"People, including fictional"
MUCH ADO ABOUT NOTHING,5,4,A Room in Leonato's House.,BEATRICE,PERSON,"People, including fictional"
MUCH ADO ABOUT NOTHING,5,4,A Room in Leonato's House.,BENEDICK,PERSON,"People, including fictional"
MUCH ADO ABOUT NOTHING,5,4,A Room in Leonato's House.,Kisses,PERSON,"People, including fictional"
MUCH ADO ABOUT NOTHING,5,4,A Room in Leonato's House.,DON PEDRO,PERSON,"People, including fictional"
MUCH ADO ABOUT NOTHING,5,4,A Room in Leonato's House.,Benedick,PERSON,"People, including fictional"
MUCH ADO ABOUT NOTHING,5,4,A Room in Leonato's House.,BENEDICK,PERSON,"People, including fictional"
MUCH ADO ABOUT NOTHING,5,4,A Room in Leonato's House.,Claudio,PERSON,"People, including fictional"
MUCH ADO ABOUT NOTHING,5,4,A Room in Leonato's House.,CLAUDIO,PERSON,"People, including fictional"
MUCH ADO ABOUT NOTHING,5,4,A Room in Leonato's House.,Beatrice,PERSON,"People, including fictional"
MUCH ADO ABOUT NOTHING,5,4,A Room in Leonato's House.,BENEDICK,PERSON,"People, including fictional"
MUCH ADO ABOUT NOTHING,5,4,A Room in Leonato's House.,LEONATO,PERSON,"People, including fictional"
MUCH ADO ABOUT NOTHING,5,4,A Room in Leonato's House.,BENEDICK,PERSON,"People, including fictional"
MUCH ADO ABOUT NOTHING,5,4,A Room in Leonato's House.,MESSENGER,PERSON,"People, including fictional"
MUCH ADO ABOUT NOTHING,5,4,A Room in Leonato's House.,Messina,GPE,"Countries, cities, states"
MUCH ADO ABOUT NOTHING,5,4,A Room in Leonato's House.,BENEDICK,PERSON,"People, including fictional"
