play,act,scene,speaker,original_sentence,pronoun,resolved_to,resolved_sentence,gender_group,resolution_source
MACBETH,1,2,DUNCAN,"He can report, As seemeth by his plight, of the revolt The newest state.",He,MALCOLM,"MALCOLM can report, As seemeth by his plight, of the revolt The newest state.",male,relationship-graph
MACBETH,1,2,DUNCAN,"So well thy words become thee as thy wounds: They smack of honour both.—Go, get him surgeons.",him,MALCOLM,"So well thy words become thee as thy wounds: They smack of honour both.—Go, get MALCOLM surgeons.",male,relationship-graph
MACBETH,1,2,ROSS,"Norway himself, with terrible numbers, Assisted by that most disloyal traitor, The Thane of Cawdor, began a dismal confl",himself,DUNCAN,"Norway DUNCAN, with terrible numbers, Assisted by that most disloyal traitor, The Thane of Cawdor, began a dismal confli",male,relationship-graph
MACBETH,1,2,ROSS,"Norway himself, with terrible numbers, Assisted by that most disloyal traitor, The Thane of Cawdor, began a dismal confl",him,DUNCAN,"Norway DUNCAN, with terrible numbers, Assisted by that most disloyal traitor, The Thane of Cawdor, began a dismal confli",male,relationship-graph
MACBETH,1,2,ROSS,"That now Sweno, the Norways' king, craves composition; Nor would we deign him burial of his men Till he disbursed at Sai",him,DUNCAN,"That now Sweno, the Norways' king, craves composition; Nor would we deign DUNCAN burial of his men Till he disbursed at ",male,relationship-graph
MACBETH,1,2,ROSS,"That now Sweno, the Norways' king, craves composition; Nor would we deign him burial of his men Till he disbursed at Sai",he,DUNCAN,"That now Sweno, the Norways' king, craves composition; Nor would we deign DUNCAN burial of his men Till DUNCAN disbursed",male,relationship-graph
MACBETH,1,2,DUNCAN,"What he hath lost, noble Macbeth hath won.",he,MALCOLM,"What MALCOLM hath lost, noble Macbeth hath won.",male,relationship-graph
MACBETH,1,3,BANQUO,"My noble partner You greet with present grace and great prediction Of noble having and of royal hope, That he seems rapt",he,FLEANCE,"My noble partner You greet with present grace and great prediction Of noble having and of royal hope, That FLEANCE seems",male,relationship-graph
MACBETH,1,3,ROSS,"when he reads Thy personal venture in the rebels' fight, His wonders and his praises do contend Which should be thine or",he,DUNCAN,"when DUNCAN reads Thy personal venture in the rebels' fight, His wonders and his praises do contend Which should be thin",male,relationship-graph
MACBETH,1,3,ROSS,"when he reads Thy personal venture in the rebels' fight, His wonders and his praises do contend Which should be thine or",He,DUNCAN,"when DUNCAN reads Thy personal venture in the rebels' fight, His wonders and his praises do contend Which should be thin",male,relationship-graph
MACBETH,1,3,ROSS,"As thick as tale Came post with post; and everyone did bear Thy praises in his kingdom's great defence, And pour'd them ",him,DUNCAN,"As thick as tale Came post with post; and everyone did bear Thy praises in his kingdom's great defence, And pour'd them ",male,relationship-graph
MACBETH,1,3,ROSS,"And, for an earnest of a greater honour, He bade me, from him, call thee Thane of Cawdor: In which addition, hail, most ",He,DUNCAN,"And, for an earnest of a greater honour, DUNCAN bade me, from him, call thee Thane of Cawdor: In which addition, hail, m",male,relationship-graph
MACBETH,1,3,ROSS,"And, for an earnest of a greater honour, He bade me, from him, call thee Thane of Cawdor: In which addition, hail, most ",him,DUNCAN,"And, for an earnest of a greater honour, DUNCAN bade me, from DUNCAN, call thee Thane of Cawdor: In which addition, hail",male,relationship-graph
MACBETH,1,3,BANQUO,"New honours come upon him, Like our strange garments, cleave not to their mould",him,FLEANCE,"New honours come upon FLEANCE, Like our strange garments, cleave not to their mould",male,relationship-graph
MACBETH,1,4,MALCOLM,"But I have spoke With one that saw him die, who did report, That very frankly he confess'd his treasons, Implor'd your H",him,DUNCAN,"But I have spoke With one that saw DUNCAN die, who did report, That very frankly he confess'd his treasons, Implor'd you",male,relationship-graph
MACBETH,1,4,MALCOLM,"But I have spoke With one that saw him die, who did report, That very frankly he confess'd his treasons, Implor'd your H",he,DUNCAN,"But I have spoke With one that saw DUNCAN die, who did report, That very frankly DUNCAN confess'd his treasons, Implor'd",male,relationship-graph
MACBETH,1,4,MALCOLM,"Nothing in his life Became him like the leaving it; he died As one that had been studied in his death, To throw away the",him,DUNCAN,"Nothing in his life Became DUNCAN like the leaving it; he died As one that had been studied in his death, To throw away ",male,relationship-graph
MACBETH,1,4,MALCOLM,"Nothing in his life Became him like the leaving it; he died As one that had been studied in his death, To throw away the",he,DUNCAN,"Nothing in his life Became DUNCAN like the leaving it; DUNCAN died As one that had been studied in his death, To throw a",male,relationship-graph
MACBETH,1,4,MALCOLM,"Nothing in his life Became him like the leaving it; he died As one that had been studied in his death, To throw away the",he,DUNCAN,"Nothing in his life Became DUNCAN like the leaving it; DUNCAN died As one that had been studied in his death, To throw a",male,relationship-graph
MACBETH,1,4,DUNCAN,There's no art To find the mind's construction in the face: He was a gentleman on whom I built An absolute trust.,He,MALCOLM,There's no art To find the mind's construction in the face: MALCOLM was a gentleman on whom I built An absolute trust.,male,relationship-graph
MACBETH,1,4,DUNCAN,"My plenteous joys, Wanton in fulness, seek to hide themselves In drops of sorrow.—Sons, kinsmen, thanes, And you whose p",him,MALCOLM,"My plenteous joys, Wanton in fulness, seek to hide themselves In drops of sorrow.—Sons, kinsmen, thanes, And you whose p",male,relationship-graph
MACBETH,1,4,DUNCAN,He is full so valiant; And in his commendations I am fed.,He,MALCOLM,MALCOLM is full so valiant; And in his commendations I am fed.,male,relationship-graph
MACBETH,1,4,DUNCAN,"Let's after him, Whose care is gone before to bid us welcome: It is a peerless kinsman.",him,MALCOLM,"Let's after MALCOLM, Whose care is gone before to bid us welcome: It is a peerless kinsman.",male,relationship-graph
MACBETH,1,5,LADY MACBETH,Is not thy master with him?,him,MACBETH,Is not thy master with MACBETH?,male,relationship-graph
MACBETH,1,5,LADY MACBETH,Give him tending.,him,MACBETH,Give MACBETH tending.,male,relationship-graph
MACBETH,1,5,LADY MACBETH,He brings great news.,He,MACBETH,MACBETH brings great news.,male,relationship-graph
MACBETH,1,5,LADY MACBETH,The raven himself is hoarse That croaks the fatal entrance of Duncan Under my battlements.,himself,MACBETH,The raven MACBETH is hoarse That croaks the fatal entrance of Duncan Under my battlements.,male,relationship-graph
MACBETH,1,5,MACBETH,"Tomorrow, as he purposes.",he,LADY MACBETH,"Tomorrow, as LADY MACBETH purposes.",male,relationship-graph
MACBETH,1,5,LADY MACBETH,He that's coming Must be provided for; and you shall put This night's great business into my dispatch; Which shall to al,He,MACBETH,MACBETH that's coming Must be provided for; and you shall put This night's great business into my dispatch; Which shall ,male,relationship-graph
MACBETH,1,6,DUNCAN,"We cours'd him at the heels, and had a purpose To be his purveyor: but he rides well; And his great love, sharp as his s",him,MALCOLM,"We cours'd MALCOLM at the heels, and had a purpose To be his purveyor: but he rides well; And his great love, sharp as h",male,relationship-graph
MACBETH,1,6,DUNCAN,"We cours'd him at the heels, and had a purpose To be his purveyor: but he rides well; And his great love, sharp as his s",he,MALCOLM,"We cours'd MALCOLM at the heels, and had a purpose To be his purveyor: but MALCOLM rides well; And his great love, sharp",male,relationship-graph
MACBETH,1,6,DUNCAN,"We cours'd him at the heels, and had a purpose To be his purveyor: but he rides well; And his great love, sharp as his s",him,MALCOLM,"We cours'd MALCOLM at the heels, and had a purpose To be his purveyor: but MALCOLM rides well; And his great love, sharp",male,relationship-graph
MACBETH,1,6,DUNCAN,"Give me your hand; Conduct me to mine host: we love him highly, And shall continue our graces towards him.",him,MALCOLM,"Give me your hand; Conduct me to mine host: we love MALCOLM highly, And shall continue our graces towards him.",male,relationship-graph
MACBETH,1,6,DUNCAN,"Give me your hand; Conduct me to mine host: we love him highly, And shall continue our graces towards him.",him,MALCOLM,"Give me your hand; Conduct me to mine host: we love MALCOLM highly, And shall continue our graces towards MALCOLM.",male,relationship-graph
MACBETH,1,7,MACBETH,He's here in double trust:,He,LADY MACBETH,LADY MACBETH's here in double trust:,male,relationship-graph
MACBETH,1,7,LADY MACBETH,He has almost supp'd.,He,MACBETH,MACBETH has almost supp'd.,male,relationship-graph
MACBETH,1,7,MACBETH,Hath he ask'd for me?,he,LADY MACBETH,Hath LADY MACBETH ask'd for me?,male,relationship-graph
MACBETH,1,7,LADY MACBETH,Know you not he has?,he,MACBETH,Know you not MACBETH has?,male,relationship-graph
MACBETH,1,7,MACBETH,We will proceed no further in this business: He hath honour'd me of late; and I have bought Golden opinions from all sor,He,LADY MACBETH,We will proceed no further in this business: LADY MACBETH hath honour'd me of late; and I have bought Golden opinions fr,male,relationship-graph
MACBETH,1,7,LADY MACBETH,"When Duncan is asleep (Whereto the rather shall his day's hard journey Soundly invite him), his two chamberlains Will I ",him,MACBETH,"When Duncan is asleep (Whereto the rather shall his day's hard journey Soundly invite MACBETH), his two chamberlains Wil",male,relationship-graph
MACBETH,2,1,BANQUO,The King's abed: He hath been in unusual pleasure and Sent forth great largess to your offices.,He,FLEANCE,The King's abed: FLEANCE hath been in unusual pleasure and Sent forth great largess to your offices.,male,relationship-graph
MACBETH,2,1,BANQUO,"This diamond he greets your wife withal, By the name of most kind hostess, and shut up In measureless content.",he,FLEANCE,"This diamond FLEANCE greets your wife withal, By the name of most kind hostess, and shut up In measureless content.",male,relationship-graph
MACBETH,2,1,MACBETH,"Witchcraft celebrates Pale Hecate's off'rings; and wither'd murder, Alarum'd by his sentinel, the wolf, Whose howl's his",he,LADY MACBETH,"Witchcraft celebrates Pale Hecate's off'rings; and wither'd murder, Alarum'd by his sentinel, the wolf, Whose howl's his",male,relationship-graph
MACBETH,2,2,LADY MACBETH,He is about it.,He,MACBETH,MACBETH is about it.,male,relationship-graph
MACBETH,2,2,LADY MACBETH,Th' attempt and not the deed Confounds us.—Hark!—I laid their daggers ready; He could not miss 'em.—Had he not resembled,He,MACBETH,Th' attempt and not the deed Confounds us.—Hark!—I laid their daggers ready; MACBETH could not miss 'em.—Had he not rese,male,relationship-graph
MACBETH,2,2,LADY MACBETH,Th' attempt and not the deed Confounds us.—Hark!—I laid their daggers ready; He could not miss 'em.—Had he not resembled,he,MACBETH,Th' attempt and not the deed Confounds us.—Hark!—I laid their daggers ready; MACBETH could not miss 'em.—Had MACBETH not,male,relationship-graph
MACBETH,2,2,LADY MACBETH,Th' attempt and not the deed Confounds us.—Hark!—I laid their daggers ready; He could not miss 'em.—Had he not resembled,he,MACBETH,Th' attempt and not the deed Confounds us.—Hark!—I laid their daggers ready; MACBETH could not miss 'em.—Had MACBETH not,male,relationship-graph
MACBETH,2,2,LADY MACBETH,"If he do bleed, I'll gild the faces of the grooms withal, For it must seem their guilt.",he,MACBETH,"If MACBETH do bleed, I'll gild the faces of the grooms withal, For it must seem their guilt.",male,relationship-graph
MACBETH,2,3,MACDUFF,Our knocking has awak'd him; here he comes.,him,LADY MACDUFF,Our knocking has awak'd LADY MACDUFF; here he comes.,male,relationship-graph
MACBETH,2,3,MACDUFF,Our knocking has awak'd him; here he comes.,he,LADY MACDUFF,Our knocking has awak'd LADY MACDUFF; here LADY MACDUFF comes.,male,relationship-graph
MACBETH,2,3,MACDUFF,He did command me to call timely on him.,He,LADY MACDUFF,LADY MACDUFF did command me to call timely on him.,male,relationship-graph
MACBETH,2,3,MACDUFF,He did command me to call timely on him.,him,LADY MACDUFF,LADY MACDUFF did command me to call timely on LADY MACDUFF.,male,relationship-graph
MACBETH,2,3,MACBETH,I'll bring you to him.,him,LADY MACBETH,I'll bring you to LADY MACBETH.,male,relationship-graph
MACBETH,2,3,MACBETH,He does.,He,LADY MACBETH,LADY MACBETH does.,male,relationship-graph
MACBETH,2,3,MACBETH,He did appoint so.,He,LADY MACBETH,LADY MACBETH did appoint so.,male,relationship-graph
MACBETH,2,4,MACDUFF,He is already nam'd; and gone to Scone To be invested.,He,LADY MACDUFF,LADY MACDUFF is already nam'd; and gone to Scone To be invested.,male,relationship-graph
MACBETH,3,1,LADY MACBETH,"If he had been forgotten, It had been as a gap in our great feast, And all-thing unbecoming.",he,MACBETH,"If MACBETH had been forgotten, It had been as a gap in our great feast, And all-thing unbecoming.",male,relationship-graph
MACBETH,3,1,MACBETH,"Our fears in Banquo Stick deep, and in his royalty of nature Reigns that which would be fear'd: 'tis much he dares; And,",he,LADY MACBETH,"Our fears in Banquo Stick deep, and in his royalty of nature Reigns that which would be fear'd: 'tis much LADY MACBETH d",male,relationship-graph
MACBETH,3,1,MACBETH,"Our fears in Banquo Stick deep, and in his royalty of nature Reigns that which would be fear'd: 'tis much he dares; And,",He,LADY MACBETH,"Our fears in Banquo Stick deep, and in his royalty of nature Reigns that which would be fear'd: 'tis much LADY MACBETH d",male,relationship-graph
MACBETH,3,1,MACBETH,"but he Whose being I do fear: and under him My genius is rebuk'd; as, it is said, Mark Antony's was by Caesar.",he,LADY MACBETH,"but LADY MACBETH Whose being I do fear: and under him My genius is rebuk'd; as, it is said, Mark Antony's was by Caesar.",male,relationship-graph
MACBETH,3,1,MACBETH,"but he Whose being I do fear: and under him My genius is rebuk'd; as, it is said, Mark Antony's was by Caesar.",him,LADY MACBETH,"but LADY MACBETH Whose being I do fear: and under LADY MACBETH My genius is rebuk'd; as, it is said, Mark Antony's was b",male,relationship-graph
MACBETH,3,1,MACBETH,"He chid the sisters When first they put the name of king upon me, And bade them speak to him; then, prophet-like, They h",He,LADY MACBETH,"LADY MACBETH chid the sisters When first they put the name of king upon me, And bade them speak to him; then, prophet-li",male,relationship-graph
MACBETH,3,1,MACBETH,"He chid the sisters When first they put the name of king upon me, And bade them speak to him; then, prophet-like, They h",him,LADY MACBETH,"LADY MACBETH chid the sisters When first they put the name of king upon me, And bade them speak to LADY MACBETH; then, p",male,relationship-graph
MACBETH,3,1,MACBETH,"He chid the sisters When first they put the name of king upon me, And bade them speak to him; then, prophet-like, They h",him,LADY MACBETH,"LADY MACBETH chid the sisters When first they put the name of king upon me, And bade them speak to LADY MACBETH; then, p",male,relationship-graph
MACBETH,3,1,MACBETH,"Know That it was he, in the times past, which held you So under fortune, which you thought had been Our innocent self?",he,LADY MACBETH,"Know That it was LADY MACBETH, in the times past, which held you So under fortune, which you thought had been Our innoce",male,relationship-graph
MACBETH,3,1,MACBETH,"Ay, in the catalogue ye go for men; As hounds, and greyhounds, mongrels, spaniels, curs, Shoughs, water-rugs, and demi-w",him,LADY MACBETH,"Ay, in the catalogue ye go for men; As hounds, and greyhounds, mongrels, spaniels, curs, Shoughs, water-rugs, and demi-w",male,relationship-graph
MACBETH,3,1,MACBETH,"Ay, in the catalogue ye go for men; As hounds, and greyhounds, mongrels, spaniels, curs, Shoughs, water-rugs, and demi-w",he,LADY MACBETH,"Ay, in the catalogue ye go for men; As hounds, and greyhounds, mongrels, spaniels, curs, Shoughs, water-rugs, and demi-w",male,relationship-graph
MACBETH,3,1,MACBETH,"So is he mine; and in such bloody distance, That every minute of his being thrusts Against my near'st of life; and thoug",he,LADY MACBETH,"So is LADY MACBETH mine; and in such bloody distance, That every minute of his being thrusts Against my near'st of life;",male,relationship-graph
MACBETH,3,1,MACBETH,"So is he mine; and in such bloody distance, That every minute of his being thrusts Against my near'st of life; and thoug",him,LADY MACBETH,"So is LADY MACBETH mine; and in such bloody distance, That every minute of his being thrusts Against my near'st of life;",male,relationship-graph
MACBETH,3,1,MACBETH,And with him (To leave no rubs nor botches in the work),him,LADY MACBETH,And with LADY MACBETH (To leave no rubs nor botches in the work),male,relationship-graph
MACBETH,3,1,MACBETH,"Fleance his son, that keeps him company, Whose absence is no less material to me Than is his father's, must embrace the ",him,LADY MACBETH,"Fleance his son, that keeps LADY MACBETH company, Whose absence is no less material to me Than is his father's, must emb",male,relationship-graph
MACBETH,3,2,MACBETH,"Duncan is in his grave; After life's fitful fever he sleeps well; Treason has done his worst: nor steel, nor poison, Mal",he,LADY MACBETH,"Duncan is in his grave; After life's fitful fever LADY MACBETH sleeps well; Treason has done his worst: nor steel, nor p",male,relationship-graph
MACBETH,3,2,MACBETH,"Duncan is in his grave; After life's fitful fever he sleeps well; Treason has done his worst: nor steel, nor poison, Mal",him,LADY MACBETH,"Duncan is in his grave; After life's fitful fever LADY MACBETH sleeps well; Treason has done his worst: nor steel, nor p",male,relationship-graph
MACBETH,3,2,MACBETH,"Let your remembrance apply to Banquo; Present him eminence, both with eye and tongue: Unsafe the while, that we Must lav",him,LADY MACBETH,"Let your remembrance apply to Banquo; Present LADY MACBETH eminence, both with eye and tongue: Unsafe the while, that we",male,relationship-graph
MACBETH,3,3,SECOND MURDERER,He needs not our mistrust; since he delivers Our offices and what we have to do To the direction just.,He,MACBETH,MACBETH needs not our mistrust; since he delivers Our offices and what we have to do To the direction just.,male,prev-utterance
MACBETH,3,3,SECOND MURDERER,He needs not our mistrust; since he delivers Our offices and what we have to do To the direction just.,he,MACBETH,MACBETH needs not our mistrust; since MACBETH delivers Our offices and what we have to do To the direction just.,male,prev-utterance
MACBETH,3,4,MACBETH,'Tis better thee without than he within.,he,LADY MACBETH,'Tis better thee without than LADY MACBETH within.,male,relationship-graph
MACBETH,3,4,MACBETH,Is he dispatch'd?,he,LADY MACBETH,Is LADY MACBETH dispatch'd?,male,relationship-graph
MACBETH,3,4,MACBETH,"Thou art the best o' th' cut-throats; Yet he's good that did the like for Fleance: If thou didst it, thou art the nonpar",he,LADY MACBETH,"Thou art the best o' th' cut-throats; Yet LADY MACBETH's good that did the like for Fleance: If thou didst it, thou art ",male,relationship-graph
MACBETH,3,4,LADY MACBETH,"My lord is often thus, And hath been from his youth: pray you, keep seat; The fit is momentary; upon a thought He will a",He,MACBETH,"My lord is often thus, And hath been from his youth: pray you, keep seat; The fit is momentary; upon a thought MACBETH w",male,relationship-graph
MACBETH,3,4,LADY MACBETH,"If much you note him, You shall offend him, and extend his passion.",him,MACBETH,"If much you note MACBETH, You shall offend him, and extend his passion.",male,relationship-graph
MACBETH,3,4,LADY MACBETH,"If much you note him, You shall offend him, and extend his passion.",him,MACBETH,"If much you note MACBETH, You shall offend MACBETH, and extend his passion.",male,relationship-graph
MACBETH,3,4,LADY MACBETH,"Feed, and regard him not.—Are you a man?",him,MACBETH,"Feed, and regard MACBETH not.—Are you a man?",male,relationship-graph
MACBETH,3,4,MACBETH,"If I stand here, I saw him.",him,LADY MACBETH,"If I stand here, I saw LADY MACBETH.",male,relationship-graph
MACBETH,3,4,MACBETH,"I drink to the general joy o' th' whole table, And to our dear friend Banquo, whom we miss: Would he were here.",he,LADY MACBETH,"I drink to the general joy o' th' whole table, And to our dear friend Banquo, whom we miss: Would LADY MACBETH were here",male,relationship-graph
MACBETH,3,4,MACBETH,"To all, and him, we thirst, And all to all.",him,LADY MACBETH,"To all, and LADY MACBETH, we thirst, And all to all.",male,relationship-graph
MACBETH,3,4,LADY MACBETH,"I pray you, speak not; he grows worse and worse; Question enrages him.",he,MACBETH,"I pray you, speak not; MACBETH grows worse and worse; Question enrages him.",male,relationship-graph
MACBETH,3,4,LADY MACBETH,"I pray you, speak not; he grows worse and worse; Question enrages him.",him,MACBETH,"I pray you, speak not; MACBETH grows worse and worse; Question enrages MACBETH.",male,relationship-graph
MACBETH,3,4,LADY MACBETH,"Did you send to him, sir?",him,MACBETH,"Did you send to MACBETH, sir?",male,relationship-graph
MACBETH,4,1,MACBETH,"And even now, To crown my thoughts with acts, be it thought and done: The castle of Macduff I will surprise; Seize upon ",him,LADY MACBETH,"And even now, To crown my thoughts with acts, be it thought and done: The castle of Macduff I will surprise; Seize upon ",male,relationship-graph
MACBETH,4,2,LADY MACDUFF,"What had he done, to make him fly the land?",he,MACDUFF,"What had MACDUFF done, to make him fly the land?",male,relationship-graph
MACBETH,4,2,LADY MACDUFF,"What had he done, to make him fly the land?",him,MACDUFF,"What had MACDUFF done, to make MACDUFF fly the land?",male,relationship-graph
MACBETH,4,2,LADY MACDUFF,"He had none: His flight was madness: when our actions do not, Our fears do make us traitors.",He,MACDUFF,"MACDUFF had none: His flight was madness: when our actions do not, Our fears do make us traitors.",male,relationship-graph
MACBETH,4,2,LADY MACDUFF,"to leave his wife, to leave his babes, His mansion, and his titles, in a place From whence himself does fly?",himself,MACDUFF,"to leave his wife, to leave his babes, His mansion, and his titles, in a place From whence MACDUFF does fly?",male,relationship-graph
MACBETH,4,2,LADY MACDUFF,"He loves us not: He wants the natural touch; for the poor wren, The most diminutive of birds, will fight, Her young ones",He,MACDUFF,"MACDUFF loves us not: He wants the natural touch; for the poor wren, The most diminutive of birds, will fight, Her young",male,relationship-graph
MACBETH,4,2,LADY MACDUFF,"He loves us not: He wants the natural touch; for the poor wren, The most diminutive of birds, will fight, Her young ones",He,MACDUFF,"MACDUFF loves us not: MACDUFF wants the natural touch; for the poor wren, The most diminutive of birds, will fight, Her ",male,relationship-graph
MACBETH,4,2,ROSS,"My dearest coz, I pray you, school yourself: but, for your husband, He is noble, wise, judicious, and best knows The fit",He,DUNCAN,"My dearest coz, I pray you, school yourself: but, for your husband, DUNCAN is noble, wise, judicious, and best knows The",male,relationship-graph
MACBETH,4,2,LADY MACDUFF,"Father'd he is, and yet he's fatherless.",he,MACDUFF,"Father'd MACDUFF is, and yet he's fatherless.",male,relationship-graph
MACBETH,4,2,LADY MACDUFF,"Father'd he is, and yet he's fatherless.",he,MACDUFF,"Father'd MACDUFF is, and yet MACDUFF's fatherless.",male,relationship-graph
MACBETH,4,2,LADY MACDUFF,"Yes, he is dead: how wilt thou do for a father?",he,MACDUFF,"Yes, MACDUFF is dead: how wilt thou do for a father?",male,relationship-graph
MACBETH,4,2,LADY MACDUFF,"Ay, that he was.",he,MACDUFF,"Ay, that MACDUFF was.",male,relationship-graph
MACBETH,4,2,LADY MACDUFF,"I hope, in no place so unsanctified Where such as thou mayst find him.",him,MACDUFF,"I hope, in no place so unsanctified Where such as thou mayst find MACDUFF.",male,relationship-graph
MACBETH,4,3,MALCOLM,"This tyrant, whose sole name blisters our tongues, Was once thought honest: you have loved him well; He hath not touch'd",him,DUNCAN,"This tyrant, whose sole name blisters our tongues, Was once thought honest: you have loved DUNCAN well; He hath not touc",male,relationship-graph
MACBETH,4,3,MALCOLM,"This tyrant, whose sole name blisters our tongues, Was once thought honest: you have loved him well; He hath not touch'd",He,DUNCAN,"This tyrant, whose sole name blisters our tongues, Was once thought honest: you have loved DUNCAN well; DUNCAN hath not ",male,relationship-graph
MACBETH,4,3,MALCOLM,"I am young; but something You may deserve of him through me; and wisdom To offer up a weak, poor, innocent lamb To appea",him,DUNCAN,"I am young; but something You may deserve of DUNCAN through me; and wisdom To offer up a weak, poor, innocent lamb To ap",male,relationship-graph
MACBETH,4,3,MALCOLM,"I think, withal, There would be hands uplifted in my right; And here, from gracious England, have I offer Of goodly thou",him,DUNCAN,"I think, withal, There would be hands uplifted in my right; And here, from gracious England, have I offer Of goodly thou",male,relationship-graph
MACBETH,4,3,MACDUFF,What should he be?,he,LADY MACDUFF,What should LADY MACDUFF be?,male,relationship-graph
MACBETH,4,3,MALCOLM,"It is myself I mean; in whom I know All the particulars of vice so grafted That, when they shall be open'd, black Macbet",him,DUNCAN,"It is myself I mean; in whom I know All the particulars of vice so grafted That, when they shall be open'd, black Macbet",male,relationship-graph
MACBETH,4,3,MALCOLM,"I grant him bloody, Luxurious, avaricious, false, deceitful, Sudden, malicious, smacking of every sin That has a name: b",him,DUNCAN,"I grant DUNCAN bloody, Luxurious, avaricious, false, deceitful, Sudden, malicious, smacking of every sin That has a name",male,relationship-graph
MACBETH,4,3,MACDUFF,What's the disease he means?,he,LADY MACDUFF,What's the disease LADY MACDUFF means?,male,relationship-graph
MACBETH,4,3,MALCOLM,"'Tis call'd the evil: A most miraculous work in this good king; Which often, since my here-remain in England, I have see",him,DUNCAN,"'Tis call'd the evil: A most miraculous work in this good king; Which often, since my here-remain in England, I have see",male,relationship-graph
MACBETH,4,3,MALCOLM,"How he solicits heaven, Himself best knows, but strangely-visited people, All swoln and ulcerous, pitiful to the eye, Th",he,DUNCAN,"How DUNCAN solicits heaven, Himself best knows, but strangely-visited people, All swoln and ulcerous, pitiful to the eye",male,relationship-graph
MACBETH,4,3,MALCOLM,"How he solicits heaven, Himself best knows, but strangely-visited people, All swoln and ulcerous, pitiful to the eye, Th",he,DUNCAN,"How DUNCAN solicits heaven, Himself best knows, but strangely-visited people, All swoln and ulcerous, pitiful to the eye",male,relationship-graph
MACBETH,4,3,MALCOLM,"How he solicits heaven, Himself best knows, but strangely-visited people, All swoln and ulcerous, pitiful to the eye, Th",he,DUNCAN,"How DUNCAN solicits heaven, Himself best knows, but strangely-visited people, All swoln and ulcerous, pitiful to the eye",male,relationship-graph
MACBETH,4,3,MALCOLM,"With this strange virtue, He hath a heavenly gift of prophecy; And sundry blessings hang about his throne, That speak hi",He,DUNCAN,"With this strange virtue, DUNCAN hath a heavenly gift of prophecy; And sundry blessings hang about his throne, That spea",male,relationship-graph
MACBETH,4,3,MALCOLM,"With this strange virtue, He hath a heavenly gift of prophecy; And sundry blessings hang about his throne, That speak hi",him,DUNCAN,"With this strange virtue, DUNCAN hath a heavenly gift of prophecy; And sundry blessings hang about his throne, That spea",male,relationship-graph
MACBETH,4,3,MALCOLM,My countryman; but yet I know him not.,him,DUNCAN,My countryman; but yet I know DUNCAN not.,male,relationship-graph
MACBETH,4,3,MALCOLM,I know him now.,him,DUNCAN,I know DUNCAN now.,male,relationship-graph
MACBETH,4,3,MACDUFF,He has no children.—All my pretty ones?,He,LADY MACDUFF,LADY MACDUFF has no children.—All my pretty ones?,male,relationship-graph
MACBETH,4,3,MACDUFF,"O, I could play the woman with mine eyes, And braggart with my tongue!—But, gentle heavens, Cut short all intermission; ",him,LADY MACDUFF,"O, I could play the woman with mine eyes, And braggart with my tongue!—But, gentle heavens, Cut short all intermission; ",male,relationship-graph
MACBETH,4,3,MACDUFF,"O, I could play the woman with mine eyes, And braggart with my tongue!—But, gentle heavens, Cut short all intermission; ",he,LADY MACDUFF,"O, I could play the woman with mine eyes, And braggart with my tongue!—But, gentle heavens, Cut short all intermission; ",male,relationship-graph
MACBETH,4,3,MACDUFF,"O, I could play the woman with mine eyes, And braggart with my tongue!—But, gentle heavens, Cut short all intermission; ",him,LADY MACDUFF,"O, I could play the woman with mine eyes, And braggart with my tongue!—But, gentle heavens, Cut short all intermission; ",male,relationship-graph
MACBETH,5,1,LADY MACBETH,Yet who would have thought the old man to have had so much blood in him?,him,MACBETH,Yet who would have thought the old man to have had so much blood in MACBETH?,male,relationship-graph
MACBETH,5,1,LADY MACBETH,"I tell you yet again, Banquo's buried; he cannot come out on's grave.",he,MACBETH,"I tell you yet again, Banquo's buried; MACBETH cannot come out on's grave.",male,relationship-graph
MACBETH,5,3,MACBETH,Was he not born of woman?,he,LADY MACBETH,Was LADY MACBETH not born of woman?,male,relationship-graph
MACBETH,5,4,MALCOLM,"Let every soldier hew him down a bough, And bear't before him.",him,DUNCAN,"Let every soldier hew DUNCAN down a bough, And bear't before him.",male,relationship-graph
MACBETH,5,4,MALCOLM,"Let every soldier hew him down a bough, And bear't before him.",him,DUNCAN,"Let every soldier hew DUNCAN down a bough, And bear't before DUNCAN.",male,relationship-graph
MACBETH,5,4,MALCOLM,"'Tis his main hope; For where there is advantage to be given, Both more and less have given him the revolt, And none ser",him,DUNCAN,"'Tis his main hope; For where there is advantage to be given, Both more and less have given DUNCAN the revolt, And none ",male,relationship-graph
MACBETH,5,4,MALCOLM,"'Tis his main hope; For where there is advantage to be given, Both more and less have given him the revolt, And none ser",him,DUNCAN,"'Tis his main hope; For where there is advantage to be given, Both more and less have given DUNCAN the revolt, And none ",male,relationship-graph
MACBETH,5,5,MACBETH,"If this which he avouches does appear, There is nor flying hence nor tarrying here.",he,LADY MACBETH,"If this which LADY MACBETH avouches does appear, There is nor flying hence nor tarrying here.",male,relationship-graph
MACBETH,5,7,MACBETH,"I cannot fly, But, bear-like I must fight the course.—What's he That was not born of woman?",he,LADY MACBETH,"I cannot fly, But, bear-like I must fight the course.—What's LADY MACBETH That was not born of woman?",male,relationship-graph
MACBETH,5,7,YOUNG SIWARD,The devil himself could not pronounce a title More hateful to mine ear.,himself,SIWARD,The devil SIWARD could not pronounce a title More hateful to mine ear.,male,relationship-graph
MACBETH,5,7,MACDUFF,"Let me find him, Fortune!",him,LADY MACDUFF,"Let me find LADY MACDUFF, Fortune!",male,relationship-graph
MACBETH,5,8,MACBETH,"Before my body I throw my warlike shield: lay on, Macduff; And damn'd be him that first cries, ""Hold, enough!""",him,LADY MACBETH,"Before my body I throw my warlike shield: lay on, Macduff; And damn'd be LADY MACBETH that first cries, ""Hold, enough!""",male,relationship-graph
MACBETH,5,8,ROSS,"Your son, my lord, has paid a soldier's debt: He only liv'd but till he was a man; The which no sooner had his prowess c",He,DUNCAN,"Your son, my lord, has paid a soldier's debt: DUNCAN only liv'd but till he was a man; The which no sooner had his prowe",male,relationship-graph
MACBETH,5,8,ROSS,"Your son, my lord, has paid a soldier's debt: He only liv'd but till he was a man; The which no sooner had his prowess c",he,DUNCAN,"Your son, my lord, has paid a soldier's debt: DUNCAN only liv'd but till DUNCAN was a man; The which no sooner had his p",male,relationship-graph
MACBETH,5,8,ROSS,"In the unshrinking station where he fought, But like a man he died.",he,DUNCAN,"In the unshrinking station where DUNCAN fought, But like a man he died.",male,relationship-graph
MACBETH,5,8,ROSS,"In the unshrinking station where he fought, But like a man he died.",he,DUNCAN,"In the unshrinking station where DUNCAN fought, But like a man DUNCAN died.",male,relationship-graph
MACBETH,5,8,SIWARD,Then he is dead?,he,YOUNG SIWARD,Then YOUNG SIWARD is dead?,male,relationship-graph
MACBETH,5,8,SIWARD,Had he his hurts before?,he,YOUNG SIWARD,Had YOUNG SIWARD his hurts before?,male,relationship-graph
MACBETH,5,8,SIWARD,"Why then, God's soldier be he!",he,YOUNG SIWARD,"Why then, God's soldier be YOUNG SIWARD!",male,relationship-graph
MACBETH,5,8,MALCOLM,"He's worth more sorrow, And that I'll spend for him.",He,DUNCAN,"DUNCAN's worth more sorrow, And that I'll spend for him.",male,relationship-graph
MACBETH,5,8,MALCOLM,"He's worth more sorrow, And that I'll spend for him.",him,DUNCAN,"DUNCAN's worth more sorrow, And that I'll spend for DUNCAN.",male,relationship-graph
MACBETH,5,8,SIWARD,He's worth no more.,He,YOUNG SIWARD,YOUNG SIWARD's worth no more.,male,relationship-graph
MACBETH,5,8,SIWARD,They say he parted well and paid his score:,he,YOUNG SIWARD,They say YOUNG SIWARD parted well and paid his score:,male,relationship-graph
A MIDSUMMER NIGHT'S DREAM,1,1,THESEUS,"She lingers my desires, Like to a step-dame or a dowager, Long withering out a young man's revenue.",She,HIPPOLYTA,"HIPPOLYTA lingers my desires, Like to a step-dame or a dowager, Long withering out a young man's revenue.",female,relationship-graph
A MIDSUMMER NIGHT'S DREAM,1,1,EGEUS,"My noble lord, This man hath my consent to marry her.",her,HERMIA,"My noble lord, This man hath my consent to marry HERMIA.",female,relationship-graph
A MIDSUMMER NIGHT'S DREAM,1,1,EGEUS,"And, my gracious Duke, Be it so she will not here before your grace Consent to marry with Demetrius, I beg the ancient p",she,HERMIA,"And, my gracious Duke, Be it so HERMIA will not here before your grace Consent to marry with Demetrius, I beg the ancien",female,relationship-graph
A MIDSUMMER NIGHT'S DREAM,1,1,EGEUS,"And, my gracious Duke, Be it so she will not here before your grace Consent to marry with Demetrius, I beg the ancient p",she,HERMIA,"And, my gracious Duke, Be it so HERMIA will not here before your grace Consent to marry with Demetrius, I beg the ancien",female,relationship-graph
A MIDSUMMER NIGHT'S DREAM,1,1,EGEUS,"And, my gracious Duke, Be it so she will not here before your grace Consent to marry with Demetrius, I beg the ancient p",her,HERMIA,"And, my gracious Duke, Be it so HERMIA will not here before your grace Consent to marry with Demetrius, I beg the ancien",female,relationship-graph
A MIDSUMMER NIGHT'S DREAM,1,1,EGEUS,"Scornful Lysander, true, he hath my love; And what is mine my love shall render him; And she is mine, and all my right o",she,HERMIA,"Scornful Lysander, true, he hath my love; And what is mine my love shall render him; And HERMIA is mine, and all my righ",female,relationship-graph
A MIDSUMMER NIGHT'S DREAM,1,1,EGEUS,"Scornful Lysander, true, he hath my love; And what is mine my love shall render him; And she is mine, and all my right o",her,HERMIA,"Scornful Lysander, true, he hath my love; And what is mine my love shall render him; And HERMIA is mine, and all my righ",female,relationship-graph
A MIDSUMMER NIGHT'S DREAM,1,1,LYSANDER,"Demetrius, I'll avouch it to his head, Made love to Nedar's daughter, Helena, And won her soul; and she, sweet lady, dot",she,HERMIA,"Demetrius, I'll avouch it to his head, Made love to Nedar's daughter, Helena, And won her soul; and HERMIA, sweet lady, ",female,relationship-graph
A MIDSUMMER NIGHT'S DREAM,1,1,LYSANDER,"I have a widow aunt, a dowager Of great revenue, and she hath no child.",she,HERMIA,"I have a widow aunt, a dowager Of great revenue, and HERMIA hath no child.",female,relationship-graph
A MIDSUMMER NIGHT'S DREAM,1,1,LYSANDER,"From Athens is her house remote seven leagues, And she respects me as her only son.",she,HERMIA,"From Athens is her house remote seven leagues, And HERMIA respects me as her only son.",female,relationship-graph
A MIDSUMMER NIGHT'S DREAM,1,1,HERMIA,"I frown upon him, yet he loves me still.",him,EGEUS,"I frown upon EGEUS, yet he loves me still.",male,relationship-graph
A MIDSUMMER NIGHT'S DREAM,1,1,HERMIA,"I frown upon him, yet he loves me still.",he,EGEUS,"I frown upon EGEUS, yet EGEUS loves me still.",male,relationship-graph
A MIDSUMMER NIGHT'S DREAM,1,1,HERMIA,"I give him curses, yet he gives me love.",him,EGEUS,"I give EGEUS curses, yet he gives me love.",male,relationship-graph
A MIDSUMMER NIGHT'S DREAM,1,1,HERMIA,"I give him curses, yet he gives me love.",he,EGEUS,"I give EGEUS curses, yet EGEUS gives me love.",male,relationship-graph
A MIDSUMMER NIGHT'S DREAM,1,1,HERMIA,"The more I hate, the more he follows me.",he,EGEUS,"The more I hate, the more EGEUS follows me.",male,relationship-graph
A MIDSUMMER NIGHT'S DREAM,1,1,HELENA,"The more I love, the more he hateth me.",he,DEMETRIUS,"The more I love, the more DEMETRIUS hateth me.",male,relationship-graph
A MIDSUMMER NIGHT'S DREAM,1,1,HERMIA,Take comfort: he no more shall see my face; Lysander and myself will fly this place.,he,EGEUS,Take comfort: EGEUS no more shall see my face; Lysander and myself will fly this place.,male,relationship-graph
A MIDSUMMER NIGHT'S DREAM,1,1,HERMIA,"O, then, what graces in my love do dwell, That he hath turn'd a heaven into hell!",he,EGEUS,"O, then, what graces in my love do dwell, That EGEUS hath turn'd a heaven into hell!",male,relationship-graph
A MIDSUMMER NIGHT'S DREAM,1,1,HELENA,Through Athens I am thought as fair as she.,she,HERMIA,Through Athens I am thought as fair as HERMIA.,female,intra-utterance
A MIDSUMMER NIGHT'S DREAM,1,1,HELENA,Demetrius thinks not so; He will not know what all,He,DEMETRIUS,Demetrius thinks not so; DEMETRIUS will not know what all,male,relationship-graph
A MIDSUMMER NIGHT'S DREAM,1,1,HELENA,but he do know.,he,DEMETRIUS,but DEMETRIUS do know.,male,relationship-graph
A MIDSUMMER NIGHT'S DREAM,1,1,HELENA,"And as he errs, doting on Hermia's eyes, So I, admiring of his qualities.",he,DEMETRIUS,"And as DEMETRIUS errs, doting on Hermia's eyes, So I, admiring of his qualities.",male,relationship-graph
A MIDSUMMER NIGHT'S DREAM,1,1,HELENA,"And therefore is love said to be a child, Because in choice he is so oft beguil'd.",he,DEMETRIUS,"And therefore is love said to be a child, Because in choice DEMETRIUS is so oft beguil'd.",male,relationship-graph
A MIDSUMMER NIGHT'S DREAM,1,1,HELENA,"For, ere Demetrius look'd on Hermia's eyne, He hail'd down oaths that he was only mine; And when this hail some heat fro",He,DEMETRIUS,"For, ere Demetrius look'd on Hermia's eyne, DEMETRIUS hail'd down oaths that he was only mine; And when this hail some h",male,relationship-graph
A MIDSUMMER NIGHT'S DREAM,1,1,HELENA,"For, ere Demetrius look'd on Hermia's eyne, He hail'd down oaths that he was only mine; And when this hail some heat fro",he,DEMETRIUS,"For, ere Demetrius look'd on Hermia's eyne, DEMETRIUS hail'd down oaths that DEMETRIUS was only mine; And when this hail",male,relationship-graph
A MIDSUMMER NIGHT'S DREAM,1,1,HELENA,"For, ere Demetrius look'd on Hermia's eyne, He hail'd down oaths that he was only mine; And when this hail some heat fro",he,DEMETRIUS,"For, ere Demetrius look'd on Hermia's eyne, DEMETRIUS hail'd down oaths that DEMETRIUS was only mine; And when this hail",male,relationship-graph
A MIDSUMMER NIGHT'S DREAM,1,1,HELENA,I will go tell him of fair Hermia's flight.,him,DEMETRIUS,I will go tell DEMETRIUS of fair Hermia's flight.,male,relationship-graph
A MIDSUMMER NIGHT'S DREAM,1,1,HELENA,"Then to the wood will he tomorrow night Pursue her; and for this intelligence If I have thanks, it is a dear expense.",he,DEMETRIUS,"Then to the wood will DEMETRIUS tomorrow night Pursue her; and for this intelligence If I have thanks, it is a dear expe",male,relationship-graph
A MIDSUMMER NIGHT'S DREAM,1,1,HELENA,"Then to the wood will he tomorrow night Pursue her; and for this intelligence If I have thanks, it is a dear expense.",her,HERMIA,"Then to the wood will DEMETRIUS tomorrow night Pursue HERMIA; and for this intelligence If I have thanks, it is a dear e",female,intra-utterance
A MIDSUMMER NIGHT'S DREAM,2,1,PUCK,"But she perforce withholds the lovèd boy, Crowns him with flowers, and makes him all her joy.",him,OBERON,"But she perforce withholds the lovèd boy, Crowns OBERON with flowers, and makes him all her joy.",male,relationship-graph
A MIDSUMMER NIGHT'S DREAM,2,1,PUCK,"But she perforce withholds the lovèd boy, Crowns him with flowers, and makes him all her joy.",him,OBERON,"But she perforce withholds the lovèd boy, Crowns OBERON with flowers, and makes OBERON all her joy.",male,relationship-graph
A MIDSUMMER NIGHT'S DREAM,2,1,PUCK,"Are not you he That frights the maidens of the villagery, Skim milk, and sometimes labour in the quern, And bootless mak",he,OBERON,"Are not you OBERON That frights the maidens of the villagery, Skim milk, and sometimes labour in the quern, And bootless",male,relationship-graph
A MIDSUMMER NIGHT'S DREAM,2,1,PUCK,Are not you he?,he,OBERON,Are not you OBERON?,male,relationship-graph
A MIDSUMMER NIGHT'S DREAM,2,1,PUCK,"I jest to Oberon, and make him smile, When I a fat and bean-fed horse beguile, Neighing in likeness of a filly foal; And",him,OBERON,"I jest to Oberon, and make OBERON smile, When I a fat and bean-fed horse beguile, Neighing in likeness of a filly foal; ",male,relationship-graph
A MIDSUMMER NIGHT'S DREAM,2,1,PUCK,Would that he were gone!,he,OBERON,Would that OBERON were gone!,male,relationship-graph
A MIDSUMMER NIGHT'S DREAM,2,1,OBERON,"Didst not thou lead him through the glimmering night From Perigenia, whom he ravished?",him,PUCK,"Didst not thou lead PUCK through the glimmering night From Perigenia, whom he ravished?",male,relationship-graph
A MIDSUMMER NIGHT'S DREAM,2,1,OBERON,"Didst not thou lead him through the glimmering night From Perigenia, whom he ravished?",he,PUCK,"Didst not thou lead PUCK through the glimmering night From Perigenia, whom PUCK ravished?",male,relationship-graph
A MIDSUMMER NIGHT'S DREAM,2,1,OBERON,"And make him with fair Aegles break his faith, With Ariadne and Antiopa?",him,PUCK,"And make PUCK with fair Aegles break his faith, With Ariadne and Antiopa?",male,relationship-graph
A MIDSUMMER NIGHT'S DREAM,2,1,OBERON,Why should Titania cross her Oberon?,her,TITANIA,Why should Titania cross TITANIA Oberon?,female,relationship-graph
A MIDSUMMER NIGHT'S DREAM,2,1,TITANIA,"But she, being mortal, of that boy did die; And for her sake do I rear up her boy, And for her sake I will not part with",him,OBERON,"But she, being mortal, of that boy did die; And for her sake do I rear up her boy, And for her sake I will not part with",male,relationship-graph
A MIDSUMMER NIGHT'S DREAM,2,1,OBERON,"That very time I saw, (but thou couldst not), Flying between the cold moon and the earth, Cupid all arm'd: a certain aim",he,PUCK,"That very time I saw, (but thou couldst not), Flying between the cold moon and the earth, Cupid all arm'd: a certain aim",male,relationship-graph
A MIDSUMMER NIGHT'S DREAM,2,1,OBERON,"Having once this juice, I'll watch Titania when she is asleep, And drop the liquor of it in her eyes:",she,TITANIA,"Having once this juice, I'll watch Titania when TITANIA is asleep, And drop the liquor of it in her eyes:",female,relationship-graph
A MIDSUMMER NIGHT'S DREAM,2,1,OBERON,"The next thing then she waking looks upon (Be it on lion, bear, or wolf, or bull, On meddling monkey, or on busy ape)",she,TITANIA,"The next thing then TITANIA waking looks upon (Be it on lion, bear, or wolf, or bull, On meddling monkey, or on busy ape",female,relationship-graph
A MIDSUMMER NIGHT'S DREAM,2,1,OBERON,She shall pursue it with the soul of love.,She,TITANIA,TITANIA shall pursue it with the soul of love.,female,relationship-graph
A MIDSUMMER NIGHT'S DREAM,2,1,OBERON,I'll make her render up her page to me.,her,TITANIA,I'll make TITANIA render up her page to me.,female,relationship-graph
A MIDSUMMER NIGHT'S DREAM,2,1,OBERON,"Enter Demetrius, Helena following him.",him,PUCK,"Enter Demetrius, Helena following PUCK.",male,relationship-graph
A MIDSUMMER NIGHT'S DREAM,2,1,OBERON,"Ere he do leave this grove, Thou shalt fly him, and he shall seek thy love.",he,PUCK,"Ere PUCK do leave this grove, Thou shalt fly him, and he shall seek thy love.",male,relationship-graph
A MIDSUMMER NIGHT'S DREAM,2,1,OBERON,"Ere he do leave this grove, Thou shalt fly him, and he shall seek thy love.",him,PUCK,"Ere PUCK do leave this grove, Thou shalt fly PUCK, and he shall seek thy love.",male,relationship-graph
A MIDSUMMER NIGHT'S DREAM,2,1,OBERON,"Ere he do leave this grove, Thou shalt fly him, and he shall seek thy love.",he,PUCK,"Ere PUCK do leave this grove, Thou shalt fly PUCK, and PUCK shall seek thy love.",male,relationship-graph
A MIDSUMMER NIGHT'S DREAM,2,1,OBERON,"And with the juice of this I'll streak her eyes, And make her full of hateful fantasies.",her,TITANIA,"And with the juice of this I'll streak TITANIA eyes, And make her full of hateful fantasies.",female,relationship-graph
A MIDSUMMER NIGHT'S DREAM,2,1,OBERON,Anoint his eyes; But do it when the next thing he espies May be the lady.,he,PUCK,Anoint his eyes; But do it when the next thing PUCK espies May be the lady.,male,relationship-graph
A MIDSUMMER NIGHT'S DREAM,2,1,OBERON,Thou shalt know the man By the Athenian garments he hath on.,he,PUCK,Thou shalt know the man By the Athenian garments PUCK hath on.,male,relationship-graph
A MIDSUMMER NIGHT'S DREAM,2,1,OBERON,"Effect it with some care, that he may prove More fond on her than she upon her love: And look thou meet me ere the first",he,PUCK,"Effect it with some care, that PUCK may prove More fond on her than she upon her love: And look thou meet me ere the fir",male,relationship-graph
A MIDSUMMER NIGHT'S DREAM,2,1,OBERON,"Effect it with some care, that he may prove More fond on her than she upon her love: And look thou meet me ere the first",her,TITANIA,"Effect it with some care, that PUCK may prove More fond on TITANIA than she upon her love: And look thou meet me ere the",female,relationship-graph
A MIDSUMMER NIGHT'S DREAM,2,1,OBERON,"Effect it with some care, that he may prove More fond on her than she upon her love: And look thou meet me ere the first",she,TITANIA,"Effect it with some care, that PUCK may prove More fond on TITANIA than TITANIA upon her love: And look thou meet me ere",female,relationship-graph
A MIDSUMMER NIGHT'S DREAM,2,2,PUCK,"Weeds of Athens he doth wear: This is he, my master said, Despisèd the Athenian maid; And here the maiden, sleeping soun",he,OBERON,"Weeds of Athens OBERON doth wear: This is he, my master said, Despisèd the Athenian maid; And here the maiden, sleeping ",male,relationship-graph
A MIDSUMMER NIGHT'S DREAM,2,2,PUCK,"Weeds of Athens he doth wear: This is he, my master said, Despisèd the Athenian maid; And here the maiden, sleeping soun",he,OBERON,"Weeds of Athens OBERON doth wear: This is OBERON, my master said, Despisèd the Athenian maid; And here the maiden, sleep",male,relationship-graph
A MIDSUMMER NIGHT'S DREAM,2,2,HELENA,What though he love your Hermia?,he,DEMETRIUS,What though DEMETRIUS love your Hermia?,male,relationship-graph
A MIDSUMMER NIGHT'S DREAM,2,2,LYSANDER,"No, I do repent The tedious minutes I with her have spent.",her,HERMIA,"No, I do repent The tedious minutes I with HERMIA have spent.",female,relationship-graph
A MIDSUMMER NIGHT'S DREAM,2,2,LYSANDER,She sees not Hermia.,She,HERMIA,HERMIA sees not Hermia.,female,relationship-graph
A MIDSUMMER NIGHT'S DREAM,3,1,TITANIA,Be kind and courteous to this gentleman; Hop in his walks and gambol in his eyes; Feed him with apricocks and dewberries,him,OBERON,Be kind and courteous to this gentleman; Hop in his walks and gambol in his eyes; Feed OBERON with apricocks and dewberr,male,relationship-graph
A MIDSUMMER NIGHT'S DREAM,3,1,TITANIA,"Nod to him, elves, and do him courtesies.",him,OBERON,"Nod to OBERON, elves, and do him courtesies.",male,relationship-graph
A MIDSUMMER NIGHT'S DREAM,3,1,TITANIA,"Nod to him, elves, and do him courtesies.",him,OBERON,"Nod to OBERON, elves, and do OBERON courtesies.",male,relationship-graph
A MIDSUMMER NIGHT'S DREAM,3,1,TITANIA,"Come, wait upon him; lead him to my bower.",him,OBERON,"Come, wait upon OBERON; lead him to my bower.",male,relationship-graph
A MIDSUMMER NIGHT'S DREAM,3,1,TITANIA,"Come, wait upon him; lead him to my bower.",him,OBERON,"Come, wait upon OBERON; lead OBERON to my bower.",male,relationship-graph
A MIDSUMMER NIGHT'S DREAM,3,1,TITANIA,"Tie up my love's tongue, bring him silently.",him,OBERON,"Tie up my love's tongue, bring OBERON silently.",male,relationship-graph
A MIDSUMMER NIGHT'S DREAM,3,2,OBERON,"I wonder if Titania be awak'd; Then, what it was that next came in her eye, Which she must dote on in extremity.",she,TITANIA,"I wonder if Titania be awak'd; Then, what it was that next came in her eye, Which TITANIA must dote on in extremity.",female,relationship-graph
A MIDSUMMER NIGHT'S DREAM,3,2,PUCK,"When I did him at this advantage take, An ass's nole I fixed on his head.",him,OBERON,"When I did OBERON at this advantage take, An ass's nole I fixed on his head.",male,relationship-graph
A MIDSUMMER NIGHT'S DREAM,3,2,PUCK,"When they him spy, As wild geese that the creeping fowler eye, Or russet-pated choughs, many in sort, Rising and cawing ",him,OBERON,"When they OBERON spy, As wild geese that the creeping fowler eye, Or russet-pated choughs, many in sort, Rising and cawi",male,relationship-graph
A MIDSUMMER NIGHT'S DREAM,3,2,PUCK,"When they him spy, As wild geese that the creeping fowler eye, Or russet-pated choughs, many in sort, Rising and cawing ",He,OBERON,"When they OBERON spy, As wild geese that the creeping fowler eye, Or russet-pated choughs, many in sort, Rising and cawi",male,relationship-graph
A MIDSUMMER NIGHT'S DREAM,3,2,PUCK,"I took him sleeping—that is finish'd too— And the Athenian woman by his side, That, when he wak'd, of force she must be ",him,OBERON,"I took OBERON sleeping—that is finish'd too— And the Athenian woman by his side, That, when he wak'd, of force she must ",male,relationship-graph
A MIDSUMMER NIGHT'S DREAM,3,2,PUCK,"I took him sleeping—that is finish'd too— And the Athenian woman by his side, That, when he wak'd, of force she must be ",he,OBERON,"I took OBERON sleeping—that is finish'd too— And the Athenian woman by his side, That, when OBERON wak'd, of force she m",male,relationship-graph
A MIDSUMMER NIGHT'S DREAM,3,2,HERMIA,The sun was not so true unto the day As he to me.,he,EGEUS,The sun was not so true unto the day As EGEUS to me.,male,relationship-graph
A MIDSUMMER NIGHT'S DREAM,3,2,HERMIA,Would he have stol'n away From sleeping Hermia?,he,EGEUS,Would EGEUS have stol'n away From sleeping Hermia?,male,relationship-graph
A MIDSUMMER NIGHT'S DREAM,3,2,HERMIA,It cannot be but thou hast murder'd him.,him,EGEUS,It cannot be but thou hast murder'd EGEUS.,male,relationship-graph
A MIDSUMMER NIGHT'S DREAM,3,2,HERMIA,Where is he?,he,EGEUS,Where is EGEUS?,male,relationship-graph
A MIDSUMMER NIGHT'S DREAM,3,2,HERMIA,"Ah, good Demetrius, wilt thou give him me?",him,EGEUS,"Ah, good Demetrius, wilt thou give EGEUS me?",male,relationship-graph
A MIDSUMMER NIGHT'S DREAM,3,2,HERMIA,"Hast thou slain him, then?",him,EGEUS,"Hast thou slain EGEUS, then?",male,relationship-graph
A MIDSUMMER NIGHT'S DREAM,3,2,HERMIA,"Durst thou have look'd upon him, being awake, And hast thou kill'd him sleeping?",him,EGEUS,"Durst thou have look'd upon EGEUS, being awake, And hast thou kill'd him sleeping?",male,relationship-graph
A MIDSUMMER NIGHT'S DREAM,3,2,HERMIA,"Durst thou have look'd upon him, being awake, And hast thou kill'd him sleeping?",him,EGEUS,"Durst thou have look'd upon EGEUS, being awake, And hast thou kill'd EGEUS sleeping?",male,relationship-graph
A MIDSUMMER NIGHT'S DREAM,3,2,HERMIA,"I pray thee, tell me then that he is well.",he,EGEUS,"I pray thee, tell me then that EGEUS is well.",male,relationship-graph
A MIDSUMMER NIGHT'S DREAM,3,2,HERMIA,"And from thy hated presence part I so: See me no more, whether he be dead or no.",he,EGEUS,"And from thy hated presence part I so: See me no more, whether EGEUS be dead or no.",male,relationship-graph
A MIDSUMMER NIGHT'S DREAM,3,2,DEMETRIUS,There is no following her in this fierce vein.,her,HERMIA,There is no following HERMIA in this fierce vein.,female,relationship-graph
A MIDSUMMER NIGHT'S DREAM,3,2,OBERON,"All fancy-sick she is, and pale of cheer With sighs of love, that costs the fresh blood dear.",she,TITANIA,"All fancy-sick TITANIA is, and pale of cheer With sighs of love, that costs the fresh blood dear.",female,relationship-graph
A MIDSUMMER NIGHT'S DREAM,3,2,OBERON,By some illusion see thou bring her here; I'll charm his eyes against she do appear.,her,TITANIA,By some illusion see thou bring TITANIA here; I'll charm his eyes against she do appear.,female,relationship-graph
A MIDSUMMER NIGHT'S DREAM,3,2,OBERON,By some illusion see thou bring her here; I'll charm his eyes against she do appear.,she,TITANIA,By some illusion see thou bring TITANIA here; I'll charm his eyes against TITANIA do appear.,female,relationship-graph
A MIDSUMMER NIGHT'S DREAM,3,2,OBERON,"When his love he doth espy, Let her shine as gloriously As the Venus of the sky.",he,PUCK,"When his love PUCK doth espy, Let her shine as gloriously As the Venus of the sky.",male,relationship-graph
A MIDSUMMER NIGHT'S DREAM,3,2,OBERON,"When his love he doth espy, Let her shine as gloriously As the Venus of the sky.",her,TITANIA,"When his love PUCK doth espy, Let TITANIA shine as gloriously As the Venus of the sky.",female,relationship-graph
A MIDSUMMER NIGHT'S DREAM,3,2,OBERON,"— When thou wak'st, if she be by, Beg of her for remedy.",she,TITANIA,"— When thou wak'st, if TITANIA be by, Beg of her for remedy.",female,relationship-graph
A MIDSUMMER NIGHT'S DREAM,3,2,OBERON,"— When thou wak'st, if she be by, Beg of her for remedy.",her,TITANIA,"— When thou wak'st, if TITANIA be by, Beg of TITANIA for remedy.",female,relationship-graph
A MIDSUMMER NIGHT'S DREAM,3,2,LYSANDER,I had no judgment when to her I swore.,her,HERMIA,I had no judgment when to HERMIA I swore.,female,relationship-graph
A MIDSUMMER NIGHT'S DREAM,3,2,LYSANDER,"Demetrius loves her, and he loves not you.",her,HERMIA,"Demetrius loves HERMIA, and he loves not you.",female,relationship-graph
A MIDSUMMER NIGHT'S DREAM,3,2,LYSANDER,"Demetrius loves her, and he loves not you.",he,DEMETRIUS,"Demetrius loves HERMIA, and DEMETRIUS loves not you.",male,intra-utterance
A MIDSUMMER NIGHT'S DREAM,3,2,DEMETRIUS,"If e'er I lov'd her, all that love is gone.",her,HERMIA,"If e'er I lov'd HERMIA, all that love is gone.",female,relationship-graph
A MIDSUMMER NIGHT'S DREAM,3,2,DEMETRIUS,"My heart to her but as guest-wise sojourn'd; And now to Helen is it home return'd, There to remain.",her,HERMIA,"My heart to HERMIA but as guest-wise sojourn'd; And now to Helen is it home return'd, There to remain.",female,relationship-graph
A MIDSUMMER NIGHT'S DREAM,3,2,HELENA,Wherefore speaks he this To her he hates?,he,DEMETRIUS,Wherefore speaks DEMETRIUS this To her he hates?,male,relationship-graph
A MIDSUMMER NIGHT'S DREAM,3,2,HELENA,Wherefore speaks he this To her he hates?,he,DEMETRIUS,Wherefore speaks DEMETRIUS this To her DEMETRIUS hates?,male,relationship-graph
A MIDSUMMER NIGHT'S DREAM,3,2,DEMETRIUS,"If she cannot entreat, I can compel.",she,HERMIA,"If HERMIA cannot entreat, I can compel.",female,relationship-graph
A MIDSUMMER NIGHT'S DREAM,3,2,LYSANDER,Thou canst compel no more than she entreat; Thy threats have no more strength than her weak prayers.,she,HERMIA,Thou canst compel no more than HERMIA entreat; Thy threats have no more strength than her weak prayers.,female,relationship-graph
A MIDSUMMER NIGHT'S DREAM,3,2,LYSANDER,"What, should I hurt her, strike her, kill her dead?",her,HERMIA,"What, should I hurt HERMIA, strike her, kill her dead?",female,relationship-graph
A MIDSUMMER NIGHT'S DREAM,3,2,LYSANDER,"What, should I hurt her, strike her, kill her dead?",her,HERMIA,"What, should I hurt HERMIA, strike HERMIA, kill her dead?",female,relationship-graph
A MIDSUMMER NIGHT'S DREAM,3,2,LYSANDER,"What, should I hurt her, strike her, kill her dead?",her,HERMIA,"What, should I hurt HERMIA, strike HERMIA, kill HERMIA dead?",female,relationship-graph
A MIDSUMMER NIGHT'S DREAM,3,2,LYSANDER,"Although I hate her, I'll not harm her so.",her,HERMIA,"Although I hate HERMIA, I'll not harm her so.",female,relationship-graph
A MIDSUMMER NIGHT'S DREAM,3,2,LYSANDER,"Although I hate her, I'll not harm her so.",her,HERMIA,"Although I hate HERMIA, I'll not harm HERMIA so.",female,relationship-graph
A MIDSUMMER NIGHT'S DREAM,3,2,HERMIA,What! have you come by night And stol'n my love's heart from him?,him,EGEUS,What! have you come by night And stol'n my love's heart from EGEUS?,male,relationship-graph
A MIDSUMMER NIGHT'S DREAM,3,2,HERMIA,"Now I perceive that she hath made compare Between our statures; she hath urg'd her height; And with her personage, her t",him,EGEUS,"Now I perceive that she hath made compare Between our statures; she hath urg'd her height; And with her personage, her t",male,relationship-graph
A MIDSUMMER NIGHT'S DREAM,3,2,HELENA,"I evermore did love you, Hermia, Did ever keep your counsels, never wrong'd you, Save that, in love unto Demetrius, I to",him,DEMETRIUS,"I evermore did love you, Hermia, Did ever keep your counsels, never wrong'd you, Save that, in love unto Demetrius, I to",male,relationship-graph
A MIDSUMMER NIGHT'S DREAM,3,2,HELENA,"He follow'd you; for love I follow'd him; But he hath chid me hence, and threaten'd me To strike me, spurn me, nay, to k",He,DEMETRIUS,"DEMETRIUS follow'd you; for love I follow'd him; But he hath chid me hence, and threaten'd me To strike me, spurn me, na",male,relationship-graph
A MIDSUMMER NIGHT'S DREAM,3,2,HELENA,"He follow'd you; for love I follow'd him; But he hath chid me hence, and threaten'd me To strike me, spurn me, nay, to k",him,DEMETRIUS,"DEMETRIUS follow'd you; for love I follow'd DEMETRIUS; But he hath chid me hence, and threaten'd me To strike me, spurn ",male,relationship-graph
A MIDSUMMER NIGHT'S DREAM,3,2,HELENA,"He follow'd you; for love I follow'd him; But he hath chid me hence, and threaten'd me To strike me, spurn me, nay, to k",he,DEMETRIUS,"DEMETRIUS follow'd you; for love I follow'd DEMETRIUS; But DEMETRIUS hath chid me hence, and threaten'd me To strike me,",male,relationship-graph
A MIDSUMMER NIGHT'S DREAM,3,2,LYSANDER,"Be not afraid; she shall not harm thee, Helena.",she,HERMIA,"Be not afraid; HERMIA shall not harm thee, Helena.",female,relationship-graph
A MIDSUMMER NIGHT'S DREAM,3,2,DEMETRIUS,"No, sir, she shall not, though you take her part.",she,HERMIA,"No, sir, HERMIA shall not, though you take her part.",female,relationship-graph
A MIDSUMMER NIGHT'S DREAM,3,2,DEMETRIUS,Let her alone.,her,HERMIA,Let HERMIA alone.,female,relationship-graph
A MIDSUMMER NIGHT'S DREAM,3,2,DEMETRIUS,"Speak not of Helena; Take not her part; for if thou dost intend Never so little show of love to her, Thou shalt aby it.",her,HERMIA,"Speak not of Helena; Take not HERMIA part; for if thou dost intend Never so little show of love to her, Thou shalt aby i",female,relationship-graph
A MIDSUMMER NIGHT'S DREAM,3,2,LYSANDER,Now she holds me not.,she,HERMIA,Now HERMIA holds me not.,female,relationship-graph
A MIDSUMMER NIGHT'S DREAM,3,2,PUCK,Did not you tell me I should know the man By the Athenian garments he had on?,he,OBERON,Did not you tell me I should know the man By the Athenian garments OBERON had on?,male,relationship-graph
A MIDSUMMER NIGHT'S DREAM,3,2,OBERON,"Whiles I in this affair do thee employ, I'll to my queen, and beg her Indian boy; And then I will her charmèd eye releas",her,TITANIA,"Whiles I in this affair do thee employ, I'll to my queen, and beg TITANIA Indian boy; And then I will her charmèd eye re",female,relationship-graph
A MIDSUMMER NIGHT'S DREAM,3,2,PUCK,He is defil'd That draws a sword on thee.,He,OBERON,OBERON is defil'd That draws a sword on thee.,male,relationship-graph
A MIDSUMMER NIGHT'S DREAM,4,1,OBERON,"For, meeting her of late behind the wood, Seeking sweet favours for this hateful fool, I did upbraid her and fall out wi",her,TITANIA,"For, meeting TITANIA of late behind the wood, Seeking sweet favours for this hateful fool, I did upbraid her and fall ou",female,relationship-graph
A MIDSUMMER NIGHT'S DREAM,4,1,OBERON,"For, meeting her of late behind the wood, Seeking sweet favours for this hateful fool, I did upbraid her and fall out wi",her,TITANIA,"For, meeting TITANIA of late behind the wood, Seeking sweet favours for this hateful fool, I did upbraid TITANIA and fal",female,relationship-graph
A MIDSUMMER NIGHT'S DREAM,4,1,OBERON,"For, meeting her of late behind the wood, Seeking sweet favours for this hateful fool, I did upbraid her and fall out wi",her,TITANIA,"For, meeting TITANIA of late behind the wood, Seeking sweet favours for this hateful fool, I did upbraid TITANIA and fal",female,relationship-graph
A MIDSUMMER NIGHT'S DREAM,4,1,OBERON,"For, meeting her of late behind the wood, Seeking sweet favours for this hateful fool, I did upbraid her and fall out wi",she,TITANIA,"For, meeting TITANIA of late behind the wood, Seeking sweet favours for this hateful fool, I did upbraid TITANIA and fal",female,relationship-graph
A MIDSUMMER NIGHT'S DREAM,4,1,OBERON,"When I had at my pleasure taunted her, And she in mild terms begg'd my patience, I then did ask of her her changeling ch",her,TITANIA,"When I had at my pleasure taunted TITANIA, And she in mild terms begg'd my patience, I then did ask of her her changelin",female,relationship-graph
A MIDSUMMER NIGHT'S DREAM,4,1,OBERON,"When I had at my pleasure taunted her, And she in mild terms begg'd my patience, I then did ask of her her changeling ch",she,TITANIA,"When I had at my pleasure taunted TITANIA, And TITANIA in mild terms begg'd my patience, I then did ask of her her chang",female,relationship-graph
A MIDSUMMER NIGHT'S DREAM,4,1,OBERON,"When I had at my pleasure taunted her, And she in mild terms begg'd my patience, I then did ask of her her changeling ch",she,TITANIA,"When I had at my pleasure taunted TITANIA, And TITANIA in mild terms begg'd my patience, I then did ask of her her chang",female,relationship-graph
A MIDSUMMER NIGHT'S DREAM,4,1,OBERON,"When I had at my pleasure taunted her, And she in mild terms begg'd my patience, I then did ask of her her changeling ch",him,PUCK,"When I had at my pleasure taunted TITANIA, And TITANIA in mild terms begg'd my patience, I then did ask of her her chang",male,relationship-graph
A MIDSUMMER NIGHT'S DREAM,4,1,OBERON,"And, gentle Puck, take this transformèd scalp From off the head of this Athenian swain, That he awaking when the other d",he,PUCK,"And, gentle Puck, take this transformèd scalp From off the head of this Athenian swain, That PUCK awaking when the other",male,relationship-graph
A MIDSUMMER NIGHT'S DREAM,4,1,EGEUS,"They would have stol'n away, they would, Demetrius, Thereby to have defeated you and me: You of your wife, and me of my ",she,HERMIA,"They would have stol'n away, they would, Demetrius, Thereby to have defeated you and me: You of your wife, and me of my ",female,relationship-graph
A MIDSUMMER NIGHT'S DREAM,4,1,DEMETRIUS,"To her, my lord, Was I betroth'd ere",her,HERMIA,"To HERMIA, my lord, Was I betroth'd ere",female,intra-utterance
A MIDSUMMER NIGHT'S DREAM,5,1,HIPPOLYTA,He says they can do nothing in this kind.,He,THESEUS,THESEUS says they can do nothing in this kind.,male,relationship-graph
A MIDSUMMER NIGHT'S DREAM,5,1,HIPPOLYTA,"Indeed he hath played on this prologue like a child on a recorder; a sound, but not in government.",he,THESEUS,"Indeed THESEUS hath played on this prologue like a child on a recorder; a sound, but not in government.",male,relationship-graph
A MIDSUMMER NIGHT'S DREAM,5,1,THESEUS,"The trusty Thisbe, coming first by night, Did scare away, or rather did affright; And as she fled, her mantle she did fa",she,HIPPOLYTA,"The trusty Thisbe, coming first by night, Did scare away, or rather did affright; And as HIPPOLYTA fled, her mantle she ",female,relationship-graph
A MIDSUMMER NIGHT'S DREAM,5,1,THESEUS,"The trusty Thisbe, coming first by night, Did scare away, or rather did affright; And as she fled, her mantle she did fa",she,HIPPOLYTA,"The trusty Thisbe, coming first by night, Did scare away, or rather did affright; And as HIPPOLYTA fled, her mantle HIPP",female,relationship-graph
A MIDSUMMER NIGHT'S DREAM,5,1,HIPPOLYTA,Would he would change!,he,THESEUS,Would THESEUS would change!,male,relationship-graph
A MIDSUMMER NIGHT'S DREAM,5,1,THESEUS,She will find him by starlight.,She,HIPPOLYTA,HIPPOLYTA will find him by starlight.,female,relationship-graph
A MIDSUMMER NIGHT'S DREAM,5,1,THESEUS,"Here she comes, and her passion ends the play.",she,HIPPOLYTA,"Here HIPPOLYTA comes, and her passion ends the play.",female,relationship-graph
A MIDSUMMER NIGHT'S DREAM,5,1,DEMETRIUS,"A mote will turn the balance, which Pyramus, which Thisbe, is the better: he for a man, God warrant us; she for a woman,",she,HERMIA,"A mote will turn the balance, which Pyramus, which Thisbe, is the better: he for a man, God warrant us; HERMIA for a wom",female,relationship-graph
A MIDSUMMER NIGHT'S DREAM,5,1,LYSANDER,She hath spied him already with those sweet eyes.,She,HERMIA,HERMIA hath spied him already with those sweet eyes.,female,relationship-graph
A MIDSUMMER NIGHT'S DREAM,5,1,DEMETRIUS,"And thus she means, videlicet—",she,HERMIA,"And thus HERMIA means, videlicet—",female,relationship-graph
MUCH ADO ABOUT NOTHING,1,1,MESSENGER,"He hath borne himself beyond the promise of his age, doing in the figure of a lamb the feats of a lion: he hath indeed b",He,DON PEDRO,"DON PEDRO hath borne himself beyond the promise of his age, doing in the figure of a lamb the feats of a lion: he hath i",male,prev-utterance
MUCH ADO ABOUT NOTHING,1,1,MESSENGER,"He hath borne himself beyond the promise of his age, doing in the figure of a lamb the feats of a lion: he hath indeed b",himself,DON PEDRO,"DON PEDRO hath borne DON PEDRO beyond the promise of his age, doing in the figure of a lamb the feats of a lion: he hath",male,prev-utterance
MUCH ADO ABOUT NOTHING,1,1,MESSENGER,"He hath borne himself beyond the promise of his age, doing in the figure of a lamb the feats of a lion: he hath indeed b",he,DON PEDRO,"DON PEDRO hath borne DON PEDRO beyond the promise of his age, doing in the figure of a lamb the feats of a lion: DON PED",male,prev-utterance
MUCH ADO ABOUT NOTHING,1,1,LEONATO,He hath an uncle here in Messina will be very much glad of it.,He,ANTONIO,ANTONIO hath an uncle here in Messina will be very much glad of it.,male,relationship-graph
MUCH ADO ABOUT NOTHING,1,1,LEONATO,Did he break out into tears?,he,ANTONIO,Did ANTONIO break out into tears?,male,relationship-graph
MUCH ADO ABOUT NOTHING,1,1,LEONATO,"What is he that you ask for, niece?",he,ANTONIO,"What is ANTONIO that you ask for, niece?",male,relationship-graph
MUCH ADO ABOUT NOTHING,1,1,BEATRICE,"He set up his bills here in Messina and challenged Cupid at the flight; and my uncle's fool, reading the challenge, subs",He,BENEDICK,"BENEDICK set up his bills here in Messina and challenged Cupid at the flight; and my uncle's fool, reading the challenge",male,relationship-graph
MUCH ADO ABOUT NOTHING,1,1,BEATRICE,"He set up his bills here in Messina and challenged Cupid at the flight; and my uncle's fool, reading the challenge, subs",him,BENEDICK,"BENEDICK set up his bills here in Messina and challenged Cupid at the flight; and my uncle's fool, reading the challenge",male,relationship-graph
MUCH ADO ABOUT NOTHING,1,1,BEATRICE,"I pray you, how many hath he killed and eaten in these wars?",he,BENEDICK,"I pray you, how many hath BENEDICK killed and eaten in these wars?",male,relationship-graph
MUCH ADO ABOUT NOTHING,1,1,BEATRICE,But how many hath he killed?,he,BENEDICK,But how many hath BENEDICK killed?,male,relationship-graph
MUCH ADO ABOUT NOTHING,1,1,LEONATO,"Faith, niece, you tax Signior Benedick too much; but he'll be meet with you, I doubt it not.",he,ANTONIO,"Faith, niece, you tax Signior Benedick too much; but ANTONIO'll be meet with you, I doubt it not.",male,relationship-graph
MUCH ADO ABOUT NOTHING,1,1,BEATRICE,"You had musty victual, and he hath holp to eat it; he is a very valiant trencher-man; he hath an excellent stomach.",he,BENEDICK,"You had musty victual, and BENEDICK hath holp to eat it; he is a very valiant trencher-man; he hath an excellent stomach",male,relationship-graph
MUCH ADO ABOUT NOTHING,1,1,BEATRICE,"You had musty victual, and he hath holp to eat it; he is a very valiant trencher-man; he hath an excellent stomach.",he,BENEDICK,"You had musty victual, and BENEDICK hath holp to eat it; BENEDICK is a very valiant trencher-man; he hath an excellent s",male,relationship-graph
MUCH ADO ABOUT NOTHING,1,1,BEATRICE,"You had musty victual, and he hath holp to eat it; he is a very valiant trencher-man; he hath an excellent stomach.",he,BENEDICK,"You had musty victual, and BENEDICK hath holp to eat it; BENEDICK is a very valiant trencher-man; BENEDICK hath an excel",male,relationship-graph
MUCH ADO ABOUT NOTHING,1,1,BEATRICE,And a good soldier to a lady; but what is he to a lord?,he,BENEDICK,And a good soldier to a lady; but what is BENEDICK to a lord?,male,relationship-graph
MUCH ADO ABOUT NOTHING,1,1,BEATRICE,"It is so indeed; he is no less than a stuffed man; but for the stuffing,—well, we are all mortal.",he,BENEDICK,"It is so indeed; BENEDICK is no less than a stuffed man; but for the stuffing,—well, we are all mortal.",male,relationship-graph
MUCH ADO ABOUT NOTHING,1,1,LEONATO,There is a kind of merry war betwixt Signior Benedick and her; they never meet,her,HERO,There is a kind of merry war betwixt Signior Benedick and HERO; they never meet,female,relationship-graph
MUCH ADO ABOUT NOTHING,1,1,BEATRICE,he gets nothing by that.,he,BENEDICK,BENEDICK gets nothing by that.,male,relationship-graph
MUCH ADO ABOUT NOTHING,1,1,BEATRICE,"so that if he have wit enough to keep himself warm, let him bear it for a difference between himself and his horse; for ",he,BENEDICK,"so that if BENEDICK have wit enough to keep himself warm, let him bear it for a difference between himself and his horse",male,relationship-graph
MUCH ADO ABOUT NOTHING,1,1,BEATRICE,"so that if he have wit enough to keep himself warm, let him bear it for a difference between himself and his horse; for ",himself,BENEDICK,"so that if BENEDICK have wit enough to keep BENEDICK warm, let him bear it for a difference between himself and his hors",male,relationship-graph
MUCH ADO ABOUT NOTHING,1,1,BEATRICE,"so that if he have wit enough to keep himself warm, let him bear it for a difference between himself and his horse; for ",him,BENEDICK,"so that if BENEDICK have wit enough to keep BENEDICK warm, let BENEDICK bear it for a difference between himself and his",male,relationship-graph
MUCH ADO ABOUT NOTHING,1,1,BEATRICE,"so that if he have wit enough to keep himself warm, let him bear it for a difference between himself and his horse; for ",himself,BENEDICK,"so that if BENEDICK have wit enough to keep BENEDICK warm, let BENEDICK bear it for a difference between BENEDICK and hi",male,relationship-graph
MUCH ADO ABOUT NOTHING,1,1,BEATRICE,"so that if he have wit enough to keep himself warm, let him bear it for a difference between himself and his horse; for ",he,BENEDICK,"so that if BENEDICK have wit enough to keep BENEDICK warm, let BENEDICK bear it for a difference between BENEDICK and hi",male,relationship-graph
MUCH ADO ABOUT NOTHING,1,1,BEATRICE,He hath every month a new sworn brother.,He,BENEDICK,BENEDICK hath every month a new sworn brother.,male,relationship-graph
MUCH ADO ABOUT NOTHING,1,1,BEATRICE,Very easily possible: he wears his faith but as the fashion of his hat; it ever changes with the next block.,he,BENEDICK,Very easily possible: BENEDICK wears his faith but as the fashion of his hat; it ever changes with the next block.,male,relationship-graph
MUCH ADO ABOUT NOTHING,1,1,BEATRICE,"No; and he were, I would burn my study.",he,BENEDICK,"No; and BENEDICK were, I would burn my study.",male,relationship-graph
MUCH ADO ABOUT NOTHING,1,1,BEATRICE,Is there no young squarer now that will make a voyage with him to the devil?,him,BENEDICK,Is there no young squarer now that will make a voyage with BENEDICK to the devil?,male,relationship-graph
MUCH ADO ABOUT NOTHING,1,1,BEATRICE,"O Lord, he will hang upon him like a disease: he is sooner caught than the pestilence, and the taker runs presently mad.",he,BENEDICK,"O Lord, BENEDICK will hang upon him like a disease: he is sooner caught than the pestilence, and the taker runs presentl",male,relationship-graph
MUCH ADO ABOUT NOTHING,1,1,BEATRICE,"O Lord, he will hang upon him like a disease: he is sooner caught than the pestilence, and the taker runs presently mad.",him,BENEDICK,"O Lord, BENEDICK will hang upon BENEDICK like a disease: he is sooner caught than the pestilence, and the taker runs pre",male,relationship-graph
MUCH ADO ABOUT NOTHING,1,1,BEATRICE,"O Lord, he will hang upon him like a disease: he is sooner caught than the pestilence, and the taker runs presently mad.",he,BENEDICK,"O Lord, BENEDICK will hang upon BENEDICK like a disease: BENEDICK is sooner caught than the pestilence, and the taker ru",male,relationship-graph
MUCH ADO ABOUT NOTHING,1,1,BEATRICE,"If he have caught the Benedick, it will cost him a thousand pound ere he be cured.",he,BENEDICK,"If BENEDICK have caught the Benedick, it will cost him a thousand pound ere he be cured.",male,relationship-graph
MUCH ADO ABOUT NOTHING,1,1,BEATRICE,"If he have caught the Benedick, it will cost him a thousand pound ere he be cured.",him,BENEDICK,"If BENEDICK have caught the Benedick, it will cost BENEDICK a thousand pound ere he be cured.",male,relationship-graph
MUCH ADO ABOUT NOTHING,1,1,BEATRICE,"If he have caught the Benedick, it will cost him a thousand pound ere he be cured.",he,BENEDICK,"If BENEDICK have caught the Benedick, it will cost BENEDICK a thousand pound ere BENEDICK be cured.",male,relationship-graph
MUCH ADO ABOUT NOTHING,1,1,BENEDICK,"Were you in doubt, sir, that you asked her?",her,BEATRICE,"Were you in doubt, sir, that you asked BEATRICE?",female,relationship-graph
MUCH ADO ABOUT NOTHING,1,1,BENEDICK,"If Signior Leonato be her father, she would not have his head on her shoulders for all Messina, as like him as she is.",she,BEATRICE,"If Signior Leonato be her father, BEATRICE would not have his head on her shoulders for all Messina, as like him as she ",female,relationship-graph
MUCH ADO ABOUT NOTHING,1,1,BENEDICK,"If Signior Leonato be her father, she would not have his head on her shoulders for all Messina, as like him as she is.",she,BEATRICE,"If Signior Leonato be her father, BEATRICE would not have his head on her shoulders for all Messina, as like him as BEAT",female,relationship-graph
MUCH ADO ABOUT NOTHING,1,1,BEATRICE,I had rather hear my dog bark at a crow than a man swear he loves me.,he,BENEDICK,I had rather hear my dog bark at a crow than a man swear BENEDICK loves me.,male,relationship-graph
MUCH ADO ABOUT NOTHING,1,1,DON PEDRO,"I tell him we shall stay here at the least a month, and he heartly prays some occasion may detain us longer: I dare swea",him,DON JOHN,"I tell DON JOHN we shall stay here at the least a month, and he heartly prays some occasion may detain us longer: I dare",male,relationship-graph
MUCH ADO ABOUT NOTHING,1,1,DON PEDRO,"I tell him we shall stay here at the least a month, and he heartly prays some occasion may detain us longer: I dare swea",he,DON JOHN,"I tell DON JOHN we shall stay here at the least a month, and DON JOHN heartly prays some occasion may detain us longer: ",male,relationship-graph
MUCH ADO ABOUT NOTHING,1,1,DON PEDRO,"I tell him we shall stay here at the least a month, and he heartly prays some occasion may detain us longer: I dare swea",he,DON JOHN,"I tell DON JOHN we shall stay here at the least a month, and DON JOHN heartly prays some occasion may detain us longer: ",male,relationship-graph
MUCH ADO ABOUT NOTHING,1,1,BENEDICK,I noted her not; but I looked on her.,her,BEATRICE,I noted BEATRICE not; but I looked on her.,female,relationship-graph
MUCH ADO ABOUT NOTHING,1,1,BENEDICK,I noted her not; but I looked on her.,her,BEATRICE,I noted BEATRICE not; but I looked on BEATRICE.,female,relationship-graph
MUCH ADO ABOUT NOTHING,1,1,CLAUDIO,Is she not a modest young lady?,she,HERO,Is HERO not a modest young lady?,female,relationship-graph
MUCH ADO ABOUT NOTHING,1,1,BENEDICK,"Why, i' faith, methinks she's too low for a high praise, too brown for a fair praise, and too little for a great praise;",she,BEATRICE,"Why, i' faith, methinks BEATRICE's too low for a high praise, too brown for a fair praise, and too little for a great pr",female,relationship-graph
MUCH ADO ABOUT NOTHING,1,1,BENEDICK,"Why, i' faith, methinks she's too low for a high praise, too brown for a fair praise, and too little for a great praise;",her,BEATRICE,"Why, i' faith, methinks BEATRICE's too low for a high praise, too brown for a fair praise, and too little for a great pr",female,relationship-graph
MUCH ADO ABOUT NOTHING,1,1,BENEDICK,"Why, i' faith, methinks she's too low for a high praise, too brown for a fair praise, and too little for a great praise;",she,BEATRICE,"Why, i' faith, methinks BEATRICE's too low for a high praise, too brown for a fair praise, and too little for a great pr",female,relationship-graph
MUCH ADO ABOUT NOTHING,1,1,BENEDICK,"Why, i' faith, methinks she's too low for a high praise, too brown for a fair praise, and too little for a great praise;",she,BEATRICE,"Why, i' faith, methinks BEATRICE's too low for a high praise, too brown for a fair praise, and too little for a great pr",female,relationship-graph
MUCH ADO ABOUT NOTHING,1,1,BENEDICK,"Why, i' faith, methinks she's too low for a high praise, too brown for a fair praise, and too little for a great praise;",she,BEATRICE,"Why, i' faith, methinks BEATRICE's too low for a high praise, too brown for a fair praise, and too little for a great pr",female,relationship-graph
MUCH ADO ABOUT NOTHING,1,1,BENEDICK,"Why, i' faith, methinks she's too low for a high praise, too brown for a fair praise, and too little for a great praise;",she,BEATRICE,"Why, i' faith, methinks BEATRICE's too low for a high praise, too brown for a fair praise, and too little for a great pr",female,relationship-graph
MUCH ADO ABOUT NOTHING,1,1,BENEDICK,"Why, i' faith, methinks she's too low for a high praise, too brown for a fair praise, and too little for a great praise;",her,BEATRICE,"Why, i' faith, methinks BEATRICE's too low for a high praise, too brown for a fair praise, and too little for a great pr",female,relationship-graph
MUCH ADO ABOUT NOTHING,1,1,CLAUDIO,Thou thinkest I am in sport: I pray thee tell me truly how thou likest her.,her,HERO,Thou thinkest I am in sport: I pray thee tell me truly how thou likest HERO.,female,relationship-graph
MUCH ADO ABOUT NOTHING,1,1,BENEDICK,"Would you buy her, that you enquire after her?",her,BEATRICE,"Would you buy BEATRICE, that you enquire after her?",female,relationship-graph
MUCH ADO ABOUT NOTHING,1,1,BENEDICK,"Would you buy her, that you enquire after her?",her,BEATRICE,"Would you buy BEATRICE, that you enquire after BEATRICE?",female,relationship-graph
MUCH ADO ABOUT NOTHING,1,1,CLAUDIO,In mine eye she is the sweetest lady that ever I looked on.,she,HERO,In mine eye HERO is the sweetest lady that ever I looked on.,female,relationship-graph
MUCH ADO ABOUT NOTHING,1,1,BENEDICK,"I can see yet without spectacles and I see no such matter: there's her cousin and she were not possessed with a fury, ex",she,BEATRICE,I can see yet without spectacles and I see no such matter: there's her cousin and BEATRICE were not possessed with a fur,female,relationship-graph
MUCH ADO ABOUT NOTHING,1,1,BENEDICK,"I can see yet without spectacles and I see no such matter: there's her cousin and she were not possessed with a fury, ex",her,BEATRICE,I can see yet without spectacles and I see no such matter: there's BEATRICE cousin and BEATRICE were not possessed with ,female,relationship-graph
MUCH ADO ABOUT NOTHING,1,1,CLAUDIO,"That I love her, I feel.",her,HERO,"That I love HERO, I feel.",female,relationship-graph
MUCH ADO ABOUT NOTHING,1,1,BENEDICK,"That I neither feel how she should be loved, nor know how she should be worthy, is the opinion that fire cannot melt out",she,BEATRICE,"That I neither feel how BEATRICE should be loved, nor know how she should be worthy, is the opinion that fire cannot mel",female,relationship-graph
MUCH ADO ABOUT NOTHING,1,1,BENEDICK,"That I neither feel how she should be loved, nor know how she should be worthy, is the opinion that fire cannot melt out",she,BEATRICE,"That I neither feel how BEATRICE should be loved, nor know how BEATRICE should be worthy, is the opinion that fire canno",female,relationship-graph
MUCH ADO ABOUT NOTHING,1,1,BENEDICK,"That a woman conceived me, I thank her; that she brought me up, I likewise give her most humble thanks; but that I will ",her,BEATRICE,"That a woman conceived me, I thank BEATRICE; that she brought me up, I likewise give her most humble thanks; but that I ",female,relationship-graph
MUCH ADO ABOUT NOTHING,1,1,BENEDICK,"That a woman conceived me, I thank her; that she brought me up, I likewise give her most humble thanks; but that I will ",she,BEATRICE,"That a woman conceived me, I thank BEATRICE; that BEATRICE brought me up, I likewise give her most humble thanks; but th",female,relationship-graph
MUCH ADO ABOUT NOTHING,1,1,BENEDICK,"That a woman conceived me, I thank her; that she brought me up, I likewise give her most humble thanks; but that I will ",her,BEATRICE,"That a woman conceived me, I thank BEATRICE; that BEATRICE brought me up, I likewise give BEATRICE most humble thanks; b",female,relationship-graph
MUCH ADO ABOUT NOTHING,1,1,DON PEDRO,"In the meantime, good Signior Benedick, repair to Leonato's: commend me to him and tell him I will not fail him at suppe",him,DON JOHN,"In the meantime, good Signior Benedick, repair to Leonato's: commend me to DON JOHN and tell him I will not fail him at ",male,relationship-graph
MUCH ADO ABOUT NOTHING,1,1,DON PEDRO,"In the meantime, good Signior Benedick, repair to Leonato's: commend me to him and tell him I will not fail him at suppe",him,DON JOHN,"In the meantime, good Signior Benedick, repair to Leonato's: commend me to DON JOHN and tell DON JOHN I will not fail hi",male,relationship-graph
MUCH ADO ABOUT NOTHING,1,1,DON PEDRO,"In the meantime, good Signior Benedick, repair to Leonato's: commend me to him and tell him I will not fail him at suppe",him,DON JOHN,"In the meantime, good Signior Benedick, repair to Leonato's: commend me to DON JOHN and tell DON JOHN I will not fail DO",male,relationship-graph
MUCH ADO ABOUT NOTHING,1,1,DON PEDRO,"In the meantime, good Signior Benedick, repair to Leonato's: commend me to him and tell him I will not fail him at suppe",he,DON JOHN,"In the meantime, good Signior Benedick, repair to Leonato's: commend me to DON JOHN and tell DON JOHN I will not fail DO",male,relationship-graph
MUCH ADO ABOUT NOTHING,1,1,CLAUDIO,"my lord, When you went onward on this ended action, I looked upon her with a soldier's eye, That lik'd, but had a roughe",her,HERO,"my lord, When you went onward on this ended action, I looked upon HERO with a soldier's eye, That lik'd, but had a rough",female,relationship-graph
MUCH ADO ABOUT NOTHING,1,1,CLAUDIO,"my lord, When you went onward on this ended action, I looked upon her with a soldier's eye, That lik'd, but had a roughe",her,HERO,"my lord, When you went onward on this ended action, I looked upon HERO with a soldier's eye, That lik'd, but had a rough",female,relationship-graph
MUCH ADO ABOUT NOTHING,1,1,DON PEDRO,"If thou dost love fair Hero, cherish it, And I will break with her, and with her father, And thou shalt have her.",her,HERO,"If thou dost love fair Hero, cherish it, And I will break with HERO, and with her father, And thou shalt have her.",female,intra-utterance
MUCH ADO ABOUT NOTHING,1,1,DON PEDRO,"If thou dost love fair Hero, cherish it, And I will break with her, and with her father, And thou shalt have her.",her,HERO,"If thou dost love fair Hero, cherish it, And I will break with HERO, and with HERO father, And thou shalt have her.",female,intra-utterance
MUCH ADO ABOUT NOTHING,1,2,LEONATO,Hath he provided this music?,he,ANTONIO,Hath ANTONIO provided this music?,male,relationship-graph
MUCH ADO ABOUT NOTHING,1,2,ANTONIO,He is very busy about it.,He,LEONATO,LEONATO is very busy about it.,male,relationship-graph
MUCH ADO ABOUT NOTHING,1,2,ANTONIO,"The Prince and Count Claudio, walking in a thick-pleached alley in my orchard, were thus much overheard by a man of mine",he,LEONATO,"The Prince and Count Claudio, walking in a thick-pleached alley in my orchard, were thus much overheard by a man of mine",male,relationship-graph
MUCH ADO ABOUT NOTHING,1,2,ANTONIO,"The Prince and Count Claudio, walking in a thick-pleached alley in my orchard, were thus much overheard by a man of mine",he,LEONATO,"The Prince and Count Claudio, walking in a thick-pleached alley in my orchard, were thus much overheard by a man of mine",male,relationship-graph
MUCH ADO ABOUT NOTHING,1,2,ANTONIO,"The Prince and Count Claudio, walking in a thick-pleached alley in my orchard, were thus much overheard by a man of mine",he,LEONATO,"The Prince and Count Claudio, walking in a thick-pleached alley in my orchard, were thus much overheard by a man of mine",male,relationship-graph
MUCH ADO ABOUT NOTHING,1,2,ANTONIO,A good sharp fellow: I will send for him; and question him yourself.,him,LEONATO,A good sharp fellow: I will send for LEONATO; and question him yourself.,male,relationship-graph
MUCH ADO ABOUT NOTHING,1,2,ANTONIO,A good sharp fellow: I will send for him; and question him yourself.,him,LEONATO,A good sharp fellow: I will send for LEONATO; and question LEONATO yourself.,male,relationship-graph
MUCH ADO ABOUT NOTHING,1,2,LEONATO,"No, no; we will hold it as a dream till it appear itself: but I will acquaint my daughter withal, that she may be the be",she,HERO,"No, no; we will hold it as a dream till it appear itself: but I will acquaint my daughter withal, that HERO may be the b",female,relationship-graph
MUCH ADO ABOUT NOTHING,1,2,LEONATO,Go you and tell her of it.,her,HERO,Go you and tell HERO of it.,female,relationship-graph
MUCH ADO ABOUT NOTHING,1,3,CONRADE,"You have of late stood out against your brother, and he hath ta'en you newly into his grace; where it is impossible you ",he,DON JOHN,"You have of late stood out against your brother, and DON JOHN hath ta'en you newly into his grace; where it is impossibl",male,relationship-graph
MUCH ADO ABOUT NOTHING,1,3,DON JOHN,What is he for a fool that betroths himself to unquietness?,he,DON PEDRO,What is DON PEDRO for a fool that betroths himself to unquietness?,male,relationship-graph
MUCH ADO ABOUT NOTHING,1,3,DON JOHN,What is he for a fool that betroths himself to unquietness?,himself,DON PEDRO,What is DON PEDRO for a fool that betroths DON PEDRO to unquietness?,male,relationship-graph
MUCH ADO ABOUT NOTHING,1,3,BORACHIO,Even he.,he,DON JOHN,Even DON JOHN.,male,relationship-graph
MUCH ADO ABOUT NOTHING,1,3,DON JOHN,which way looks he?,he,DON PEDRO,which way looks DON PEDRO?,male,relationship-graph
MUCH ADO ABOUT NOTHING,1,3,BORACHIO,"I whipt me behind the arras, and there heard it agreed upon that the Prince should woo Hero for himself, and having obta",himself,DON JOHN,"I whipt me behind the arras, and there heard it agreed upon that the Prince should woo Hero for DON JOHN, and having obt",male,relationship-graph
MUCH ADO ABOUT NOTHING,1,3,DON JOHN,"That young start-up hath all the glory of my overthrow: if I can cross him any way, I bless myself every way.",him,DON PEDRO,"That young start-up hath all the glory of my overthrow: if I can cross DON PEDRO any way, I bless myself every way.",male,relationship-graph
MUCH ADO ABOUT NOTHING,2,1,ANTONIO,I saw him not.,him,LEONATO,I saw LEONATO not.,male,relationship-graph
MUCH ADO ABOUT NOTHING,2,1,BEATRICE,I never can see him,him,BENEDICK,I never can see BENEDICK,male,relationship-graph
MUCH ADO ABOUT NOTHING,2,1,HERO,He is of a very melancholy disposition.,He,CLAUDIO,CLAUDIO is of a very melancholy disposition.,male,relationship-graph
MUCH ADO ABOUT NOTHING,2,1,BEATRICE,"He were an excellent man that were made just in the mid-way between him and Benedick: the one is too like an image, and ",He,BENEDICK,BENEDICK were an excellent man that were made just in the mid-way between him and Benedick: the one is too like an image,male,relationship-graph
MUCH ADO ABOUT NOTHING,2,1,BEATRICE,"He were an excellent man that were made just in the mid-way between him and Benedick: the one is too like an image, and ",him,BENEDICK,BENEDICK were an excellent man that were made just in the mid-way between BENEDICK and Benedick: the one is too like an ,male,relationship-graph
MUCH ADO ABOUT NOTHING,2,1,BEATRICE,"Too curst is more than curst: I shall lessen God's sending that way; for it is said, 'God sends a curst cow short horns;",he,BENEDICK,"Too curst is more than curst: I shall lessen God's sending that way; for it is said, 'God sends a curst cow short horns;",male,relationship-graph
MUCH ADO ABOUT NOTHING,2,1,BEATRICE,"Just, if he send me no husband; for the which blessing I am at him upon my knees every morning and evening.",he,BENEDICK,"Just, if BENEDICK send me no husband; for the which blessing I am at him upon my knees every morning and evening.",male,relationship-graph
MUCH ADO ABOUT NOTHING,2,1,BEATRICE,"Just, if he send me no husband; for the which blessing I am at him upon my knees every morning and evening.",him,BENEDICK,"Just, if BENEDICK send me no husband; for the which blessing I am at BENEDICK upon my knees every morning and evening.",male,relationship-graph
MUCH ADO ABOUT NOTHING,2,1,BEATRICE,What should I do with him?,him,BENEDICK,What should I do with BENEDICK?,male,relationship-graph
MUCH ADO ABOUT NOTHING,2,1,BEATRICE,dress him in my apparel and make him my waiting gentlewoman?,him,BENEDICK,dress BENEDICK in my apparel and make him my waiting gentlewoman?,male,relationship-graph
MUCH ADO ABOUT NOTHING,2,1,BEATRICE,dress him in my apparel and make him my waiting gentlewoman?,him,BENEDICK,dress BENEDICK in my apparel and make BENEDICK my waiting gentlewoman?,male,relationship-graph
MUCH ADO ABOUT NOTHING,2,1,BEATRICE,"He that hath a beard is more than a youth, and he that hath no beard is less than a man; and he that is more than a yout",He,BENEDICK,"BENEDICK that hath a beard is more than a youth, and he that hath no beard is less than a man; and he that is more than ",male,relationship-graph
MUCH ADO ABOUT NOTHING,2,1,BEATRICE,"He that hath a beard is more than a youth, and he that hath no beard is less than a man; and he that is more than a yout",he,BENEDICK,"BENEDICK that hath a beard is more than a youth, and BENEDICK that hath no beard is less than a man; and he that is more",male,relationship-graph
MUCH ADO ABOUT NOTHING,2,1,BEATRICE,"He that hath a beard is more than a youth, and he that hath no beard is less than a man; and he that is more than a yout",he,BENEDICK,"BENEDICK that hath a beard is more than a youth, and BENEDICK that hath no beard is less than a man; and BENEDICK that i",male,relationship-graph
MUCH ADO ABOUT NOTHING,2,1,BEATRICE,"He that hath a beard is more than a youth, and he that hath no beard is less than a man; and he that is more than a yout",he,BENEDICK,"BENEDICK that hath a beard is more than a youth, and BENEDICK that hath no beard is less than a man; and BENEDICK that i",male,relationship-graph
MUCH ADO ABOUT NOTHING,2,1,BEATRICE,"He that hath a beard is more than a youth, and he that hath no beard is less than a man; and he that is more than a yout",him,BENEDICK,"BENEDICK that hath a beard is more than a youth, and BENEDICK that hath no beard is less than a man; and BENEDICK that i",male,relationship-graph
MUCH ADO ABOUT NOTHING,2,1,BEATRICE,"So deliver I up my apes, and away to Saint Peter for the heavens: he shows me where the bachelors sit, and there live we",he,BENEDICK,"So deliver I up my apes, and away to Saint Peter for the heavens: BENEDICK shows me where the bachelors sit, and there l",male,relationship-graph
MUCH ADO ABOUT NOTHING,2,1,BEATRICE,"Yes, faith; it is my cousin's duty to make curtsy, and say, 'Father, as it please you:'— but yet for all that, cousin, l",him,BENEDICK,"Yes, faith; it is my cousin's duty to make curtsy, and say, 'Father, as it please you:'— but yet for all that, cousin, l",male,relationship-graph
MUCH ADO ABOUT NOTHING,2,1,BEATRICE,"The fault will be in the music, cousin, if you be not wooed in good time: if the Prince be too important, tell him there",him,BENEDICK,"The fault will be in the music, cousin, if you be not wooed in good time: if the Prince be too important, tell BENEDICK ",male,relationship-graph
MUCH ADO ABOUT NOTHING,2,1,BEATRICE,"For, hear me, Hero: wooing, wedding, and repenting is as a Scotch jig, a measure, and a cinquepace: the first suit is ho",he,BENEDICK,"For, hear me, Hero: wooing, wedding, and repenting is as a Scotch jig, a measure, and a cinquepace: the first suit is ho",male,relationship-graph
MUCH ADO ABOUT NOTHING,2,1,ANTONIO,"To tell you true, I counterfeit him.",him,LEONATO,"To tell you true, I counterfeit LEONATO.",male,relationship-graph
MUCH ADO ABOUT NOTHING,2,1,BEATRICE,I am sure you know him well enough.,him,BENEDICK,I am sure you know BENEDICK well enough.,male,relationship-graph
MUCH ADO ABOUT NOTHING,2,1,BEATRICE,Did he never make you laugh?,he,BENEDICK,Did BENEDICK never make you laugh?,male,relationship-graph
MUCH ADO ABOUT NOTHING,2,1,BEATRICE,"Why, he is the Prince's jester: a very dull fool; only his gift is in devising impossible slanders: none but libertines ",he,BENEDICK,"Why, BENEDICK is the Prince's jester: a very dull fool; only his gift is in devising impossible slanders: none but liber",male,relationship-graph
MUCH ADO ABOUT NOTHING,2,1,BEATRICE,"Why, he is the Prince's jester: a very dull fool; only his gift is in devising impossible slanders: none but libertines ",him,BENEDICK,"Why, BENEDICK is the Prince's jester: a very dull fool; only his gift is in devising impossible slanders: none but liber",male,relationship-graph
MUCH ADO ABOUT NOTHING,2,1,BEATRICE,"Why, he is the Prince's jester: a very dull fool; only his gift is in devising impossible slanders: none but libertines ",he,BENEDICK,"Why, BENEDICK is the Prince's jester: a very dull fool; only his gift is in devising impossible slanders: none but liber",male,relationship-graph
MUCH ADO ABOUT NOTHING,2,1,BEATRICE,"Why, he is the Prince's jester: a very dull fool; only his gift is in devising impossible slanders: none but libertines ",him,BENEDICK,"Why, BENEDICK is the Prince's jester: a very dull fool; only his gift is in devising impossible slanders: none but liber",male,relationship-graph
MUCH ADO ABOUT NOTHING,2,1,BEATRICE,"Why, he is the Prince's jester: a very dull fool; only his gift is in devising impossible slanders: none but libertines ",him,BENEDICK,"Why, BENEDICK is the Prince's jester: a very dull fool; only his gift is in devising impossible slanders: none but liber",male,relationship-graph
MUCH ADO ABOUT NOTHING,2,1,BEATRICE,I am sure he is in the fleet: I would he had boarded me!,he,BENEDICK,I am sure BENEDICK is in the fleet: I would he had boarded me!,male,relationship-graph
MUCH ADO ABOUT NOTHING,2,1,BEATRICE,I am sure he is in the fleet: I would he had boarded me!,he,BENEDICK,I am sure BENEDICK is in the fleet: I would BENEDICK had boarded me!,male,relationship-graph
MUCH ADO ABOUT NOTHING,2,1,BEATRICE,"Do, do: he'll but break a comparison or two on me; which, peradventure not marked or not laughed at, strikes him into me",he,BENEDICK,"Do, do: BENEDICK'll but break a comparison or two on me; which, peradventure not marked or not laughed at, strikes him i",male,relationship-graph
MUCH ADO ABOUT NOTHING,2,1,BEATRICE,"Do, do: he'll but break a comparison or two on me; which, peradventure not marked or not laughed at, strikes him into me",him,BENEDICK,"Do, do: BENEDICK'll but break a comparison or two on me; which, peradventure not marked or not laughed at, strikes BENED",male,relationship-graph
MUCH ADO ABOUT NOTHING,2,1,DON JOHN,"Sure my brother is amorous on Hero, and hath withdrawn her father to break with him about it.",him,DON PEDRO,"Sure my brother is amorous on Hero, and hath withdrawn her father to break with DON PEDRO about it.",male,relationship-graph
MUCH ADO ABOUT NOTHING,2,1,BORACHIO,And that is Claudio: I know him by his bearing.,him,DON JOHN,And that is Claudio: I know DON JOHN by his bearing.,male,relationship-graph
MUCH ADO ABOUT NOTHING,2,1,CLAUDIO,You know me well; I am he.,he,DON JOHN,You know me well; I am DON JOHN.,male,relationship-graph
MUCH ADO ABOUT NOTHING,2,1,DON JOHN,"Signior, you are very near my brother in his love: he is enamoured on Hero; I pray you, dissuade him from her; she is no",he,DON PEDRO,"Signior, you are very near my brother in his love: DON PEDRO is enamoured on Hero; I pray you, dissuade him from her; sh",male,relationship-graph
MUCH ADO ABOUT NOTHING,2,1,DON JOHN,"Signior, you are very near my brother in his love: he is enamoured on Hero; I pray you, dissuade him from her; she is no",him,DON PEDRO,"Signior, you are very near my brother in his love: DON PEDRO is enamoured on Hero; I pray you, dissuade DON PEDRO from h",male,relationship-graph
MUCH ADO ABOUT NOTHING,2,1,CLAUDIO,he loves her?,he,DON JOHN,DON JOHN loves her?,male,relationship-graph
MUCH ADO ABOUT NOTHING,2,1,CLAUDIO,he loves her?,her,HERO,DON JOHN loves HERO?,female,relationship-graph
MUCH ADO ABOUT NOTHING,2,1,DON JOHN,I heard him swear his affection.,him,DON PEDRO,I heard DON PEDRO swear his affection.,male,relationship-graph
MUCH ADO ABOUT NOTHING,2,1,BORACHIO,So did I too; and he swore he would marry her tonight.,he,DON JOHN,So did I too; and DON JOHN swore he would marry her tonight.,male,relationship-graph
MUCH ADO ABOUT NOTHING,2,1,BORACHIO,So did I too; and he swore he would marry her tonight.,he,DON JOHN,So did I too; and DON JOHN swore DON JOHN would marry her tonight.,male,relationship-graph
MUCH ADO ABOUT NOTHING,2,1,CLAUDIO,Tis certain so; the Prince wooss for himself.,himself,DON JOHN,Tis certain so; the Prince wooss for DON JOHN.,male,relationship-graph
MUCH ADO ABOUT NOTHING,2,1,CLAUDIO,I wish him joy of her.,him,DON JOHN,I wish DON JOHN joy of her.,male,relationship-graph
MUCH ADO ABOUT NOTHING,2,1,CLAUDIO,I wish him joy of her.,her,HERO,I wish DON JOHN joy of HERO.,female,relationship-graph
MUCH ADO ABOUT NOTHING,2,1,DON PEDRO,Did you see him?,him,DON JOHN,Did you see DON JOHN?,male,relationship-graph
MUCH ADO ABOUT NOTHING,2,1,BENEDICK,she misused me past the endurance of a block: an oak but with one green leaf on it would have answered her: my very viso,she,BEATRICE,BEATRICE misused me past the endurance of a block: an oak but with one green leaf on it would have answered her: my very,female,relationship-graph
MUCH ADO ABOUT NOTHING,2,1,BENEDICK,she misused me past the endurance of a block: an oak but with one green leaf on it would have answered her: my very viso,her,BEATRICE,BEATRICE misused me past the endurance of a block: an oak but with one green leaf on it would have answered BEATRICE: my,female,relationship-graph
MUCH ADO ABOUT NOTHING,2,1,BENEDICK,she misused me past the endurance of a block: an oak but with one green leaf on it would have answered her: my very viso,her,BEATRICE,BEATRICE misused me past the endurance of a block: an oak but with one green leaf on it would have answered BEATRICE: my,female,relationship-graph
MUCH ADO ABOUT NOTHING,2,1,BENEDICK,"She told me, not thinking I had been myself, that I was the Prince's jester, that I was duller than a great thaw; huddli",She,BEATRICE,"BEATRICE told me, not thinking I had been myself, that I was the Prince's jester, that I was duller than a great thaw; h",female,relationship-graph
MUCH ADO ABOUT NOTHING,2,1,BENEDICK,"She speaks poniards, and every word stabs: if her breath were as terrible as her terminations, there were no living near",She,BEATRICE,"BEATRICE speaks poniards, and every word stabs: if her breath were as terrible as her terminations, there were no living",female,relationship-graph
MUCH ADO ABOUT NOTHING,2,1,BENEDICK,"She speaks poniards, and every word stabs: if her breath were as terrible as her terminations, there were no living near",her,BEATRICE,"BEATRICE speaks poniards, and every word stabs: if BEATRICE breath were as terrible as her terminations, there were no l",female,relationship-graph
MUCH ADO ABOUT NOTHING,2,1,BENEDICK,"She speaks poniards, and every word stabs: if her breath were as terrible as her terminations, there were no living near",she,BEATRICE,"BEATRICE speaks poniards, and every word stabs: if BEATRICE breath were as terrible as her terminations, there were no l",female,relationship-graph
MUCH ADO ABOUT NOTHING,2,1,BENEDICK,"I would not marry her, though she were endowed with all that Adam had left him before he transgressed: she would have ma",her,BEATRICE,"I would not marry BEATRICE, though she were endowed with all that Adam had left him before he transgressed: she would ha",female,relationship-graph
MUCH ADO ABOUT NOTHING,2,1,BENEDICK,"I would not marry her, though she were endowed with all that Adam had left him before he transgressed: she would have ma",she,BEATRICE,"I would not marry BEATRICE, though BEATRICE were endowed with all that Adam had left him before he transgressed: she wou",female,relationship-graph
MUCH ADO ABOUT NOTHING,2,1,BENEDICK,"I would not marry her, though she were endowed with all that Adam had left him before he transgressed: she would have ma",she,BEATRICE,"I would not marry BEATRICE, though BEATRICE were endowed with all that Adam had left him before he transgressed: BEATRIC",female,relationship-graph
MUCH ADO ABOUT NOTHING,2,1,BENEDICK,"Come, talk not of her; you shall find her the infernal Ate in good apparel.",her,BEATRICE,"Come, talk not of BEATRICE; you shall find her the infernal Ate in good apparel.",female,relationship-graph
MUCH ADO ABOUT NOTHING,2,1,BENEDICK,"Come, talk not of her; you shall find her the infernal Ate in good apparel.",her,BEATRICE,"Come, talk not of BEATRICE; you shall find BEATRICE the infernal Ate in good apparel.",female,relationship-graph
MUCH ADO ABOUT NOTHING,2,1,BENEDICK,"I would to God some scholar would conjure her, for certainly, while she is here, a man may live as quiet in hell as in a",her,BEATRICE,"I would to God some scholar would conjure BEATRICE, for certainly, while she is here, a man may live as quiet in hell as",female,relationship-graph
MUCH ADO ABOUT NOTHING,2,1,BENEDICK,"I would to God some scholar would conjure her, for certainly, while she is here, a man may live as quiet in hell as in a",she,BEATRICE,"I would to God some scholar would conjure BEATRICE, for certainly, while BEATRICE is here, a man may live as quiet in he",female,relationship-graph
MUCH ADO ABOUT NOTHING,2,1,BENEDICK,"I would to God some scholar would conjure her, for certainly, while she is here, a man may live as quiet in hell as in a",her,BEATRICE,"I would to God some scholar would conjure BEATRICE, for certainly, while BEATRICE is here, a man may live as quiet in he",female,relationship-graph
MUCH ADO ABOUT NOTHING,2,1,BEATRICE,"Indeed, my lord, he lent it me awhile; and I gave him use for it, a double heart for a single one: marry, once before he",he,BENEDICK,"Indeed, my lord, BENEDICK lent it me awhile; and I gave him use for it, a double heart for a single one: marry, once bef",male,relationship-graph
MUCH ADO ABOUT NOTHING,2,1,BEATRICE,"Indeed, my lord, he lent it me awhile; and I gave him use for it, a double heart for a single one: marry, once before he",him,BENEDICK,"Indeed, my lord, BENEDICK lent it me awhile; and I gave BENEDICK use for it, a double heart for a single one: marry, onc",male,relationship-graph
MUCH ADO ABOUT NOTHING,2,1,BEATRICE,"Indeed, my lord, he lent it me awhile; and I gave him use for it, a double heart for a single one: marry, once before he",he,BENEDICK,"Indeed, my lord, BENEDICK lent it me awhile; and I gave BENEDICK use for it, a double heart for a single one: marry, onc",male,relationship-graph
MUCH ADO ABOUT NOTHING,2,1,DON PEDRO,"You have put him down, lady, you have put him down.",him,DON JOHN,"You have put DON JOHN down, lady, you have put him down.",male,relationship-graph
MUCH ADO ABOUT NOTHING,2,1,DON PEDRO,"You have put him down, lady, you have put him down.",him,DON JOHN,"You have put DON JOHN down, lady, you have put DON JOHN down.",male,relationship-graph
MUCH ADO ABOUT NOTHING,2,1,BEATRICE,"So I would not he should do me, my lord, lest I should prove the mother of fools.",he,BENEDICK,"So I would not BENEDICK should do me, my lord, lest I should prove the mother of fools.",male,relationship-graph
MUCH ADO ABOUT NOTHING,2,1,DON PEDRO,"I' faith, lady, I think your blazon to be true; though, I'll be sworn, if he be so, his conceit is false.",he,DON JOHN,"I' faith, lady, I think your blazon to be true; though, I'll be sworn, if DON JOHN be so, his conceit is false.",male,relationship-graph
MUCH ADO ABOUT NOTHING,2,1,BEATRICE,"Speak, cousin; or, if you cannot, stop his mouth with a kiss, and let not him speak neither.",him,BENEDICK,"Speak, cousin; or, if you cannot, stop his mouth with a kiss, and let not BENEDICK speak neither.",male,relationship-graph
MUCH ADO ABOUT NOTHING,2,1,BEATRICE,My cousin tells him in his ear that he is in her heart.,him,BENEDICK,My cousin tells BENEDICK in his ear that he is in her heart.,male,relationship-graph
MUCH ADO ABOUT NOTHING,2,1,BEATRICE,My cousin tells him in his ear that he is in her heart.,he,BENEDICK,My cousin tells BENEDICK in his ear that BENEDICK is in her heart.,male,relationship-graph
MUCH ADO ABOUT NOTHING,2,1,CLAUDIO,"And so she doth, cousin.",she,HERO,"And so HERO doth, cousin.",female,relationship-graph
MUCH ADO ABOUT NOTHING,2,1,LEONATO,"There's little of the melancholy element in her, my lord: she is never sad but when she sleeps; and not ever sad then, f",her,HERO,"There's little of the melancholy element in HERO, my lord: she is never sad but when she sleeps; and not ever sad then, ",female,relationship-graph
MUCH ADO ABOUT NOTHING,2,1,LEONATO,"There's little of the melancholy element in her, my lord: she is never sad but when she sleeps; and not ever sad then, f",she,HERO,"There's little of the melancholy element in HERO, my lord: HERO is never sad but when she sleeps; and not ever sad then,",female,relationship-graph
MUCH ADO ABOUT NOTHING,2,1,LEONATO,"There's little of the melancholy element in her, my lord: she is never sad but when she sleeps; and not ever sad then, f",she,HERO,"There's little of the melancholy element in HERO, my lord: HERO is never sad but when HERO sleeps; and not ever sad then",female,relationship-graph
MUCH ADO ABOUT NOTHING,2,1,LEONATO,"There's little of the melancholy element in her, my lord: she is never sad but when she sleeps; and not ever sad then, f",she,HERO,"There's little of the melancholy element in HERO, my lord: HERO is never sad but when HERO sleeps; and not ever sad then",female,relationship-graph
MUCH ADO ABOUT NOTHING,2,1,LEONATO,"There's little of the melancholy element in her, my lord: she is never sad but when she sleeps; and not ever sad then, f",herself,HERO,"There's little of the melancholy element in HERO, my lord: HERO is never sad but when HERO sleeps; and not ever sad then",female,relationship-graph
MUCH ADO ABOUT NOTHING,2,1,LEONATO,by no means: she mocks all her wooers out of suit.,she,HERO,by no means: HERO mocks all her wooers out of suit.,female,relationship-graph
MUCH ADO ABOUT NOTHING,2,1,DON PEDRO,"Thus far can I praise him; he is of a noble strain, of approved valour, and confirmed honesty.",him,DON JOHN,"Thus far can I praise DON JOHN; he is of a noble strain, of approved valour, and confirmed honesty.",male,relationship-graph
MUCH ADO ABOUT NOTHING,2,1,DON PEDRO,"Thus far can I praise him; he is of a noble strain, of approved valour, and confirmed honesty.",he,DON JOHN,"Thus far can I praise DON JOHN; DON JOHN is of a noble strain, of approved valour, and confirmed honesty.",male,relationship-graph
MUCH ADO ABOUT NOTHING,2,1,DON PEDRO,"I will teach you how to humour your cousin, that she shall fall in love with Benedick; and I, with your two helps, will ",he,DON JOHN,"I will teach you how to humour your cousin, that she shall fall in love with Benedick; and I, with your two helps, will ",male,relationship-graph
MUCH ADO ABOUT NOTHING,2,2,DON JOHN,"Any bar, any cross, any impediment will be medicinable to me: I am sick in displeasure to him, and whatsoever comes athw",him,DON PEDRO,"Any bar, any cross, any impediment will be medicinable to me: I am sick in displeasure to DON PEDRO, and whatsoever come",male,relationship-graph
MUCH ADO ABOUT NOTHING,2,2,BORACHIO,"Go you to the Prince your brother; spare not to tell him, that he hath wronged his honour in marrying the renowned Claud",him,DON JOHN,"Go you to the Prince your brother; spare not to tell DON JOHN, that he hath wronged his honour in marrying the renowned ",male,relationship-graph
MUCH ADO ABOUT NOTHING,2,2,BORACHIO,"Go you to the Prince your brother; spare not to tell him, that he hath wronged his honour in marrying the renowned Claud",he,DON JOHN,"Go you to the Prince your brother; spare not to tell DON JOHN, that DON JOHN hath wronged his honour in marrying the ren",male,relationship-graph
MUCH ADO ABOUT NOTHING,2,3,BENEDICK,"Rich she shall be, that's certain; wise, or I'll none; virtuous, or I'll never cheapen her; fair, or I'll never look on ",she,BEATRICE,"Rich BEATRICE shall be, that's certain; wise, or I'll none; virtuous, or I'll never cheapen her; fair, or I'll never loo",female,relationship-graph
MUCH ADO ABOUT NOTHING,2,3,BENEDICK,"Rich she shall be, that's certain; wise, or I'll none; virtuous, or I'll never cheapen her; fair, or I'll never look on ",her,BEATRICE,"Rich BEATRICE shall be, that's certain; wise, or I'll none; virtuous, or I'll never cheapen BEATRICE; fair, or I'll neve",female,relationship-graph
MUCH ADO ABOUT NOTHING,2,3,BENEDICK,"Rich she shall be, that's certain; wise, or I'll none; virtuous, or I'll never cheapen her; fair, or I'll never look on ",her,BEATRICE,"Rich BEATRICE shall be, that's certain; wise, or I'll none; virtuous, or I'll never cheapen BEATRICE; fair, or I'll neve",female,relationship-graph
MUCH ADO ABOUT NOTHING,2,3,DON PEDRO,See you where Benedick hath hid himself?,himself,DON JOHN,See you where Benedick hath hid DON JOHN?,male,relationship-graph
MUCH ADO ABOUT NOTHING,2,3,DON PEDRO,"Why these are very crotchets that he speaks; Notes, notes, forsooth, and nothing!",he,DON JOHN,"Why these are very crotchets that DON JOHN speaks; Notes, notes, forsooth, and nothing!",male,relationship-graph
MUCH ADO ABOUT NOTHING,2,3,LEONATO,"No, nor I neither; but most wonderful that she should so dote on Signior Benedick, whom she hath in all outward behaviou",she,HERO,"No, nor I neither; but most wonderful that HERO should so dote on Signior Benedick, whom she hath in all outward behavio",female,relationship-graph
MUCH ADO ABOUT NOTHING,2,3,LEONATO,"No, nor I neither; but most wonderful that she should so dote on Signior Benedick, whom she hath in all outward behaviou",she,HERO,"No, nor I neither; but most wonderful that HERO should so dote on Signior Benedick, whom HERO hath in all outward behavi",female,relationship-graph
MUCH ADO ABOUT NOTHING,2,3,LEONATO,"By my troth, my lord, I cannot tell what to think of it but that she loves him with an enraged affection: it is past the",she,HERO,"By my troth, my lord, I cannot tell what to think of it but that HERO loves him with an enraged affection: it is past th",female,relationship-graph
MUCH ADO ABOUT NOTHING,2,3,LEONATO,"By my troth, my lord, I cannot tell what to think of it but that she loves him with an enraged affection: it is past the",him,ANTONIO,"By my troth, my lord, I cannot tell what to think of it but that HERO loves ANTONIO with an enraged affection: it is pas",male,relationship-graph
MUCH ADO ABOUT NOTHING,2,3,LEONATO,There was never counterfeit of passion came so near the life of passion as she discovers it.,she,HERO,There was never counterfeit of passion came so near the life of passion as HERO discovers it.,female,relationship-graph
MUCH ADO ABOUT NOTHING,2,3,LEONATO,She will sit you; To Claudio You heard my daughter tell you how.,She,HERO,HERO will sit you; To Claudio You heard my daughter tell you how.,female,relationship-graph
MUCH ADO ABOUT NOTHING,2,3,CLAUDIO,"She did, indeed.",She,HERO,"HERO did, indeed.",female,relationship-graph
MUCH ADO ABOUT NOTHING,2,3,CLAUDIO,Aside He hath ta'en the infection: hold it up.,He,DON JOHN,Aside DON JOHN hath ta'en the infection: hold it up.,male,relationship-graph
MUCH ADO ABOUT NOTHING,2,3,LEONATO,No; and swears she never will: that's her torment.,she,HERO,No; and swears HERO never will: that's her torment.,female,relationship-graph
MUCH ADO ABOUT NOTHING,2,3,CLAUDIO,"'Tis true, indeed; so your daughter says: 'Shall I,' says she, 'that have so oft encountered him with scorn, write to hi",she,HERO,"'Tis true, indeed; so your daughter says: 'Shall I,' says HERO, 'that have so oft encountered him with scorn, write to h",female,relationship-graph
MUCH ADO ABOUT NOTHING,2,3,CLAUDIO,"'Tis true, indeed; so your daughter says: 'Shall I,' says she, 'that have so oft encountered him with scorn, write to hi",him,DON JOHN,"'Tis true, indeed; so your daughter says: 'Shall I,' says HERO, 'that have so oft encountered DON JOHN with scorn, write",male,relationship-graph
MUCH ADO ABOUT NOTHING,2,3,CLAUDIO,"'Tis true, indeed; so your daughter says: 'Shall I,' says she, 'that have so oft encountered him with scorn, write to hi",him,DON JOHN,"'Tis true, indeed; so your daughter says: 'Shall I,' says HERO, 'that have so oft encountered DON JOHN with scorn, write",male,relationship-graph
MUCH ADO ABOUT NOTHING,2,3,CLAUDIO,"'Tis true, indeed; so your daughter says: 'Shall I,' says she, 'that have so oft encountered him with scorn, write to hi",him,DON JOHN,"'Tis true, indeed; so your daughter says: 'Shall I,' says HERO, 'that have so oft encountered DON JOHN with scorn, write",male,relationship-graph
MUCH ADO ABOUT NOTHING,2,3,LEONATO,"This says she now when she is beginning to write to him; for she'll be up twenty times a night, and there will she sit i",she,HERO,"This says HERO now when she is beginning to write to him; for she'll be up twenty times a night, and there will she sit ",female,relationship-graph
MUCH ADO ABOUT NOTHING,2,3,LEONATO,"This says she now when she is beginning to write to him; for she'll be up twenty times a night, and there will she sit i",she,HERO,"This says HERO now when HERO is beginning to write to him; for she'll be up twenty times a night, and there will she sit",female,relationship-graph
MUCH ADO ABOUT NOTHING,2,3,LEONATO,"This says she now when she is beginning to write to him; for she'll be up twenty times a night, and there will she sit i",him,ANTONIO,"This says HERO now when HERO is beginning to write to ANTONIO; for she'll be up twenty times a night, and there will she",male,relationship-graph
MUCH ADO ABOUT NOTHING,2,3,LEONATO,"This says she now when she is beginning to write to him; for she'll be up twenty times a night, and there will she sit i",she,HERO,"This says HERO now when HERO is beginning to write to ANTONIO; for HERO'll be up twenty times a night, and there will sh",female,relationship-graph
MUCH ADO ABOUT NOTHING,2,3,LEONATO,"This says she now when she is beginning to write to him; for she'll be up twenty times a night, and there will she sit i",she,HERO,"This says HERO now when HERO is beginning to write to ANTONIO; for HERO'll be up twenty times a night, and there will HE",female,relationship-graph
MUCH ADO ABOUT NOTHING,2,3,LEONATO,"This says she now when she is beginning to write to him; for she'll be up twenty times a night, and there will she sit i",she,HERO,"This says HERO now when HERO is beginning to write to ANTONIO; for HERO'll be up twenty times a night, and there will HE",female,relationship-graph
MUCH ADO ABOUT NOTHING,2,3,LEONATO,"when she had writ it, and was reading it over, she found Benedick and Beatrice between the sheet?",she,HERO,"when HERO had writ it, and was reading it over, she found Benedick and Beatrice between the sheet?",female,relationship-graph
MUCH ADO ABOUT NOTHING,2,3,LEONATO,"when she had writ it, and was reading it over, she found Benedick and Beatrice between the sheet?",she,HERO,"when HERO had writ it, and was reading it over, HERO found Benedick and Beatrice between the sheet?",female,relationship-graph
MUCH ADO ABOUT NOTHING,2,3,LEONATO,"she tore the letter into a thousand halfpence; railed at herself, that she should be so immodest to write to one that sh",she,HERO,"HERO tore the letter into a thousand halfpence; railed at herself, that she should be so immodest to write to one that s",female,relationship-graph
MUCH ADO ABOUT NOTHING,2,3,LEONATO,"she tore the letter into a thousand halfpence; railed at herself, that she should be so immodest to write to one that sh",herself,HERO,"HERO tore the letter into a thousand halfpence; railed at HERO, that she should be so immodest to write to one that she ",female,relationship-graph
MUCH ADO ABOUT NOTHING,2,3,LEONATO,"she tore the letter into a thousand halfpence; railed at herself, that she should be so immodest to write to one that sh",she,HERO,"HERO tore the letter into a thousand halfpence; railed at HERO, that HERO should be so immodest to write to one that she",female,relationship-graph
MUCH ADO ABOUT NOTHING,2,3,LEONATO,"she tore the letter into a thousand halfpence; railed at herself, that she should be so immodest to write to one that sh",she,HERO,"HERO tore the letter into a thousand halfpence; railed at HERO, that HERO should be so immodest to write to one that HER",female,relationship-graph
MUCH ADO ABOUT NOTHING,2,3,LEONATO,"she tore the letter into a thousand halfpence; railed at herself, that she should be so immodest to write to one that sh",her,HERO,"HERO tore the letter into a thousand halfpence; railed at HERO, that HERO should be so immodest to write to one that HER",female,relationship-graph
MUCH ADO ABOUT NOTHING,2,3,LEONATO,"she tore the letter into a thousand halfpence; railed at herself, that she should be so immodest to write to one that sh",him,ANTONIO,"HERO tore the letter into a thousand halfpence; railed at HERO, that HERO should be so immodest to write to one that HER",male,relationship-graph
MUCH ADO ABOUT NOTHING,2,3,LEONATO,"she tore the letter into a thousand halfpence; railed at herself, that she should be so immodest to write to one that sh",she,HERO,"HERO tore the letter into a thousand halfpence; railed at HERO, that HERO should be so immodest to write to one that HER",female,relationship-graph
MUCH ADO ABOUT NOTHING,2,3,LEONATO,"she tore the letter into a thousand halfpence; railed at herself, that she should be so immodest to write to one that sh",him,ANTONIO,"HERO tore the letter into a thousand halfpence; railed at HERO, that HERO should be so immodest to write to one that HER",male,relationship-graph
MUCH ADO ABOUT NOTHING,2,3,LEONATO,"she tore the letter into a thousand halfpence; railed at herself, that she should be so immodest to write to one that sh",he,ANTONIO,"HERO tore the letter into a thousand halfpence; railed at HERO, that HERO should be so immodest to write to one that HER",male,relationship-graph
MUCH ADO ABOUT NOTHING,2,3,LEONATO,"she tore the letter into a thousand halfpence; railed at herself, that she should be so immodest to write to one that sh",him,ANTONIO,"HERO tore the letter into a thousand halfpence; railed at HERO, that HERO should be so immodest to write to one that HER",male,relationship-graph
MUCH ADO ABOUT NOTHING,2,3,CLAUDIO,"Then down upon her knees she falls, weeps, sobs, beats her heart, tears her hair, prays, curses; 'O sweet Benedick!",she,HERO,"Then down upon her knees HERO falls, weeps, sobs, beats her heart, tears her hair, prays, curses; 'O sweet Benedick!",female,relationship-graph
MUCH ADO ABOUT NOTHING,2,3,LEONATO,"She doth indeed; my daughter says so; and the ecstasy hath so much overborne her, that my daughter is sometimes afeard s",She,HERO,"HERO doth indeed; my daughter says so; and the ecstasy hath so much overborne her, that my daughter is sometimes afeard ",female,relationship-graph
MUCH ADO ABOUT NOTHING,2,3,LEONATO,"She doth indeed; my daughter says so; and the ecstasy hath so much overborne her, that my daughter is sometimes afeard s",her,HERO,"HERO doth indeed; my daughter says so; and the ecstasy hath so much overborne HERO, that my daughter is sometimes afeard",female,relationship-graph
MUCH ADO ABOUT NOTHING,2,3,LEONATO,"She doth indeed; my daughter says so; and the ecstasy hath so much overborne her, that my daughter is sometimes afeard s",she,HERO,"HERO doth indeed; my daughter says so; and the ecstasy hath so much overborne HERO, that my daughter is sometimes afeard",female,relationship-graph
MUCH ADO ABOUT NOTHING,2,3,LEONATO,"She doth indeed; my daughter says so; and the ecstasy hath so much overborne her, that my daughter is sometimes afeard s",herself,HERO,"HERO doth indeed; my daughter says so; and the ecstasy hath so much overborne HERO, that my daughter is sometimes afeard",female,relationship-graph
MUCH ADO ABOUT NOTHING,2,3,CLAUDIO,he would make but a sport of it and torment the poor lady worse.,he,DON JOHN,DON JOHN would make but a sport of it and torment the poor lady worse.,male,relationship-graph
MUCH ADO ABOUT NOTHING,2,3,DON PEDRO,"And he should, it were an alms to hang him.",he,DON JOHN,"And DON JOHN should, it were an alms to hang him.",male,relationship-graph
MUCH ADO ABOUT NOTHING,2,3,DON PEDRO,"And he should, it were an alms to hang him.",him,DON JOHN,"And DON JOHN should, it were an alms to hang DON JOHN.",male,relationship-graph
MUCH ADO ABOUT NOTHING,2,3,CLAUDIO,And she is exceeding wise.,she,HERO,And HERO is exceeding wise.,female,relationship-graph
MUCH ADO ABOUT NOTHING,2,3,LEONATO,"I am sorry for her, as I have just cause, being her uncle and her guardian.",her,HERO,"I am sorry for HERO, as I have just cause, being her uncle and her guardian.",female,relationship-graph
MUCH ADO ABOUT NOTHING,2,3,DON PEDRO,"I pray you, tell Benedick of it, and hear what he will say.",he,DON JOHN,"I pray you, tell Benedick of it, and hear what DON JOHN will say.",male,relationship-graph
MUCH ADO ABOUT NOTHING,2,3,CLAUDIO,"Hero thinks surely she will die; for she says she will die if he love her not, and she will die ere",she,HERO,"Hero thinks surely HERO will die; for she says she will die if he love her not, and she will die ere",female,relationship-graph
MUCH ADO ABOUT NOTHING,2,3,CLAUDIO,"Hero thinks surely she will die; for she says she will die if he love her not, and she will die ere",she,HERO,"Hero thinks surely HERO will die; for HERO says she will die if he love her not, and she will die ere",female,relationship-graph
MUCH ADO ABOUT NOTHING,2,3,CLAUDIO,"Hero thinks surely she will die; for she says she will die if he love her not, and she will die ere",she,HERO,"Hero thinks surely HERO will die; for HERO says HERO will die if he love her not, and she will die ere",female,relationship-graph
MUCH ADO ABOUT NOTHING,2,3,CLAUDIO,"Hero thinks surely she will die; for she says she will die if he love her not, and she will die ere",he,DON JOHN,"Hero thinks surely HERO will die; for HERO says HERO will die if DON JOHN love her not, and she will die ere",male,relationship-graph
MUCH ADO ABOUT NOTHING,2,3,CLAUDIO,"Hero thinks surely she will die; for she says she will die if he love her not, and she will die ere",her,HERO,"Hero thinks surely HERO will die; for HERO says HERO will die if DON JOHN love HERO not, and she will die ere",female,relationship-graph
MUCH ADO ABOUT NOTHING,2,3,CLAUDIO,"Hero thinks surely she will die; for she says she will die if he love her not, and she will die ere",she,HERO,"Hero thinks surely HERO will die; for HERO says HERO will die if DON JOHN love HERO not, and HERO will die ere",female,relationship-graph
MUCH ADO ABOUT NOTHING,2,3,CLAUDIO,"she make her love known, and she will die if he woo her, rather than she will bate one breath of her accustomed crossnes",she,HERO,"HERO make her love known, and she will die if he woo her, rather than she will bate one breath of her accustomed crossne",female,relationship-graph
MUCH ADO ABOUT NOTHING,2,3,CLAUDIO,"she make her love known, and she will die if he woo her, rather than she will bate one breath of her accustomed crossnes",she,HERO,"HERO make her love known, and HERO will die if he woo her, rather than she will bate one breath of her accustomed crossn",female,relationship-graph
MUCH ADO ABOUT NOTHING,2,3,CLAUDIO,"she make her love known, and she will die if he woo her, rather than she will bate one breath of her accustomed crossnes",he,DON JOHN,"HERO make her love known, and HERO will die if DON JOHN woo her, rather than she will bate one breath of her accustomed ",male,relationship-graph
MUCH ADO ABOUT NOTHING,2,3,CLAUDIO,"she make her love known, and she will die if he woo her, rather than she will bate one breath of her accustomed crossnes",her,HERO,"HERO make HERO love known, and HERO will die if DON JOHN woo her, rather than she will bate one breath of her accustomed",female,relationship-graph
MUCH ADO ABOUT NOTHING,2,3,CLAUDIO,"she make her love known, and she will die if he woo her, rather than she will bate one breath of her accustomed crossnes",she,HERO,"HERO make HERO love known, and HERO will die if DON JOHN woo her, rather than HERO will bate one breath of her accustome",female,relationship-graph
MUCH ADO ABOUT NOTHING,2,3,DON PEDRO,"She doth well: if she should make tender of her love, 'tis very possible he'll scorn it; for the man,—as",he,DON JOHN,"She doth well: if she should make tender of her love, 'tis very possible DON JOHN'll scorn it; for the man,—as",male,relationship-graph
MUCH ADO ABOUT NOTHING,2,3,CLAUDIO,He is a very proper man.,He,DON JOHN,DON JOHN is a very proper man.,male,relationship-graph
MUCH ADO ABOUT NOTHING,2,3,DON PEDRO,He hath indeed a good outward happiness.,He,DON JOHN,DON JOHN hath indeed a good outward happiness.,male,relationship-graph
MUCH ADO ABOUT NOTHING,2,3,DON PEDRO,He doth indeed show some sparks that are like wit.,He,DON JOHN,DON JOHN doth indeed show some sparks that are like wit.,male,relationship-graph
MUCH ADO ABOUT NOTHING,2,3,CLAUDIO,And I take him to be valiant.,him,DON JOHN,And I take DON JOHN to be valiant.,male,relationship-graph
MUCH ADO ABOUT NOTHING,2,3,DON PEDRO,"As Hector, I assure you: and in the managing of quarrels you may say he is wise; for either he avoids them with great di",he,DON JOHN,"As Hector, I assure you: and in the managing of quarrels you may say DON JOHN is wise; for either he avoids them with gr",male,relationship-graph
MUCH ADO ABOUT NOTHING,2,3,DON PEDRO,"As Hector, I assure you: and in the managing of quarrels you may say he is wise; for either he avoids them with great di",he,DON JOHN,"As Hector, I assure you: and in the managing of quarrels you may say DON JOHN is wise; for either DON JOHN avoids them w",male,relationship-graph
MUCH ADO ABOUT NOTHING,2,3,LEONATO,"If he do fear God, a' must necessarily keep peace: if he break the peace, he ought to enter into a quarrel with fear and",he,ANTONIO,"If ANTONIO do fear God, a' must necessarily keep peace: if he break the peace, he ought to enter into a quarrel with fea",male,relationship-graph
MUCH ADO ABOUT NOTHING,2,3,LEONATO,"If he do fear God, a' must necessarily keep peace: if he break the peace, he ought to enter into a quarrel with fear and",he,ANTONIO,"If ANTONIO do fear God, a' must necessarily keep peace: if ANTONIO break the peace, he ought to enter into a quarrel wit",male,relationship-graph
MUCH ADO ABOUT NOTHING,2,3,LEONATO,"If he do fear God, a' must necessarily keep peace: if he break the peace, he ought to enter into a quarrel with fear and",he,ANTONIO,"If ANTONIO do fear God, a' must necessarily keep peace: if ANTONIO break the peace, ANTONIO ought to enter into a quarre",male,relationship-graph
MUCH ADO ABOUT NOTHING,2,3,DON PEDRO,"And so will he do; for the man doth fear God, howsoever it seems not in him by some large jests he will make.",he,DON JOHN,"And so will DON JOHN do; for the man doth fear God, howsoever it seems not in him by some large jests he will make.",male,relationship-graph
MUCH ADO ABOUT NOTHING,2,3,DON PEDRO,"And so will he do; for the man doth fear God, howsoever it seems not in him by some large jests he will make.",him,DON JOHN,"And so will DON JOHN do; for the man doth fear God, howsoever it seems not in DON JOHN by some large jests he will make.",male,relationship-graph
MUCH ADO ABOUT NOTHING,2,3,DON PEDRO,"And so will he do; for the man doth fear God, howsoever it seems not in him by some large jests he will make.",he,DON JOHN,"And so will DON JOHN do; for the man doth fear God, howsoever it seems not in DON JOHN by some large jests DON JOHN will",male,relationship-graph
MUCH ADO ABOUT NOTHING,2,3,DON PEDRO,Shall we go seek Benedick and tell him of her love?,him,DON JOHN,Shall we go seek Benedick and tell DON JOHN of her love?,male,relationship-graph
MUCH ADO ABOUT NOTHING,2,3,CLAUDIO,"Never tell him, my lord: let her wear it out with good counsel.",him,DON JOHN,"Never tell DON JOHN, my lord: let her wear it out with good counsel.",male,relationship-graph
MUCH ADO ABOUT NOTHING,2,3,CLAUDIO,"Never tell him, my lord: let her wear it out with good counsel.",her,HERO,"Never tell DON JOHN, my lord: let HERO wear it out with good counsel.",female,relationship-graph
MUCH ADO ABOUT NOTHING,2,3,LEONATO,"Nay, that's impossible: she may wear her heart out first.",she,HERO,"Nay, that's impossible: HERO may wear her heart out first.",female,relationship-graph
MUCH ADO ABOUT NOTHING,2,3,DON PEDRO,"I love Benedick well, and I could wish he would modestly examine himself, to see how much he is unworthy so good a lady.",he,DON JOHN,"I love Benedick well, and I could wish DON JOHN would modestly examine himself, to see how much he is unworthy so good a",male,relationship-graph
MUCH ADO ABOUT NOTHING,2,3,DON PEDRO,"I love Benedick well, and I could wish he would modestly examine himself, to see how much he is unworthy so good a lady.",himself,DON JOHN,"I love Benedick well, and I could wish DON JOHN would modestly examine DON JOHN, to see how much he is unworthy so good ",male,relationship-graph
MUCH ADO ABOUT NOTHING,2,3,DON PEDRO,"I love Benedick well, and I could wish he would modestly examine himself, to see how much he is unworthy so good a lady.",he,DON JOHN,"I love Benedick well, and I could wish DON JOHN would modestly examine DON JOHN, to see how much DON JOHN is unworthy so",male,relationship-graph
MUCH ADO ABOUT NOTHING,2,3,CLAUDIO,"Aside If he do not dote on her upon this, I will never trust my expectation.",he,DON JOHN,"Aside If DON JOHN do not dote on her upon this, I will never trust my expectation.",male,relationship-graph
MUCH ADO ABOUT NOTHING,2,3,CLAUDIO,"Aside If he do not dote on her upon this, I will never trust my expectation.",her,HERO,"Aside If DON JOHN do not dote on HERO upon this, I will never trust my expectation.",female,relationship-graph
MUCH ADO ABOUT NOTHING,2,3,DON PEDRO,Let us send her to call him in to dinner.,him,DON JOHN,Let us send her to call DON JOHN in to dinner.,male,relationship-graph
MUCH ADO ABOUT NOTHING,2,3,BENEDICK,"I hear how I am censured: they say I will bear myself proudly, if I perceive the love come from her; they say too that s",her,BEATRICE,"I hear how I am censured: they say I will bear myself proudly, if I perceive the love come from BEATRICE; they say too t",female,relationship-graph
MUCH ADO ABOUT NOTHING,2,3,BENEDICK,"I hear how I am censured: they say I will bear myself proudly, if I perceive the love come from her; they say too that s",she,BEATRICE,"I hear how I am censured: they say I will bear myself proudly, if I perceive the love come from BEATRICE; they say too t",female,relationship-graph
MUCH ADO ABOUT NOTHING,2,3,BENEDICK,"They say the lady is fair: 'tis a truth, I can bear them witness; and virtuous: 'tis so, I cannot reprove it; and wise, ",her,BEATRICE,"They say the lady is fair: 'tis a truth, I can bear them witness; and virtuous: 'tis so, I cannot reprove it; and wise, ",female,relationship-graph
MUCH ADO ABOUT NOTHING,2,3,BENEDICK,she's a fair lady: I do spy some marks of love in her.,she,BEATRICE,BEATRICE's a fair lady: I do spy some marks of love in her.,female,relationship-graph
MUCH ADO ABOUT NOTHING,2,3,BENEDICK,she's a fair lady: I do spy some marks of love in her.,her,BEATRICE,BEATRICE's a fair lady: I do spy some marks of love in BEATRICE.,female,relationship-graph
MUCH ADO ABOUT NOTHING,2,3,BENEDICK,"If I do not take pity of her, I am a villain; if I do not love her, I am a Jew.",her,BEATRICE,"If I do not take pity of BEATRICE, I am a villain; if I do not love her, I am a Jew.",female,relationship-graph
MUCH ADO ABOUT NOTHING,2,3,BENEDICK,"If I do not take pity of her, I am a villain; if I do not love her, I am a Jew.",her,BEATRICE,"If I do not take pity of BEATRICE, I am a villain; if I do not love BEATRICE, I am a Jew.",female,relationship-graph
MUCH ADO ABOUT NOTHING,3,1,HERO,"Now, Ursula, when Beatrice doth come, As we do trace this alley up and down, Our talk must only be of Benedick: When I d",him,CLAUDIO,"Now, Ursula, when Beatrice doth come, As we do trace this alley up and down, Our talk must only be of Benedick: When I d",male,relationship-graph
MUCH ADO ABOUT NOTHING,3,1,HERO,"Now, Ursula, when Beatrice doth come, As we do trace this alley up and down, Our talk must only be of Benedick: When I d",him,CLAUDIO,"Now, Ursula, when Beatrice doth come, As we do trace this alley up and down, Our talk must only be of Benedick: When I d",male,relationship-graph
MUCH ADO ABOUT NOTHING,3,1,HERO,"They did entreat me to acquaint her of it; But I persuaded them, if they lov'd Benedick, To wish him wrestle with affect",him,CLAUDIO,"They did entreat me to acquaint her of it; But I persuaded them, if they lov'd Benedick, To wish CLAUDIO wrestle with af",male,relationship-graph
MUCH ADO ABOUT NOTHING,3,1,HERO,I know he doth deserve As much as may be yielded to a man; But Nature never fram'd a woman's heart Of prouder stuff than,he,CLAUDIO,I know CLAUDIO doth deserve As much as may be yielded to a man; But Nature never fram'd a woman's heart Of prouder stuff,male,relationship-graph
MUCH ADO ABOUT NOTHING,3,1,HERO,"I never yet saw man, How wise, how noble, young, how rarely featur'd, But she would spell him backward: if fair-fac'd, S",him,CLAUDIO,"I never yet saw man, How wise, how noble, young, how rarely featur'd, But she would spell CLAUDIO backward: if fair-fac'",male,relationship-graph
MUCH ADO ABOUT NOTHING,3,1,HERO,"No; rather I will go to Benedick, And counsel him to fight against his passion.",him,CLAUDIO,"No; rather I will go to Benedick, And counsel CLAUDIO to fight against his passion.",male,relationship-graph
MUCH ADO ABOUT NOTHING,3,1,HERO,"He is the only man of Italy, Always excepted my dear Claudio.",He,CLAUDIO,"CLAUDIO is the only man of Italy, Always excepted my dear Claudio.",male,relationship-graph
MUCH ADO ABOUT NOTHING,3,1,HERO,"Indeed, he hath an excellent good name.",he,CLAUDIO,"Indeed, CLAUDIO hath an excellent good name.",male,relationship-graph
MUCH ADO ABOUT NOTHING,3,2,DON PEDRO,"Nay, that would be as great a soil in the new gloss of your marriage, as to show a child his new coat and forbid him to ",him,DON JOHN,"Nay, that would be as great a soil in the new gloss of your marriage, as to show a child his new coat and forbid DON JOH",male,relationship-graph
MUCH ADO ABOUT NOTHING,3,2,DON PEDRO,"I will only be bold with Benedick for his company; for, from the crown of his head to the sole of his foot, he is all mi",he,DON JOHN,"I will only be bold with Benedick for his company; for, from the crown of his head to the sole of his foot, DON JOHN is ",male,relationship-graph
MUCH ADO ABOUT NOTHING,3,2,DON PEDRO,"I will only be bold with Benedick for his company; for, from the crown of his head to the sole of his foot, he is all mi",he,DON JOHN,"I will only be bold with Benedick for his company; for, from the crown of his head to the sole of his foot, DON JOHN is ",male,relationship-graph
MUCH ADO ABOUT NOTHING,3,2,DON PEDRO,"I will only be bold with Benedick for his company; for, from the crown of his head to the sole of his foot, he is all mi",him,DON JOHN,"I will only be bold with Benedick for his company; for, from the crown of his head to the sole of his foot, DON JOHN is ",male,relationship-graph
MUCH ADO ABOUT NOTHING,3,2,DON PEDRO,"He hath a heart as sound as a bell, and his tongue is the clapper; for what his heart thinks, his tongue speaks.",He,DON JOHN,"DON JOHN hath a heart as sound as a bell, and his tongue is the clapper; for what his heart thinks, his tongue speaks.",male,relationship-graph
MUCH ADO ABOUT NOTHING,3,2,CLAUDIO,I hope he be in love.,he,DON JOHN,I hope DON JOHN be in love.,male,relationship-graph
MUCH ADO ABOUT NOTHING,3,2,DON PEDRO,"Hang him, truant!",him,DON JOHN,"Hang DON JOHN, truant!",male,relationship-graph
MUCH ADO ABOUT NOTHING,3,2,DON PEDRO,there's no true drop of blood in him to be truly touched with love.,him,DON JOHN,there's no true drop of blood in DON JOHN to be truly touched with love.,male,relationship-graph
MUCH ADO ABOUT NOTHING,3,2,DON PEDRO,"If he be sad, he wants money.",he,DON JOHN,"If DON JOHN be sad, he wants money.",male,relationship-graph
MUCH ADO ABOUT NOTHING,3,2,DON PEDRO,"If he be sad, he wants money.",he,DON JOHN,"If DON JOHN be sad, DON JOHN wants money.",male,relationship-graph
MUCH ADO ABOUT NOTHING,3,2,CLAUDIO,"Yet say I, he is in love.",he,DON JOHN,"Yet say I, DON JOHN is in love.",male,relationship-graph
MUCH ADO ABOUT NOTHING,3,2,DON PEDRO,"There is no appearance of fancy in him, unless it be a fancy that he hath to strange disguises; as to be a Dutchman toda",him,DON JOHN,"There is no appearance of fancy in DON JOHN, unless it be a fancy that he hath to strange disguises; as to be a Dutchman",male,relationship-graph
MUCH ADO ABOUT NOTHING,3,2,DON PEDRO,"There is no appearance of fancy in him, unless it be a fancy that he hath to strange disguises; as to be a Dutchman toda",he,DON JOHN,"There is no appearance of fancy in DON JOHN, unless it be a fancy that DON JOHN hath to strange disguises; as to be a Du",male,relationship-graph
MUCH ADO ABOUT NOTHING,3,2,DON PEDRO,"Unless he have a fancy to this foolery, as it appears he hath, he is no fool for fancy, as you would have it appear he i",he,DON JOHN,"Unless DON JOHN have a fancy to this foolery, as it appears he hath, he is no fool for fancy, as you would have it appea",male,relationship-graph
MUCH ADO ABOUT NOTHING,3,2,DON PEDRO,"Unless he have a fancy to this foolery, as it appears he hath, he is no fool for fancy, as you would have it appear he i",he,DON JOHN,"Unless DON JOHN have a fancy to this foolery, as it appears DON JOHN hath, he is no fool for fancy, as you would have it",male,relationship-graph
MUCH ADO ABOUT NOTHING,3,2,DON PEDRO,"Unless he have a fancy to this foolery, as it appears he hath, he is no fool for fancy, as you would have it appear he i",he,DON JOHN,"Unless DON JOHN have a fancy to this foolery, as it appears DON JOHN hath, DON JOHN is no fool for fancy, as you would h",male,relationship-graph
MUCH ADO ABOUT NOTHING,3,2,DON PEDRO,"Unless he have a fancy to this foolery, as it appears he hath, he is no fool for fancy, as you would have it appear he i",he,DON JOHN,"Unless DON JOHN have a fancy to this foolery, as it appears DON JOHN hath, DON JOHN is no fool for fancy, as you would h",male,relationship-graph
MUCH ADO ABOUT NOTHING,3,2,CLAUDIO,"If he be not in love with some woman, there is no believing old signs: a' brushes his hat a mornings; what should that b",he,DON JOHN,"If DON JOHN be not in love with some woman, there is no believing old signs: a' brushes his hat a mornings; what should ",male,relationship-graph
MUCH ADO ABOUT NOTHING,3,2,DON PEDRO,Hath any man seen him at the barber's?,him,DON JOHN,Hath any man seen DON JOHN at the barber's?,male,relationship-graph
MUCH ADO ABOUT NOTHING,3,2,CLAUDIO,"No, but the barber's man hath been seen with him; and the old ornament of his cheek hath already stuffed tennis balls.",him,DON JOHN,"No, but the barber's man hath been seen with DON JOHN; and the old ornament of his cheek hath already stuffed tennis bal",male,relationship-graph
MUCH ADO ABOUT NOTHING,3,2,LEONATO,"Indeed he looks younger than he did, by the loss of a beard.",he,ANTONIO,"Indeed ANTONIO looks younger than he did, by the loss of a beard.",male,relationship-graph
MUCH ADO ABOUT NOTHING,3,2,LEONATO,"Indeed he looks younger than he did, by the loss of a beard.",he,ANTONIO,"Indeed ANTONIO looks younger than ANTONIO did, by the loss of a beard.",male,relationship-graph
MUCH ADO ABOUT NOTHING,3,2,DON PEDRO,"Nay, a' rubs himself with civet: can you smell him out by that?",himself,DON JOHN,"Nay, a' rubs DON JOHN with civet: can you smell him out by that?",male,relationship-graph
MUCH ADO ABOUT NOTHING,3,2,DON PEDRO,"Nay, a' rubs himself with civet: can you smell him out by that?",him,DON JOHN,"Nay, a' rubs DON JOHN with civet: can you smell DON JOHN out by that?",male,relationship-graph
MUCH ADO ABOUT NOTHING,3,2,CLAUDIO,And when was he wont to wash his face?,he,DON JOHN,And when was DON JOHN wont to wash his face?,male,relationship-graph
MUCH ADO ABOUT NOTHING,3,2,DON PEDRO,"Yea, or to paint himself?",himself,DON JOHN,"Yea, or to paint DON JOHN?",male,relationship-graph
MUCH ADO ABOUT NOTHING,3,2,DON PEDRO,"for the which, I hear what they say of him.",him,DON JOHN,"for the which, I hear what they say of DON JOHN.",male,relationship-graph
MUCH ADO ABOUT NOTHING,3,2,DON PEDRO,"Indeed, that tells a heavy tale for him.",him,DON JOHN,"Indeed, that tells a heavy tale for DON JOHN.",male,relationship-graph
MUCH ADO ABOUT NOTHING,3,2,DON PEDRO,"Conclude, conclude he is in love.",he,DON JOHN,"Conclude, conclude DON JOHN is in love.",male,relationship-graph
MUCH ADO ABOUT NOTHING,3,2,CLAUDIO,"Nay, but I know who loves him.",him,DON JOHN,"Nay, but I know who loves DON JOHN.",male,relationship-graph
MUCH ADO ABOUT NOTHING,3,2,DON PEDRO,"That would I know too: I warrant, one that knows him not.",him,DON JOHN,"That would I know too: I warrant, one that knows DON JOHN not.",male,relationship-graph
MUCH ADO ABOUT NOTHING,3,2,CLAUDIO,"Yes, and his ill conditions; and in despite of all, dies for him.",him,DON JOHN,"Yes, and his ill conditions; and in despite of all, dies for DON JOHN.",male,relationship-graph
MUCH ADO ABOUT NOTHING,3,2,DON PEDRO,"For my life, to break with him about Beatrice.",him,DON JOHN,"For my life, to break with DON JOHN about Beatrice.",male,relationship-graph
MUCH ADO ABOUT NOTHING,3,2,DON JOHN,"If it please you; yet Count Claudio may hear, for what I would speak of concerns him.",him,DON PEDRO,"If it please you; yet Count Claudio may hear, for what I would speak of concerns DON PEDRO.",male,relationship-graph
MUCH ADO ABOUT NOTHING,3,2,DON PEDRO,You know he does.,he,DON JOHN,You know DON JOHN does.,male,relationship-graph
MUCH ADO ABOUT NOTHING,3,2,DON JOHN,"I know not that, when he knows what I know.",he,DON PEDRO,"I know not that, when DON PEDRO knows what I know.",male,relationship-graph
MUCH ADO ABOUT NOTHING,3,2,DON JOHN,"For my brother, I think he holds you well, and in dearness of heart hath holp to effect your ensuing marriage; surely su",he,DON PEDRO,"For my brother, I think DON PEDRO holds you well, and in dearness of heart hath holp to effect your ensuing marriage; su",male,relationship-graph
MUCH ADO ABOUT NOTHING,3,2,CLAUDIO,"If I see anything tonight why I should not marry her tomorrow, in the congregation, where I should wed, there will I sha",her,HERO,"If I see anything tonight why I should not marry HERO tomorrow, in the congregation, where I should wed, there will I sh",female,relationship-graph
MUCH ADO ABOUT NOTHING,3,2,CLAUDIO,"If I see anything tonight why I should not marry her tomorrow, in the congregation, where I should wed, there will I sha",her,HERO,"If I see anything tonight why I should not marry HERO tomorrow, in the congregation, where I should wed, there will I sh",female,relationship-graph
MUCH ADO ABOUT NOTHING,3,3,BORACHIO,how giddily he turns about all the hot bloods between fourteen and five-and-thirty?,he,DON JOHN,how giddily DON JOHN turns about all the hot bloods between fourteen and five-and-thirty?,male,relationship-graph
MUCH ADO ABOUT NOTHING,3,3,BORACHIO,"Two of them did, the Prince and Claudio; but the devil my master, knew she was Margaret; and partly by his oaths, which ",he,DON JOHN,"Two of them did, the Prince and Claudio; but the devil my master, knew she was Margaret; and partly by his oaths, which ",male,relationship-graph
MUCH ADO ABOUT NOTHING,3,3,BORACHIO,"Two of them did, the Prince and Claudio; but the devil my master, knew she was Margaret; and partly by his oaths, which ",he,DON JOHN,"Two of them did, the Prince and Claudio; but the devil my master, knew she was Margaret; and partly by his oaths, which ",male,relationship-graph
MUCH ADO ABOUT NOTHING,3,3,BORACHIO,"Two of them did, the Prince and Claudio; but the devil my master, knew she was Margaret; and partly by his oaths, which ",he,DON JOHN,"Two of them did, the Prince and Claudio; but the devil my master, knew she was Margaret; and partly by his oaths, which ",male,relationship-graph
MUCH ADO ABOUT NOTHING,3,4,BEATRICE,"then, if your husband have stables enough, you'll see he shall lack no barnes.",he,BENEDICK,"then, if your husband have stables enough, you'll see BENEDICK shall lack no barnes.",male,relationship-graph
MUCH ADO ABOUT NOTHING,3,5,LEONATO,"Indeed, neighbour, he comes too short of you.",he,ANTONIO,"Indeed, neighbour, ANTONIO comes too short of you.",male,relationship-graph
MUCH ADO ABOUT NOTHING,4,1,LEONATO,"To be married to her, friar; you come to marry her.",her,HERO,"To be married to HERO, friar; you come to marry her.",female,relationship-graph
MUCH ADO ABOUT NOTHING,4,1,LEONATO,"To be married to her, friar; you come to marry her.",her,HERO,"To be married to HERO, friar; you come to marry HERO.",female,relationship-graph
MUCH ADO ABOUT NOTHING,4,1,LEONATO,"As freely, son, as God did give her me.",her,HERO,"As freely, son, as God did give HERO me.",female,relationship-graph
MUCH ADO ABOUT NOTHING,4,1,CLAUDIO,"There, Leonato, take her back again: Give not this rotten orange to your friend; She's but the sign and semblance of her",her,HERO,"There, Leonato, take HERO back again: Give not this rotten orange to your friend; She's but the sign and semblance of he",female,relationship-graph
MUCH ADO ABOUT NOTHING,4,1,CLAUDIO,"There, Leonato, take her back again: Give not this rotten orange to your friend; She's but the sign and semblance of her",She,HERO,"There, Leonato, take HERO back again: Give not this rotten orange to your friend; HERO's but the sign and semblance of h",female,relationship-graph
MUCH ADO ABOUT NOTHING,4,1,CLAUDIO,how like a maid she blushes here.,she,HERO,how like a maid HERO blushes here.,female,relationship-graph
MUCH ADO ABOUT NOTHING,4,1,CLAUDIO,"Would you not swear, All you that see her, that she were a maid, By these exterior shows?",her,HERO,"Would you not swear, All you that see HERO, that she were a maid, By these exterior shows?",female,relationship-graph
MUCH ADO ABOUT NOTHING,4,1,CLAUDIO,"Would you not swear, All you that see her, that she were a maid, By these exterior shows?",she,HERO,"Would you not swear, All you that see HERO, that HERO were a maid, By these exterior shows?",female,relationship-graph
MUCH ADO ABOUT NOTHING,4,1,CLAUDIO,"But she is none: She knows the heat of a luxurious bed; Her blush is guiltiness, not modesty.",she,HERO,"But HERO is none: She knows the heat of a luxurious bed; Her blush is guiltiness, not modesty.",female,relationship-graph
MUCH ADO ABOUT NOTHING,4,1,CLAUDIO,"But she is none: She knows the heat of a luxurious bed; Her blush is guiltiness, not modesty.",She,HERO,"But HERO is none: HERO knows the heat of a luxurious bed; Her blush is guiltiness, not modesty.",female,relationship-graph
MUCH ADO ABOUT NOTHING,4,1,CLAUDIO,"I know what you would say: if I have known her, You will say she did embrace me as a husband, And so extenuate the foreh",her,HERO,"I know what you would say: if I have known HERO, You will say she did embrace me as a husband, And so extenuate the fore",female,relationship-graph
MUCH ADO ABOUT NOTHING,4,1,CLAUDIO,"I know what you would say: if I have known her, You will say she did embrace me as a husband, And so extenuate the foreh",she,HERO,"I know what you would say: if I have known HERO, You will say HERO did embrace me as a husband, And so extenuate the for",female,relationship-graph
MUCH ADO ABOUT NOTHING,4,1,CLAUDIO,"No, Leonato, I never tempted her with word too large; But as a brother to his sister show'd Bashful sincerity and comely",her,HERO,"No, Leonato, I never tempted HERO with word too large; But as a brother to his sister show'd Bashful sincerity and comel",female,relationship-graph
MUCH ADO ABOUT NOTHING,4,1,HERO,"Is my lord well, that he doth speak so wide?",he,CLAUDIO,"Is my lord well, that CLAUDIO doth speak so wide?",male,relationship-graph
MUCH ADO ABOUT NOTHING,4,1,CLAUDIO,"Let me but move one question to your daughter, And by that fatherly and kindly power That you have in her, bid her answe",her,HERO,"Let me but move one question to your daughter, And by that fatherly and kindly power That you have in HERO, bid her answ",female,relationship-graph
MUCH ADO ABOUT NOTHING,4,1,CLAUDIO,"What man was he talk'd with you yesternight Out at your window, betwixt twelve and one?",he,DON JOHN,"What man was DON JOHN talk'd with you yesternight Out at your window, betwixt twelve and one?",male,relationship-graph
MUCH ADO ABOUT NOTHING,4,1,LEONATO,"Why, doth not every earthly thing Cry shame upon her?",her,HERO,"Why, doth not every earthly thing Cry shame upon HERO?",female,relationship-graph
MUCH ADO ABOUT NOTHING,4,1,LEONATO,Could she here deny The story that is printed in her blood?,she,HERO,Could HERO here deny The story that is printed in her blood?,female,relationship-graph
MUCH ADO ABOUT NOTHING,4,1,LEONATO,"But mine, and mine I lov'd, and mine I prais'd, And mine that I was proud on, mine so much That I myself was to myself n",her,HERO,"But mine, and mine I lov'd, and mine I prais'd, And mine that I was proud on, mine so much That I myself was to myself n",female,relationship-graph
MUCH ADO ABOUT NOTHING,4,1,LEONATO,"But mine, and mine I lov'd, and mine I prais'd, And mine that I was proud on, mine so much That I myself was to myself n",she,HERO,"But mine, and mine I lov'd, and mine I prais'd, And mine that I was proud on, mine so much That I myself was to myself n",female,relationship-graph
MUCH ADO ABOUT NOTHING,4,1,LEONATO,"she is fallen Into a pit of ink, that the wide sea Hath drops too few to wash her clean again, And salt too little which",she,HERO,"HERO is fallen Into a pit of ink, that the wide sea Hath drops too few to wash her clean again, And salt too little whic",female,relationship-graph
MUCH ADO ABOUT NOTHING,4,1,LEONATO,"and Claudio lie, Who lov'd her so, that, speaking of her foulness, Wash'd it with tears?",her,HERO,"and Claudio lie, Who lov'd HERO so, that, speaking of her foulness, Wash'd it with tears?",female,relationship-graph
MUCH ADO ABOUT NOTHING,4,1,LEONATO,Hence from her!,her,HERO,Hence from HERO!,female,relationship-graph
MUCH ADO ABOUT NOTHING,4,1,LEONATO,let her die.,her,HERO,let HERO die.,female,relationship-graph
MUCH ADO ABOUT NOTHING,4,1,LEONATO,Thou seest that all the grace that she hath left Is that she will not add to her damnation A sin of perjury: she not den,she,HERO,Thou seest that all the grace that HERO hath left Is that she will not add to her damnation A sin of perjury: she not de,female,relationship-graph
MUCH ADO ABOUT NOTHING,4,1,LEONATO,Thou seest that all the grace that she hath left Is that she will not add to her damnation A sin of perjury: she not den,she,HERO,Thou seest that all the grace that HERO hath left Is that HERO will not add to her damnation A sin of perjury: she not d,female,relationship-graph
MUCH ADO ABOUT NOTHING,4,1,LEONATO,Thou seest that all the grace that she hath left Is that she will not add to her damnation A sin of perjury: she not den,she,HERO,Thou seest that all the grace that HERO hath left Is that HERO will not add to her damnation A sin of perjury: HERO not ,female,relationship-graph
MUCH ADO ABOUT NOTHING,4,1,LEONATO,"If they speak but truth of her, These hands shall tear her; if they wrong her honour, The proudest of them shall well he",her,HERO,"If they speak but truth of HERO, These hands shall tear her; if they wrong her honour, The proudest of them shall well h",female,relationship-graph
MUCH ADO ABOUT NOTHING,4,1,LEONATO,"If they speak but truth of her, These hands shall tear her; if they wrong her honour, The proudest of them shall well he",her,HERO,"If they speak but truth of HERO, These hands shall tear HERO; if they wrong her honour, The proudest of them shall well ",female,relationship-graph
MUCH ADO ABOUT NOTHING,4,1,BEATRICE,"Is he not approved in the height a villain, that hath slandered, scorned, dishonoured my kinswoman?",he,BENEDICK,"Is BENEDICK not approved in the height a villain, that hath slandered, scorned, dishonoured my kinswoman?",male,relationship-graph
MUCH ADO ABOUT NOTHING,4,1,BEATRICE,"she is wronged, she is slandered, she is undone.",she,SWEET HERO,"SWEET HERO is wronged, she is slandered, she is undone.",female,intra-utterance
MUCH ADO ABOUT NOTHING,4,1,BEATRICE,"she is wronged, she is slandered, she is undone.",she,SWEET HERO,"SWEET HERO is wronged, SWEET HERO is slandered, she is undone.",female,intra-utterance
MUCH ADO ABOUT NOTHING,4,1,BEATRICE,"she is wronged, she is slandered, she is undone.",she,SWEET HERO,"SWEET HERO is wronged, SWEET HERO is slandered, SWEET HERO is undone.",female,intra-utterance
MUCH ADO ABOUT NOTHING,4,1,BEATRICE,"But manhood is melted into curtsies, valour into compliment, and men are only turned into tongue, and trim ones too: he ",he,BENEDICK,"But manhood is melted into curtsies, valour into compliment, and men are only turned into tongue, and trim ones too: BEN",male,relationship-graph
MUCH ADO ABOUT NOTHING,4,1,BENEDICK,"Go, comfort your cousin: I must say she is dead; and so, farewell.",she,BEATRICE,"Go, comfort your cousin: I must say BEATRICE is dead; and so, farewell.",female,relationship-graph
MUCH ADO ABOUT NOTHING,5,1,LEONATO,"But such a one whose wrongs do suit with mine: Bring me a father that so lov'd his child, Whose joy of her is overwhelm'",her,HERO,"But such a one whose wrongs do suit with mine: Bring me a father that so lov'd his child, Whose joy of HERO is overwhelm",female,relationship-graph
MUCH ADO ABOUT NOTHING,5,1,LEONATO,"But such a one whose wrongs do suit with mine: Bring me a father that so lov'd his child, Whose joy of her is overwhelm'",him,ANTONIO,"But such a one whose wrongs do suit with mine: Bring me a father that so lov'd his child, Whose joy of HERO is overwhelm",male,relationship-graph
MUCH ADO ABOUT NOTHING,5,1,LEONATO,"But such a one whose wrongs do suit with mine: Bring me a father that so lov'd his child, Whose joy of her is overwhelm'",he,ANTONIO,"But such a one whose wrongs do suit with mine: Bring me a father that so lov'd his child, Whose joy of HERO is overwhelm",male,relationship-graph
MUCH ADO ABOUT NOTHING,5,1,LEONATO,"But such a one whose wrongs do suit with mine: Bring me a father that so lov'd his child, Whose joy of her is overwhelm'",him,ANTONIO,"But such a one whose wrongs do suit with mine: Bring me a father that so lov'd his child, Whose joy of HERO is overwhelm",male,relationship-graph
MUCH ADO ABOUT NOTHING,5,1,LEONATO,"But such a one whose wrongs do suit with mine: Bring me a father that so lov'd his child, Whose joy of her is overwhelm'",him,ANTONIO,"But such a one whose wrongs do suit with mine: Bring me a father that so lov'd his child, Whose joy of HERO is overwhelm",male,relationship-graph
MUCH ADO ABOUT NOTHING,5,1,LEONATO,"No, no; 'tis all men's office to speak patience To those that wring under the load of sorrow, But no man's virtue nor su",he,ANTONIO,"No, no; 'tis all men's office to speak patience To those that wring under the load of sorrow, But no man's virtue nor su",male,relationship-graph
MUCH ADO ABOUT NOTHING,5,1,LEONATO,"No, no; 'tis all men's office to speak patience To those that wring under the load of sorrow, But no man's virtue nor su",himself,ANTONIO,"No, no; 'tis all men's office to speak patience To those that wring under the load of sorrow, But no man's virtue nor su",male,relationship-graph
MUCH ADO ABOUT NOTHING,5,1,LEONATO,"My soul doth tell me Hero is belied; And that shall Claudio know; so shall the Prince, And all of them that thus dishono",her,HERO,"My soul doth tell me Hero is belied; And that shall Claudio know; so shall the Prince, And all of them that thus dishono",female,relationship-graph
MUCH ADO ABOUT NOTHING,5,1,ANTONIO,"If he could right himself with quarrelling, Some of us would lie low.",he,LEONATO,"If LEONATO could right himself with quarrelling, Some of us would lie low.",male,relationship-graph
MUCH ADO ABOUT NOTHING,5,1,ANTONIO,"If he could right himself with quarrelling, Some of us would lie low.",himself,LEONATO,"If LEONATO could right LEONATO with quarrelling, Some of us would lie low.",male,relationship-graph
MUCH ADO ABOUT NOTHING,5,1,CLAUDIO,Who wrongs him?,him,DON JOHN,Who wrongs DON JOHN?,male,relationship-graph
MUCH ADO ABOUT NOTHING,5,1,LEONATO,"I say thou hast belied mine innocent child: Thy slander hath gone through and through her heart, And she lies buried wit",she,HERO,"I say thou hast belied mine innocent child: Thy slander hath gone through and through her heart, And HERO lies buried wi",female,relationship-graph
MUCH ADO ABOUT NOTHING,5,1,LEONATO,"in a tomb where never scandal slept, Save this of hers, fram'd by thy villainy!",hers,HERO,"in a tomb where never scandal slept, Save this of HERO, fram'd by thy villainy!",female,relationship-graph
MUCH ADO ABOUT NOTHING,5,1,LEONATO,"My lord, my lord, I'll prove it on his body, if he dare, Despite his nice fence and his active practice, His May of yout",he,ANTONIO,"My lord, my lord, I'll prove it on his body, if ANTONIO dare, Despite his nice fence and his active practice, His May of",male,relationship-graph
MUCH ADO ABOUT NOTHING,5,1,ANTONIO,"He shall kill two of us, and men indeed:",He,LEONATO,"LEONATO shall kill two of us, and men indeed:",male,relationship-graph
MUCH ADO ABOUT NOTHING,5,1,ANTONIO,But that's no matter; let him kill one first: Win me and wear me; let him answer me.,him,LEONATO,But that's no matter; let LEONATO kill one first: Win me and wear me; let him answer me.,male,relationship-graph
MUCH ADO ABOUT NOTHING,5,1,ANTONIO,But that's no matter; let him kill one first: Win me and wear me; let him answer me.,him,LEONATO,But that's no matter; let LEONATO kill one first: Win me and wear me; let LEONATO answer me.,male,relationship-graph
MUCH ADO ABOUT NOTHING,5,1,DON PEDRO,"As I am an honest man, he looks pale.",he,DON JOHN,"As I am an honest man, DON JOHN looks pale.",male,relationship-graph
MUCH ADO ABOUT NOTHING,5,1,CLAUDIO,"Nay then, give him another staff: this last was broke cross.",him,DON JOHN,"Nay then, give DON JOHN another staff: this last was broke cross.",male,relationship-graph
MUCH ADO ABOUT NOTHING,5,1,DON PEDRO,"By this light, he changes more and more: I think he be angry indeed.",he,DON JOHN,"By this light, DON JOHN changes more and more: I think he be angry indeed.",male,relationship-graph
MUCH ADO ABOUT NOTHING,5,1,DON PEDRO,"By this light, he changes more and more: I think he be angry indeed.",he,DON JOHN,"By this light, DON JOHN changes more and more: I think DON JOHN be angry indeed.",male,relationship-graph
MUCH ADO ABOUT NOTHING,5,1,CLAUDIO,"If he be, he knows how to turn his girdle.",he,DON JOHN,"If DON JOHN be, he knows how to turn his girdle.",male,relationship-graph
MUCH ADO ABOUT NOTHING,5,1,CLAUDIO,"If he be, he knows how to turn his girdle.",he,DON JOHN,"If DON JOHN be, DON JOHN knows how to turn his girdle.",male,relationship-graph
MUCH ADO ABOUT NOTHING,5,1,CLAUDIO,"I' faith, I thank him; he hath bid me to a calf's-head and a capon, the which if I do not carve most curiously, say my k",him,DON JOHN,"I' faith, I thank DON JOHN; he hath bid me to a calf's-head and a capon, the which if I do not carve most curiously, say",male,relationship-graph
MUCH ADO ABOUT NOTHING,5,1,CLAUDIO,"I' faith, I thank him; he hath bid me to a calf's-head and a capon, the which if I do not carve most curiously, say my k",he,DON JOHN,"I' faith, I thank DON JOHN; DON JOHN hath bid me to a calf's-head and a capon, the which if I do not carve most curiousl",male,relationship-graph
MUCH ADO ABOUT NOTHING,5,1,DON PEDRO,"'Nay,' said I, 'he hath the tongues.'",he,DON JOHN,"'Nay,' said I, 'DON JOHN hath the tongues.'",male,relationship-graph
MUCH ADO ABOUT NOTHING,5,1,DON PEDRO,"'That I believe' said she, 'for he swore a thing to me on Monday night, which he forswore on Tuesday morning: there's a ",he,DON JOHN,"'That I believe' said she, 'for DON JOHN swore a thing to me on Monday night, which he forswore on Tuesday morning: ther",male,relationship-graph
MUCH ADO ABOUT NOTHING,5,1,DON PEDRO,"'That I believe' said she, 'for he swore a thing to me on Monday night, which he forswore on Tuesday morning: there's a ",he,DON JOHN,"'That I believe' said she, 'for DON JOHN swore a thing to me on Monday night, which DON JOHN forswore on Tuesday morning",male,relationship-graph
MUCH ADO ABOUT NOTHING,5,1,CLAUDIO,For the which she wept heartily and said she cared not.,she,HERO,For the which HERO wept heartily and said she cared not.,female,relationship-graph
MUCH ADO ABOUT NOTHING,5,1,CLAUDIO,For the which she wept heartily and said she cared not.,she,HERO,For the which HERO wept heartily and said HERO cared not.,female,relationship-graph
MUCH ADO ABOUT NOTHING,5,1,DON PEDRO,"Yea, that she did; but yet, for all that, an if she did not hate him deadly, she would love him dearly.",him,DON JOHN,"Yea, that she did; but yet, for all that, an if she did not hate DON JOHN deadly, she would love him dearly.",male,relationship-graph
MUCH ADO ABOUT NOTHING,5,1,DON PEDRO,"Yea, that she did; but yet, for all that, an if she did not hate him deadly, she would love him dearly.",him,DON JOHN,"Yea, that she did; but yet, for all that, an if she did not hate DON JOHN deadly, she would love DON JOHN dearly.",male,relationship-graph
MUCH ADO ABOUT NOTHING,5,1,CLAUDIO,"All, all; and moreover, God saw him when he was hid in the garden.",him,DON JOHN,"All, all; and moreover, God saw DON JOHN when he was hid in the garden.",male,relationship-graph
MUCH ADO ABOUT NOTHING,5,1,CLAUDIO,"All, all; and moreover, God saw him when he was hid in the garden.",he,DON JOHN,"All, all; and moreover, God saw DON JOHN when DON JOHN was hid in the garden.",male,relationship-graph
MUCH ADO ABOUT NOTHING,5,1,DON PEDRO,He is in earnest.,He,DON JOHN,DON JOHN is in earnest.,male,relationship-graph
MUCH ADO ABOUT NOTHING,5,1,DON PEDRO,What a pretty thing man is when he goes in his doublet and hose and leaves off his wit!,he,DON JOHN,What a pretty thing man is when DON JOHN goes in his doublet and hose and leaves off his wit!,male,relationship-graph
MUCH ADO ABOUT NOTHING,5,1,CLAUDIO,He is then a giant to an ape; but then is an ape a doctor to such a man.,He,DON JOHN,DON JOHN is then a giant to an ape; but then is an ape a doctor to such a man.,male,relationship-graph
MUCH ADO ABOUT NOTHING,5,1,DON PEDRO,Did he not say my brother was fled?,he,DON JOHN,Did DON JOHN not say my brother was fled?,male,relationship-graph
MUCH ADO ABOUT NOTHING,5,1,CLAUDIO,I have drunk poison whiles he utter'd it.,he,DON JOHN,I have drunk poison whiles DON JOHN utter'd it.,male,relationship-graph
MUCH ADO ABOUT NOTHING,5,1,DON PEDRO,He is compos'd and fram'd of treachery: And fled he is upon this villainy.,He,DON JOHN,DON JOHN is compos'd and fram'd of treachery: And fled he is upon this villainy.,male,relationship-graph
MUCH ADO ABOUT NOTHING,5,1,DON PEDRO,He is compos'd and fram'd of treachery: And fled he is upon this villainy.,he,DON JOHN,DON JOHN is compos'd and fram'd of treachery: And fled DON JOHN is upon this villainy.,male,relationship-graph
MUCH ADO ABOUT NOTHING,5,1,LEONATO,"Let me see his eyes, That, when I note another man like him, I may avoid him.",him,ANTONIO,"Let me see his eyes, That, when I note another man like ANTONIO, I may avoid him.",male,relationship-graph
MUCH ADO ABOUT NOTHING,5,1,LEONATO,"Let me see his eyes, That, when I note another man like him, I may avoid him.",him,ANTONIO,"Let me see his eyes, That, when I note another man like ANTONIO, I may avoid ANTONIO.",male,relationship-graph
MUCH ADO ABOUT NOTHING,5,1,LEONATO,Which of these is he?,he,ANTONIO,Which of these is ANTONIO?,male,relationship-graph
MUCH ADO ABOUT NOTHING,5,1,DON PEDRO,"By my soul, nor I: And yet, to satisfy this good old man, I would bend under any heavy weight That he'll enjoin me to.",he,DON JOHN,"By my soul, nor I: And yet, to satisfy this good old man, I would bend under any heavy weight That DON JOHN'll enjoin me",male,relationship-graph
MUCH ADO ABOUT NOTHING,5,1,LEONATO,"I cannot bid you bid my daughter live; That were impossible; but, I pray you both, Possess the people in Messina here Ho",she,HERO,"I cannot bid you bid my daughter live; That were impossible; but, I pray you both, Possess the people in Messina here Ho",female,relationship-graph
MUCH ADO ABOUT NOTHING,5,1,LEONATO,"I cannot bid you bid my daughter live; That were impossible; but, I pray you both, Possess the people in Messina here Ho",her,HERO,"I cannot bid you bid my daughter live; That were impossible; but, I pray you both, Possess the people in Messina here Ho",female,relationship-graph
MUCH ADO ABOUT NOTHING,5,1,LEONATO,"My brother hath a daughter, Almost the copy of my child that's dead, And she alone is heir to both of us: Give her the r",she,HERO,"My brother hath a daughter, Almost the copy of my child that's dead, And HERO alone is heir to both of us: Give her the ",female,relationship-graph
MUCH ADO ABOUT NOTHING,5,1,LEONATO,"My brother hath a daughter, Almost the copy of my child that's dead, And she alone is heir to both of us: Give her the r",her,HERO,"My brother hath a daughter, Almost the copy of my child that's dead, And HERO alone is heir to both of us: Give HERO the",female,relationship-graph
MUCH ADO ABOUT NOTHING,5,2,BEATRICE,It appears not in this confession: there's not one wise man among twenty that will praise himself.,himself,BENEDICK,It appears not in this confession: there's not one wise man among twenty that will praise BENEDICK.,male,relationship-graph
MUCH ADO ABOUT NOTHING,5,3,CLAUDIO,"Done to death by slanderous tongues Was the Hero that here lies: Death, in guerdon of her wrongs, Gives her fame which n",her,HERO,"Done to death by slanderous tongues Was the Hero that here lies: Death, in guerdon of HERO wrongs, Gives her fame which ",female,relationship-graph
MUCH ADO ABOUT NOTHING,5,3,CLAUDIO,"Hang thou there upon the tomb, Praising her when I am dumb.",her,HERO,"Hang thou there upon the tomb, Praising HERO when I am dumb.",female,relationship-graph
MUCH ADO ABOUT NOTHING,5,4,LEONATO,"So are the Prince and Claudio, who accus'd her Upon the error that you heard debated:",her,HERO,"So are the Prince and Claudio, who accus'd HERO Upon the error that you heard debated:",female,relationship-graph
MUCH ADO ABOUT NOTHING,5,4,LEONATO,"You know your office, brother; You must be father to your brother's daughter, And give her to young Claudio.",her,HERO,"You know your office, brother; You must be father to your brother's daughter, And give HERO to young Claudio.",female,relationship-graph
MUCH ADO ABOUT NOTHING,5,4,LEONATO,That eye my daughter lent her.,her,HERO,That eye my daughter lent HERO.,female,relationship-graph
MUCH ADO ABOUT NOTHING,5,4,BENEDICK,And I do with an eye of love requite her.,her,BEATRICE,And I do with an eye of love requite BEATRICE.,female,relationship-graph
MUCH ADO ABOUT NOTHING,5,4,CLAUDIO,"I'll hold my mind, were she an Ethiope.",she,HERO,"I'll hold my mind, were HERO an Ethiope.",female,relationship-graph
MUCH ADO ABOUT NOTHING,5,4,LEONATO,"Call her forth, brother: here's the friar ready.",her,HERO,"Call HERO forth, brother: here's the friar ready.",female,relationship-graph
MUCH ADO ABOUT NOTHING,5,4,CLAUDIO,I think he thinks upon the savage bull.,he,DON JOHN,I think DON JOHN thinks upon the savage bull.,male,relationship-graph
MUCH ADO ABOUT NOTHING,5,4,CLAUDIO,"fear not, man, we'll tip thy horns with gold, And all Europa shall rejoice at thee, As once Europa did at lusty Jove, Wh",he,DON JOHN,"fear not, man, we'll tip thy horns with gold, And all Europa shall rejoice at thee, As once Europa did at lusty Jove, Wh",male,relationship-graph
MUCH ADO ABOUT NOTHING,5,4,CLAUDIO,"Why then, she's mine.",she,HERO,"Why then, HERO's mine.",female,relationship-graph
MUCH ADO ABOUT NOTHING,5,4,LEONATO,"No, that you shall not, till you take her hand Before this friar, and swear to marry her.",her,HERO,"No, that you shall not, till you take HERO hand Before this friar, and swear to marry her.",female,relationship-graph
MUCH ADO ABOUT NOTHING,5,4,LEONATO,"She died, my lord, but whiles her slander liv'd.",She,HERO,"HERO died, my lord, but whiles her slander liv'd.",female,relationship-graph
MUCH ADO ABOUT NOTHING,5,4,CLAUDIO,And I'll be sworn upon 't that he loves her;,he,DON JOHN,And I'll be sworn upon 't that DON JOHN loves her;,male,relationship-graph
MUCH ADO ABOUT NOTHING,5,4,CLAUDIO,And I'll be sworn upon 't that he loves her;,her,HERO,And I'll be sworn upon 't that DON JOHN loves HERO;,female,relationship-graph
MUCH ADO ABOUT NOTHING,5,4,BENEDICK,Kisses her.,her,BEATRICE,Kisses BEATRICE.,female,relationship-graph
THE TRAGEDY OF ROMEO AND JULIET,1,1,BENVOLIO,"I drew to part them, in the instant came The fiery Tybalt, with his sword prepar'd, Which, as he breath'd defiance to my",he,MONTAGUE,"I drew to part them, in the instant came The fiery Tybalt, with his sword prepar'd, Which, as MONTAGUE breath'd defiance",male,relationship-graph
THE TRAGEDY OF ROMEO AND JULIET,1,1,BENVOLIO,"I drew to part them, in the instant came The fiery Tybalt, with his sword prepar'd, Which, as he breath'd defiance to my",He,MONTAGUE,"I drew to part them, in the instant came The fiery Tybalt, with his sword prepar'd, Which, as MONTAGUE breath'd defiance",male,relationship-graph
THE TRAGEDY OF ROMEO AND JULIET,1,1,BENVOLIO,"I drew to part them, in the instant came The fiery Tybalt, with his sword prepar'd, Which, as he breath'd defiance to my",him,MONTAGUE,"I drew to part them, in the instant came The fiery Tybalt, with his sword prepar'd, Which, as MONTAGUE breath'd defiance",male,relationship-graph
THE TRAGEDY OF ROMEO AND JULIET,1,1,BENVOLIO,"Towards him I made, but he was ware of me, And stole into the covert of the wood.",him,MONTAGUE,"Towards MONTAGUE I made, but he was ware of me, And stole into the covert of the wood.",male,relationship-graph
THE TRAGEDY OF ROMEO AND JULIET,1,1,BENVOLIO,"Towards him I made, but he was ware of me, And stole into the covert of the wood.",he,MONTAGUE,"Towards MONTAGUE I made, but MONTAGUE was ware of me, And stole into the covert of the wood.",male,relationship-graph
THE TRAGEDY OF ROMEO AND JULIET,1,1,MONTAGUE,"Many a morning hath he there been seen, With tears augmenting the fresh morning's dew, Adding to clouds more clouds with",he,ROMEO,"Many a morning hath ROMEO there been seen, With tears augmenting the fresh morning's dew, Adding to clouds more clouds w",male,relationship-graph
THE TRAGEDY OF ROMEO AND JULIET,1,1,MONTAGUE,"Many a morning hath he there been seen, With tears augmenting the fresh morning's dew, Adding to clouds more clouds with",himself,ROMEO,"Many a morning hath ROMEO there been seen, With tears augmenting the fresh morning's dew, Adding to clouds more clouds w",male,relationship-graph
THE TRAGEDY OF ROMEO AND JULIET,1,1,MONTAGUE,"Many a morning hath he there been seen, With tears augmenting the fresh morning's dew, Adding to clouds more clouds with",himself,ROMEO,"Many a morning hath ROMEO there been seen, With tears augmenting the fresh morning's dew, Adding to clouds more clouds w",male,relationship-graph
THE TRAGEDY OF ROMEO AND JULIET,1,1,MONTAGUE,I neither know it nor can learn of him.,him,ROMEO,I neither know it nor can learn of ROMEO.,male,relationship-graph
THE TRAGEDY OF ROMEO AND JULIET,1,1,BENVOLIO,Have you importun'd him by any means?,him,MONTAGUE,Have you importun'd MONTAGUE by any means?,male,relationship-graph
THE TRAGEDY OF ROMEO AND JULIET,1,1,MONTAGUE,"Both by myself and many other friends; But he, his own affections' counsellor, Is to himself—I will not say how true— Bu",he,ROMEO,"Both by myself and many other friends; But ROMEO, his own affections' counsellor, Is to himself—I will not say how true—",male,relationship-graph
THE TRAGEDY OF ROMEO AND JULIET,1,1,MONTAGUE,"Both by myself and many other friends; But he, his own affections' counsellor, Is to himself—I will not say how true— Bu",himself,ROMEO,"Both by myself and many other friends; But ROMEO, his own affections' counsellor, Is to ROMEO—I will not say how true— B",male,relationship-graph
THE TRAGEDY OF ROMEO AND JULIET,1,1,MONTAGUE,"Both by myself and many other friends; But he, his own affections' counsellor, Is to himself—I will not say how true— Bu",himself,ROMEO,"Both by myself and many other friends; But ROMEO, his own affections' counsellor, Is to ROMEO—I will not say how true— B",male,relationship-graph
THE TRAGEDY OF ROMEO AND JULIET,1,1,MONTAGUE,"Both by myself and many other friends; But he, his own affections' counsellor, Is to himself—I will not say how true— Bu",he,ROMEO,"Both by myself and many other friends; But ROMEO, his own affections' counsellor, Is to ROMEO—I will not say how true— B",male,relationship-graph
THE TRAGEDY OF ROMEO AND JULIET,1,1,BENVOLIO,"See, where he comes.",he,MONTAGUE,"See, where MONTAGUE comes.",male,relationship-graph
THE TRAGEDY OF ROMEO AND JULIET,1,1,ROMEO,"This is not Romeo, he's some other where.",he,MONTAGUE,"This is not Romeo, MONTAGUE's some other where.",male,relationship-graph
THE TRAGEDY OF ROMEO AND JULIET,1,1,ROMEO,"A right good markman, and she's fair I love.",she,JULIET,"A right good markman, and JULIET's fair I love.",female,relationship-graph
THE TRAGEDY OF ROMEO AND JULIET,1,1,ROMEO,"Well, in that hit you miss: she'll not be hit With Cupid's arrow, she hath Dian's wit; And in strong proof of chastity w",she,JULIET,"Well, in that hit you miss: JULIET'll not be hit With Cupid's arrow, she hath Dian's wit; And in strong proof of chastit",female,relationship-graph
THE TRAGEDY OF ROMEO AND JULIET,1,1,ROMEO,"Well, in that hit you miss: she'll not be hit With Cupid's arrow, she hath Dian's wit; And in strong proof of chastity w",she,JULIET,"Well, in that hit you miss: JULIET'll not be hit With Cupid's arrow, JULIET hath Dian's wit; And in strong proof of chas",female,relationship-graph
THE TRAGEDY OF ROMEO AND JULIET,1,1,ROMEO,"Well, in that hit you miss: she'll not be hit With Cupid's arrow, she hath Dian's wit; And in strong proof of chastity w",she,JULIET,"Well, in that hit you miss: JULIET'll not be hit With Cupid's arrow, JULIET hath Dian's wit; And in strong proof of chas",female,relationship-graph
THE TRAGEDY OF ROMEO AND JULIET,1,1,ROMEO,"She will not stay the siege of loving terms Nor bide th'encounter of assailing eyes, Nor ope her lap to saint-seducing g",She,JULIET,"JULIET will not stay the siege of loving terms Nor bide th'encounter of assailing eyes, Nor ope her lap to saint-seducin",female,relationship-graph
THE TRAGEDY OF ROMEO AND JULIET,1,1,ROMEO,"She will not stay the siege of loving terms Nor bide th'encounter of assailing eyes, Nor ope her lap to saint-seducing g",she,JULIET,"JULIET will not stay the siege of loving terms Nor bide th'encounter of assailing eyes, Nor ope her lap to saint-seducin",female,relationship-graph
THE TRAGEDY OF ROMEO AND JULIET,1,1,ROMEO,"That when she dies, with beauty dies her store.",she,JULIET,"That when JULIET dies, with beauty dies her store.",female,relationship-graph
THE TRAGEDY OF ROMEO AND JULIET,1,1,ROMEO,"She hath, and in that sparing makes huge waste; For beauty starv'd with her severity, Cuts beauty off from all posterity",She,JULIET,"JULIET hath, and in that sparing makes huge waste; For beauty starv'd with her severity, Cuts beauty off from all poster",female,relationship-graph
THE TRAGEDY OF ROMEO AND JULIET,1,1,ROMEO,"She is too fair, too wise; wisely too fair, To merit bliss by making me despair.",She,JULIET,"JULIET is too fair, too wise; wisely too fair, To merit bliss by making me despair.",female,relationship-graph
THE TRAGEDY OF ROMEO AND JULIET,1,1,ROMEO,"She hath forsworn to love, and in that vow Do I live dead, that live to tell it now.",She,JULIET,"JULIET hath forsworn to love, and in that vow Do I live dead, that live to tell it now.",female,relationship-graph
THE TRAGEDY OF ROMEO AND JULIET,1,1,ROMEO,"'Tis the way To call hers, exquisite, in question more.",hers,JULIET,"'Tis the way To call JULIET, exquisite, in question more.",female,relationship-graph
THE TRAGEDY OF ROMEO AND JULIET,1,1,ROMEO,"These happy masks that kiss fair ladies' brows, Being black, puts us in mind they hide the fair; He that is strucken bli",He,MONTAGUE,"These happy masks that kiss fair ladies' brows, Being black, puts us in mind they hide the fair; MONTAGUE that is struck",male,relationship-graph
THE TRAGEDY OF ROMEO AND JULIET,1,2,CAPULET,"My child is yet a stranger in the world, She hath not seen the change of fourteen years; Let two more summers wither in ",She,JULIET,"My child is yet a stranger in the world, JULIET hath not seen the change of fourteen years; Let two more summers wither ",female,relationship-graph
THE TRAGEDY OF ROMEO AND JULIET,1,2,CAPULET,"My child is yet a stranger in the world, She hath not seen the change of fourteen years; Let two more summers wither in ",her,JULIET,"My child is yet a stranger in the world, JULIET hath not seen the change of fourteen years; Let two more summers wither ",female,relationship-graph
THE TRAGEDY OF ROMEO AND JULIET,1,2,PARIS,Younger than she are happy mothers made.,she,JULIET,Younger than JULIET are happy mothers made.,female,relationship-graph
THE TRAGEDY OF ROMEO AND JULIET,1,2,CAPULET,"The earth hath swallowed all my hopes but she, She is the hopeful lady of my earth: But woo her, gentle Paris, get her h",she,JULIET,"The earth hath swallowed all my hopes but JULIET, She is the hopeful lady of my earth: But woo her, gentle Paris, get he",female,relationship-graph
THE TRAGEDY OF ROMEO AND JULIET,1,2,CAPULET,"The earth hath swallowed all my hopes but she, She is the hopeful lady of my earth: But woo her, gentle Paris, get her h",She,JULIET,"The earth hath swallowed all my hopes but JULIET, JULIET is the hopeful lady of my earth: But woo her, gentle Paris, get",female,relationship-graph
THE TRAGEDY OF ROMEO AND JULIET,1,2,CAPULET,"The earth hath swallowed all my hopes but she, She is the hopeful lady of my earth: But woo her, gentle Paris, get her h",her,JULIET,"The earth hath swallowed all my hopes but JULIET, JULIET is the hopeful lady of my earth: But woo JULIET, gentle Paris, ",female,relationship-graph
THE TRAGEDY OF ROMEO AND JULIET,1,2,CAPULET,"The earth hath swallowed all my hopes but she, She is the hopeful lady of my earth: But woo her, gentle Paris, get her h",she,JULIET,"The earth hath swallowed all my hopes but JULIET, JULIET is the hopeful lady of my earth: But woo JULIET, gentle Paris, ",female,relationship-graph
THE TRAGEDY OF ROMEO AND JULIET,1,2,ROMEO,He reads the letter.,He,MONTAGUE,MONTAGUE reads the letter.,male,relationship-graph
THE TRAGEDY OF ROMEO AND JULIET,1,3,LADY CAPULET,"This night you shall behold him at our feast; Read o'er the volume of young Paris' face, And find delight writ there wit",him,TYBALT,"This night you shall behold TYBALT at our feast; Read o'er the volume of young Paris' face, And find delight writ there ",male,relationship-graph
THE TRAGEDY OF ROMEO AND JULIET,1,3,LADY CAPULET,"This precious book of love, this unbound lover, To beautify him, only lacks a cover: The fish lives in the sea; and 'tis",him,TYBALT,"This precious book of love, this unbound lover, To beautify TYBALT, only lacks a cover: The fish lives in the sea; and '",male,relationship-graph
THE TRAGEDY OF ROMEO AND JULIET,1,3,LADY CAPULET,"So shall you share all that he doth possess, By having him, making yourself no less.",he,TYBALT,"So shall you share all that TYBALT doth possess, By having him, making yourself no less.",male,relationship-graph
THE TRAGEDY OF ROMEO AND JULIET,1,3,LADY CAPULET,"So shall you share all that he doth possess, By having him, making yourself no less.",him,TYBALT,"So shall you share all that TYBALT doth possess, By having TYBALT, making yourself no less.",male,relationship-graph
THE TRAGEDY OF ROMEO AND JULIET,1,4,BENVOLIO,"Come, knock and enter; and no sooner in But every man betake him to his legs.",him,MONTAGUE,"Come, knock and enter; and no sooner in But every man betake MONTAGUE to his legs.",male,relationship-graph
THE TRAGEDY OF ROMEO AND JULIET,1,4,MERCUTIO,"And in this state she gallops night by night Through lovers' brains, and then they dream of love; O'er courtiers' knees,",he,TYBALT,"And in this state she gallops night by night Through lovers' brains, and then they dream of love; O'er courtiers' knees,",male,relationship-graph
THE TRAGEDY OF ROMEO AND JULIET,1,4,MERCUTIO,"And in this state she gallops night by night Through lovers' brains, and then they dream of love; O'er courtiers' knees,",he,TYBALT,"And in this state she gallops night by night Through lovers' brains, and then they dream of love; O'er courtiers' knees,",male,relationship-graph
THE TRAGEDY OF ROMEO AND JULIET,1,4,MERCUTIO,"Sometime she driveth o'er a soldier's neck, And then dreams he of cutting foreign throats, Of breaches, ambuscados, Span",he,TYBALT,"Sometime she driveth o'er a soldier's neck, And then dreams TYBALT of cutting foreign throats, Of breaches, ambuscados, ",male,relationship-graph
THE TRAGEDY OF ROMEO AND JULIET,1,4,MERCUTIO,"Sometime she driveth o'er a soldier's neck, And then dreams he of cutting foreign throats, Of breaches, ambuscados, Span",he,TYBALT,"Sometime she driveth o'er a soldier's neck, And then dreams TYBALT of cutting foreign throats, Of breaches, ambuscados, ",male,relationship-graph
THE TRAGEDY OF ROMEO AND JULIET,1,4,ROMEO,But he that hath the steerage of my course Direct my suit.,he,MONTAGUE,But MONTAGUE that hath the steerage of my course Direct my suit.,male,relationship-graph
THE TRAGEDY OF ROMEO AND JULIET,1,5,CAPULET,"She that makes dainty, She I'll swear hath corns.",She,JULIET,"JULIET that makes dainty, She I'll swear hath corns.",female,relationship-graph
THE TRAGEDY OF ROMEO AND JULIET,1,5,CAPULET,"She that makes dainty, She I'll swear hath corns.",She,JULIET,"JULIET that makes dainty, JULIET I'll swear hath corns.",female,relationship-graph
THE TRAGEDY OF ROMEO AND JULIET,1,5,ROMEO,"O, she doth teach the torches to burn bright!",she,JULIET,"O, JULIET doth teach the torches to burn bright!",female,relationship-graph
THE TRAGEDY OF ROMEO AND JULIET,1,5,ROMEO,"It seems she hangs upon the cheek of night As a rich jewel in an Ethiop's ear; Beauty too rich for use, for earth too de",she,JULIET,"It seems JULIET hangs upon the cheek of night As a rich jewel in an Ethiop's ear; Beauty too rich for use, for earth too",female,relationship-graph
THE TRAGEDY OF ROMEO AND JULIET,1,5,TYBALT,"Now by the stock and honour of my kin, To strike him dead I hold it not a sin.",him,LADY CAPULET,"Now by the stock and honour of my kin, To strike LADY CAPULET dead I hold it not a sin.",male,relationship-graph
THE TRAGEDY OF ROMEO AND JULIET,1,5,TYBALT,"'Tis he, that villain Romeo.",he,LADY CAPULET,"'Tis LADY CAPULET, that villain Romeo.",male,relationship-graph
THE TRAGEDY OF ROMEO AND JULIET,1,5,CAPULET,"Content thee, gentle coz, let him alone, A bears him like a portly gentleman; And, to say truth, Verona brags of him To ",him,MONTAGUE,"Content thee, gentle coz, let MONTAGUE alone, A bears him like a portly gentleman; And, to say truth, Verona brags of hi",male,relationship-graph
THE TRAGEDY OF ROMEO AND JULIET,1,5,CAPULET,"Content thee, gentle coz, let him alone, A bears him like a portly gentleman; And, to say truth, Verona brags of him To ",him,MONTAGUE,"Content thee, gentle coz, let MONTAGUE alone, A bears MONTAGUE like a portly gentleman; And, to say truth, Verona brags ",male,relationship-graph
THE TRAGEDY OF ROMEO AND JULIET,1,5,CAPULET,"Content thee, gentle coz, let him alone, A bears him like a portly gentleman; And, to say truth, Verona brags of him To ",him,MONTAGUE,"Content thee, gentle coz, let MONTAGUE alone, A bears MONTAGUE like a portly gentleman; And, to say truth, Verona brags ",male,relationship-graph
THE TRAGEDY OF ROMEO AND JULIET,1,5,CAPULET,I would not for the wealth of all the town Here in my house do him disparagement.,him,MONTAGUE,I would not for the wealth of all the town Here in my house do MONTAGUE disparagement.,male,relationship-graph
THE TRAGEDY OF ROMEO AND JULIET,1,5,CAPULET,"Therefore be patient, take no note of him, It is my will; the which if thou respect, Show a fair presence and put off th",him,MONTAGUE,"Therefore be patient, take no note of MONTAGUE, It is my will; the which if thou respect, Show a fair presence and put o",male,relationship-graph
THE TRAGEDY OF ROMEO AND JULIET,1,5,TYBALT,It fits when such a villain is a guest: I'll not endure him.,him,LADY CAPULET,It fits when such a villain is a guest: I'll not endure LADY CAPULET.,male,relationship-graph
THE TRAGEDY OF ROMEO AND JULIET,1,5,CAPULET,He shall be endur'd.,He,MONTAGUE,MONTAGUE shall be endur'd.,male,relationship-graph
THE TRAGEDY OF ROMEO AND JULIET,1,5,CAPULET,"I say he shall, go to; Am I the master here, or you?",he,MONTAGUE,"I say MONTAGUE shall, go to; Am I the master here, or you?",male,relationship-graph
THE TRAGEDY OF ROMEO AND JULIET,1,5,CAPULET,You'll not endure him!,him,MONTAGUE,You'll not endure MONTAGUE!,male,relationship-graph
THE TRAGEDY OF ROMEO AND JULIET,1,5,ROMEO,Kissing her.,her,JULIET,Kissing JULIET.,female,relationship-graph
THE TRAGEDY OF ROMEO AND JULIET,1,5,ROMEO,Is she a Capulet?,she,JULIET,Is JULIET a Capulet?,female,relationship-graph
THE TRAGEDY OF ROMEO AND JULIET,1,5,JULIET,What's he that now is going out of door?,he,ROMEO,What's ROMEO that now is going out of door?,male,relationship-graph
THE TRAGEDY OF ROMEO AND JULIET,1,5,JULIET,"What's he that follows here, that would not dance?",he,ROMEO,"What's ROMEO that follows here, that would not dance?",male,relationship-graph
THE TRAGEDY OF ROMEO AND JULIET,1,5,JULIET,"If he be married, My grave is like to be my wedding bed.",he,ROMEO,"If ROMEO be married, My grave is like to be my wedding bed.",male,relationship-graph
THE TRAGEDY OF ROMEO AND JULIET,2,1,ROMEO,He climbs the wall and leaps down within it.,He,MONTAGUE,MONTAGUE climbs the wall and leaps down within it.,male,relationship-graph
THE TRAGEDY OF ROMEO AND JULIET,2,1,MERCUTIO,"He is wise, And on my life hath stol'n him home to bed.",He,TYBALT,"TYBALT is wise, And on my life hath stol'n him home to bed.",male,relationship-graph
THE TRAGEDY OF ROMEO AND JULIET,2,1,MERCUTIO,"He is wise, And on my life hath stol'n him home to bed.",him,TYBALT,"TYBALT is wise, And on my life hath stol'n TYBALT home to bed.",male,relationship-graph
THE TRAGEDY OF ROMEO AND JULIET,2,1,BENVOLIO,"He ran this way, and leap'd this orchard wall: Call, good Mercutio.",He,MONTAGUE,"MONTAGUE ran this way, and leap'd this orchard wall: Call, good Mercutio.",male,relationship-graph
THE TRAGEDY OF ROMEO AND JULIET,2,1,MERCUTIO,"Pronounce but Love and dove; Speak to my gossip Venus one fair word, One nickname for her purblind son and heir, Young A",he,TYBALT,"Pronounce but Love and dove; Speak to my gossip Venus one fair word, One nickname for her purblind son and heir, Young A",male,relationship-graph
THE TRAGEDY OF ROMEO AND JULIET,2,1,MERCUTIO,"He heareth not, he stirreth not, he moveth not; The ape is dead, and I must conjure him.",He,TYBALT,"TYBALT heareth not, he stirreth not, he moveth not; The ape is dead, and I must conjure him.",male,relationship-graph
THE TRAGEDY OF ROMEO AND JULIET,2,1,MERCUTIO,"He heareth not, he stirreth not, he moveth not; The ape is dead, and I must conjure him.",he,TYBALT,"TYBALT heareth not, TYBALT stirreth not, he moveth not; The ape is dead, and I must conjure him.",male,relationship-graph
THE TRAGEDY OF ROMEO AND JULIET,2,1,MERCUTIO,"He heareth not, he stirreth not, he moveth not; The ape is dead, and I must conjure him.",he,TYBALT,"TYBALT heareth not, TYBALT stirreth not, TYBALT moveth not; The ape is dead, and I must conjure him.",male,relationship-graph
THE TRAGEDY OF ROMEO AND JULIET,2,1,MERCUTIO,"He heareth not, he stirreth not, he moveth not; The ape is dead, and I must conjure him.",him,TYBALT,"TYBALT heareth not, TYBALT stirreth not, TYBALT moveth not; The ape is dead, and I must conjure TYBALT.",male,relationship-graph
THE TRAGEDY OF ROMEO AND JULIET,2,1,BENVOLIO,"An if he hear thee, thou wilt anger him.",he,MONTAGUE,"An if MONTAGUE hear thee, thou wilt anger him.",male,relationship-graph
THE TRAGEDY OF ROMEO AND JULIET,2,1,BENVOLIO,"An if he hear thee, thou wilt anger him.",him,MONTAGUE,"An if MONTAGUE hear thee, thou wilt anger MONTAGUE.",male,relationship-graph
THE TRAGEDY OF ROMEO AND JULIET,2,1,MERCUTIO,"This cannot anger him. 'Twould anger him To raise a spirit in his mistress' circle, Of some strange nature, letting it t",him,TYBALT,"This cannot anger TYBALT. 'Twould anger him To raise a spirit in his mistress' circle, Of some strange nature, letting i",male,relationship-graph
THE TRAGEDY OF ROMEO AND JULIET,2,1,MERCUTIO,"This cannot anger him. 'Twould anger him To raise a spirit in his mistress' circle, Of some strange nature, letting it t",him,TYBALT,"This cannot anger TYBALT. 'Twould anger TYBALT To raise a spirit in his mistress' circle, Of some strange nature, lettin",male,relationship-graph
THE TRAGEDY OF ROMEO AND JULIET,2,1,MERCUTIO,"My invocation Is fair and honest, and, in his mistress' name, I conjure only but to raise up him.",him,TYBALT,"My invocation Is fair and honest, and, in his mistress' name, I conjure only but to raise up TYBALT.",male,relationship-graph
THE TRAGEDY OF ROMEO AND JULIET,2,1,BENVOLIO,"Come, he hath hid himself among these trees To be consorted with the humorous night.",he,MONTAGUE,"Come, MONTAGUE hath hid himself among these trees To be consorted with the humorous night.",male,relationship-graph
THE TRAGEDY OF ROMEO AND JULIET,2,1,BENVOLIO,"Come, he hath hid himself among these trees To be consorted with the humorous night.",himself,MONTAGUE,"Come, MONTAGUE hath hid MONTAGUE among these trees To be consorted with the humorous night.",male,relationship-graph
THE TRAGEDY OF ROMEO AND JULIET,2,1,MERCUTIO,"Now will he sit under a medlar tree, And wish his mistress were that kind of fruit As maids call medlars when they laugh",he,TYBALT,"Now will TYBALT sit under a medlar tree, And wish his mistress were that kind of fruit As maids call medlars when they l",male,relationship-graph
THE TRAGEDY OF ROMEO AND JULIET,2,1,BENVOLIO,Go then; for 'tis in vain To seek him here that means not to be found.,him,MONTAGUE,Go then; for 'tis in vain To seek MONTAGUE here that means not to be found.,male,relationship-graph
THE TRAGEDY OF ROMEO AND JULIET,2,2,ROMEO,He jests at scars that never felt a wound.,He,MONTAGUE,MONTAGUE jests at scars that never felt a wound.,male,relationship-graph
THE TRAGEDY OF ROMEO AND JULIET,2,2,ROMEO,"Arise fair sun and kill the envious moon, Who is already sick and pale with grief, That thou her maid art far more fair ",she,JULIET,"Arise fair sun and kill the envious moon, Who is already sick and pale with grief, That thou her maid art far more fair ",female,relationship-graph
THE TRAGEDY OF ROMEO AND JULIET,2,2,ROMEO,"Be not her maid since she is envious; Her vestal livery is but sick and green, And none but fools do wear it; cast it of",she,JULIET,"Be not her maid since JULIET is envious; Her vestal livery is but sick and green, And none but fools do wear it; cast it",female,relationship-graph
THE TRAGEDY OF ROMEO AND JULIET,2,2,ROMEO,"O, that she knew she were!",she,JULIET,"O, that JULIET knew she were!",female,relationship-graph
THE TRAGEDY OF ROMEO AND JULIET,2,2,ROMEO,"O, that she knew she were!",she,JULIET,"O, that JULIET knew JULIET were!",female,relationship-graph
THE TRAGEDY OF ROMEO AND JULIET,2,2,ROMEO,"She speaks, yet she says nothing.",She,JULIET,"JULIET speaks, yet she says nothing.",female,relationship-graph
THE TRAGEDY OF ROMEO AND JULIET,2,2,ROMEO,"She speaks, yet she says nothing.",she,JULIET,"JULIET speaks, yet JULIET says nothing.",female,relationship-graph
THE TRAGEDY OF ROMEO AND JULIET,2,2,ROMEO,"I am too bold, 'tis not to me she speaks.",she,JULIET,"I am too bold, 'tis not to me JULIET speaks.",female,relationship-graph
THE TRAGEDY OF ROMEO AND JULIET,2,2,ROMEO,See how she leans her cheek upon her hand.,she,JULIET,See how JULIET leans her cheek upon her hand.,female,relationship-graph
THE TRAGEDY OF ROMEO AND JULIET,2,2,ROMEO,She speaks.,She,JULIET,JULIET speaks.,female,relationship-graph
THE TRAGEDY OF ROMEO AND JULIET,2,2,ROMEO,"As glorious to this night, being o'er my head, As is a winged messenger of heaven Unto the white-upturned wondering eyes",him,MONTAGUE,"As glorious to this night, being o'er my head, As is a winged messenger of heaven Unto the white-upturned wondering eyes",male,relationship-graph
THE TRAGEDY OF ROMEO AND JULIET,2,2,ROMEO,"As glorious to this night, being o'er my head, As is a winged messenger of heaven Unto the white-upturned wondering eyes",he,MONTAGUE,"As glorious to this night, being o'er my head, As is a winged messenger of heaven Unto the white-upturned wondering eyes",male,relationship-graph
THE TRAGEDY OF ROMEO AND JULIET,2,2,JULIET,"That which we call a rose By any other name would smell as sweet; So Romeo would, were he not Romeo call'd, Retain that ",he,ROMEO,"That which we call a rose By any other name would smell as sweet; So Romeo would, were ROMEO not Romeo call'd, Retain th",male,relationship-graph
THE TRAGEDY OF ROMEO AND JULIET,2,2,JULIET,"That which we call a rose By any other name would smell as sweet; So Romeo would, were he not Romeo call'd, Retain that ",he,ROMEO,"That which we call a rose By any other name would smell as sweet; So Romeo would, were ROMEO not Romeo call'd, Retain th",male,relationship-graph
THE TRAGEDY OF ROMEO AND JULIET,2,2,ROMEO,"By love, that first did prompt me to enquire; He lent me counsel, and I lent him eyes.",He,MONTAGUE,"By love, that first did prompt me to enquire; MONTAGUE lent me counsel, and I lent him eyes.",male,relationship-graph
THE TRAGEDY OF ROMEO AND JULIET,2,2,ROMEO,"By love, that first did prompt me to enquire; He lent me counsel, and I lent him eyes.",him,MONTAGUE,"By love, that first did prompt me to enquire; MONTAGUE lent me counsel, and I lent MONTAGUE eyes.",male,relationship-graph
THE TRAGEDY OF ROMEO AND JULIET,2,3,ROMEO,"As mine on hers, so hers is set on mine; And all combin'd, save what thou must combine By holy marriage.",hers,JULIET,"As mine on JULIET, so hers is set on mine; And all combin'd, save what thou must combine By holy marriage.",female,relationship-graph
THE TRAGEDY OF ROMEO AND JULIET,2,3,ROMEO,"As mine on hers, so hers is set on mine; And all combin'd, save what thou must combine By holy marriage.",hers,JULIET,"As mine on JULIET, so JULIET is set on mine; And all combin'd, save what thou must combine By holy marriage.",female,relationship-graph
THE TRAGEDY OF ROMEO AND JULIET,2,3,ROMEO,"I pray thee chide me not, her I love now Doth grace for grace and love for love allow.",her,JULIET,"I pray thee chide me not, JULIET I love now Doth grace for grace and love for love allow.",female,relationship-graph
THE TRAGEDY OF ROMEO AND JULIET,2,4,MERCUTIO,Came he not home tonight?,he,TYBALT,Came TYBALT not home tonight?,male,relationship-graph
THE TRAGEDY OF ROMEO AND JULIET,2,4,MERCUTIO,"Why, that same pale hard-hearted wench, that Rosaline, torments him so that he will sure run mad.",him,TYBALT,"Why, that same pale hard-hearted wench, that Rosaline, torments TYBALT so that he will sure run mad.",male,relationship-graph
THE TRAGEDY OF ROMEO AND JULIET,2,4,MERCUTIO,"Why, that same pale hard-hearted wench, that Rosaline, torments him so that he will sure run mad.",he,TYBALT,"Why, that same pale hard-hearted wench, that Rosaline, torments TYBALT so that TYBALT will sure run mad.",male,relationship-graph
THE TRAGEDY OF ROMEO AND JULIET,2,4,BENVOLIO,"Nay, he will answer the letter's master, how he dares, being dared.",he,MONTAGUE,"Nay, MONTAGUE will answer the letter's master, how he dares, being dared.",male,relationship-graph
THE TRAGEDY OF ROMEO AND JULIET,2,4,BENVOLIO,"Nay, he will answer the letter's master, how he dares, being dared.",he,MONTAGUE,"Nay, MONTAGUE will answer the letter's master, how MONTAGUE dares, being dared.",male,relationship-graph
THE TRAGEDY OF ROMEO AND JULIET,2,4,MERCUTIO,"Alas poor Romeo, he is already dead, stabbed with a white wench's black eye; run through the ear with a love song, the v",he,TYBALT,"Alas poor Romeo, TYBALT is already dead, stabbed with a white wench's black eye; run through the ear with a love song, t",male,relationship-graph
THE TRAGEDY OF ROMEO AND JULIET,2,4,MERCUTIO,And is he a man to encounter Tybalt?,he,TYBALT,And is TYBALT a man to encounter Tybalt?,male,relationship-graph
THE TRAGEDY OF ROMEO AND JULIET,2,4,MERCUTIO,"O, he's the courageous captain of compliments.",he,TYBALT,"O, TYBALT's the courageous captain of compliments.",male,relationship-graph
THE TRAGEDY OF ROMEO AND JULIET,2,4,MERCUTIO,"He fights as you sing prick-song, keeps time, distance, and proportion.",He,TYBALT,"TYBALT fights as you sing prick-song, keeps time, distance, and proportion.",male,relationship-graph
THE TRAGEDY OF ROMEO AND JULIET,2,4,MERCUTIO,"He rests his minim rest, one, two, and the third in your bosom: the very butcher of a silk button, a duellist, a duellis",He,TYBALT,"TYBALT rests his minim rest, one, two, and the third in your bosom: the very butcher of a silk button, a duellist, a due",male,relationship-graph
THE TRAGEDY OF ROMEO AND JULIET,2,4,MERCUTIO,Now is he for the numbers that Petrarch flowed in.,he,TYBALT,Now is TYBALT for the numbers that Petrarch flowed in.,male,relationship-graph
THE TRAGEDY OF ROMEO AND JULIET,2,4,ROMEO,"One, gentlewoman, that God hath made for himself to mar.",himself,MONTAGUE,"One, gentlewoman, that God hath made for MONTAGUE to mar.",male,relationship-graph
THE TRAGEDY OF ROMEO AND JULIET,2,4,ROMEO,I can tell you: but young Romeo will be older when you have found him than he was when you sought him.,him,MONTAGUE,I can tell you: but young Romeo will be older when you have found MONTAGUE than he was when you sought him.,male,relationship-graph
THE TRAGEDY OF ROMEO AND JULIET,2,4,ROMEO,I can tell you: but young Romeo will be older when you have found him than he was when you sought him.,he,MONTAGUE,I can tell you: but young Romeo will be older when you have found MONTAGUE than MONTAGUE was when you sought him.,male,relationship-graph
THE TRAGEDY OF ROMEO AND JULIET,2,4,ROMEO,I can tell you: but young Romeo will be older when you have found him than he was when you sought him.,him,MONTAGUE,I can tell you: but young Romeo will be older when you have found MONTAGUE than MONTAGUE was when you sought MONTAGUE.,male,relationship-graph
THE TRAGEDY OF ROMEO AND JULIET,2,4,BENVOLIO,She will endite him to some supper.,him,MONTAGUE,She will endite MONTAGUE to some supper.,male,relationship-graph
THE TRAGEDY OF ROMEO AND JULIET,2,4,ROMEO,"A gentleman, Nurse, that loves to hear himself talk, and will speak more in a minute than he will stand to in a month.",himself,MONTAGUE,"A gentleman, Nurse, that loves to hear MONTAGUE talk, and will speak more in a minute than he will stand to in a month.",male,relationship-graph
THE TRAGEDY OF ROMEO AND JULIET,2,4,ROMEO,"A gentleman, Nurse, that loves to hear himself talk, and will speak more in a minute than he will stand to in a month.",he,MONTAGUE,"A gentleman, Nurse, that loves to hear MONTAGUE talk, and will speak more in a minute than MONTAGUE will stand to in a m",male,relationship-graph
THE TRAGEDY OF ROMEO AND JULIET,2,4,ROMEO,"What wilt thou tell her, Nurse?",her,JULIET,"What wilt thou tell JULIET, Nurse?",female,relationship-graph
THE TRAGEDY OF ROMEO AND JULIET,2,4,ROMEO,"Bid her devise Some means to come to shrift this afternoon, And there she shall at Friar Lawrence' cell Be shriv'd and m",her,JULIET,"Bid JULIET devise Some means to come to shrift this afternoon, And there she shall at Friar Lawrence' cell Be shriv'd an",female,relationship-graph
THE TRAGEDY OF ROMEO AND JULIET,2,4,ROMEO,"Bid her devise Some means to come to shrift this afternoon, And there she shall at Friar Lawrence' cell Be shriv'd and m",she,JULIET,"Bid JULIET devise Some means to come to shrift this afternoon, And there JULIET shall at Friar Lawrence' cell Be shriv'd",female,relationship-graph
THE TRAGEDY OF ROMEO AND JULIET,2,5,JULIET,Perchance she cannot meet him.,him,ROMEO,Perchance she cannot meet ROMEO.,male,relationship-graph
THE TRAGEDY OF ROMEO AND JULIET,2,5,JULIET,Hast thou met with him?,him,ROMEO,Hast thou met with ROMEO?,male,relationship-graph
THE TRAGEDY OF ROMEO AND JULIET,2,5,JULIET,What says he of our marriage?,he,ROMEO,What says ROMEO of our marriage?,male,relationship-graph
THE TRAGEDY OF ROMEO AND JULIET,2,6,ROMEO,"Do thou but close our hands with holy words, Then love-devouring death do what he dare, It is enough I may but call her ",he,MONTAGUE,"Do thou but close our hands with holy words, Then love-devouring death do what MONTAGUE dare, It is enough I may but cal",male,relationship-graph
THE TRAGEDY OF ROMEO AND JULIET,2,6,ROMEO,"Do thou but close our hands with holy words, Then love-devouring death do what he dare, It is enough I may but call her ",her,JULIET,"Do thou but close our hands with holy words, Then love-devouring death do what MONTAGUE dare, It is enough I may but cal",female,relationship-graph
THE TRAGEDY OF ROMEO AND JULIET,2,6,JULIET,"As much to him, else is his thanks too much.",him,ROMEO,"As much to ROMEO, else is his thanks too much.",male,relationship-graph
THE TRAGEDY OF ROMEO AND JULIET,3,1,MERCUTIO,"Thou art like one of these fellows that, when he enters the confines of a tavern, claps me his sword upon the table, and",he,TYBALT,"Thou art like one of these fellows that, when TYBALT enters the confines of a tavern, claps me his sword upon the table,",male,relationship-graph
THE TRAGEDY OF ROMEO AND JULIET,3,1,MERCUTIO,"and by the operation of the second cup draws him on the drawer, when indeed there is no need.",him,TYBALT,"and by the operation of the second cup draws TYBALT on the drawer, when indeed there is no need.",male,relationship-graph
THE TRAGEDY OF ROMEO AND JULIET,3,1,MERCUTIO,"Thou hast quarrelled with a man for coughing in the street, because he hath wakened thy dog that hath lain asleep in the",he,TYBALT,"Thou hast quarrelled with a man for coughing in the street, because TYBALT hath wakened thy dog that hath lain asleep in",male,relationship-graph
THE TRAGEDY OF ROMEO AND JULIET,3,1,MERCUTIO,"But I'll be hanged, sir, if he wear your livery.",he,TYBALT,"But I'll be hanged, sir, if TYBALT wear your livery.",male,relationship-graph
THE TRAGEDY OF ROMEO AND JULIET,3,1,MERCUTIO,"Marry, go before to field, he'll be your follower; Your worship in that sense may call him man.",he,TYBALT,"Marry, go before to field, TYBALT'll be your follower; Your worship in that sense may call him man.",male,relationship-graph
THE TRAGEDY OF ROMEO AND JULIET,3,1,MERCUTIO,"Marry, go before to field, he'll be your follower; Your worship in that sense may call him man.",him,TYBALT,"Marry, go before to field, TYBALT'll be your follower; Your worship in that sense may call TYBALT man.",male,relationship-graph
THE TRAGEDY OF ROMEO AND JULIET,3,1,MERCUTIO,"Is he gone, and hath nothing?",he,TYBALT,"Is TYBALT gone, and hath nothing?",male,relationship-graph
THE TRAGEDY OF ROMEO AND JULIET,3,1,ROMEO,"Now, Tybalt, take the 'villain' back again That late thou gav'st me, for Mercutio's soul Is but a little way above our h",him,MONTAGUE,"Now, Tybalt, take the 'villain' back again That late thou gav'st me, for Mercutio's soul Is but a little way above our h",male,relationship-graph
THE TRAGEDY OF ROMEO AND JULIET,3,1,ROMEO,"Either thou or I, or both, must go with him.",him,MONTAGUE,"Either thou or I, or both, must go with MONTAGUE.",male,relationship-graph
THE TRAGEDY OF ROMEO AND JULIET,3,1,TYBALT,"Thou wretched boy, that didst consort him here, Shalt with him hence.",him,LADY CAPULET,"Thou wretched boy, that didst consort LADY CAPULET here, Shalt with him hence.",male,relationship-graph
THE TRAGEDY OF ROMEO AND JULIET,3,1,TYBALT,"Thou wretched boy, that didst consort him here, Shalt with him hence.",him,LADY CAPULET,"Thou wretched boy, that didst consort LADY CAPULET here, Shalt with LADY CAPULET hence.",male,relationship-graph
THE TRAGEDY OF ROMEO AND JULIET,3,1,BENVOLIO,"Tybalt, here slain, whom Romeo's hand did slay; Romeo, that spoke him fair, bid him bethink How nice the quarrel was, an",him,MONTAGUE,"Tybalt, here slain, whom Romeo's hand did slay; Romeo, that spoke MONTAGUE fair, bid him bethink How nice the quarrel wa",male,relationship-graph
THE TRAGEDY OF ROMEO AND JULIET,3,1,BENVOLIO,"Tybalt, here slain, whom Romeo's hand did slay; Romeo, that spoke him fair, bid him bethink How nice the quarrel was, an",him,MONTAGUE,"Tybalt, here slain, whom Romeo's hand did slay; Romeo, that spoke MONTAGUE fair, bid MONTAGUE bethink How nice the quarr",male,relationship-graph
THE TRAGEDY OF ROMEO AND JULIET,3,1,BENVOLIO,"All this uttered With gentle breath, calm look, knees humbly bow'd Could not take truce with the unruly spleen Of Tybalt",he,MONTAGUE,"All this uttered With gentle breath, calm look, knees humbly bow'd Could not take truce with the unruly spleen Of Tybalt",male,relationship-graph
THE TRAGEDY OF ROMEO AND JULIET,3,1,BENVOLIO,"Romeo he cries aloud, 'Hold, friends!",he,MONTAGUE,"Romeo MONTAGUE cries aloud, 'Hold, friends!",male,relationship-graph
THE TRAGEDY OF ROMEO AND JULIET,3,1,BENVOLIO,"But by and by comes back to Romeo, Who had but newly entertain'd revenge, And to't they go like lightning; for, ere I Co",he,MONTAGUE,"But by and by comes back to Romeo, Who had but newly entertain'd revenge, And to't they go like lightning; for, ere I Co",male,relationship-graph
THE TRAGEDY OF ROMEO AND JULIET,3,1,LADY CAPULET,He is a kinsman to the Montague.,He,TYBALT,TYBALT is a kinsman to the Montague.,male,relationship-graph
THE TRAGEDY OF ROMEO AND JULIET,3,1,LADY CAPULET,"Affection makes him false, he speaks not true.",him,TYBALT,"Affection makes TYBALT false, he speaks not true.",male,relationship-graph
THE TRAGEDY OF ROMEO AND JULIET,3,1,LADY CAPULET,"Affection makes him false, he speaks not true.",he,TYBALT,"Affection makes TYBALT false, TYBALT speaks not true.",male,relationship-graph
THE TRAGEDY OF ROMEO AND JULIET,3,1,MONTAGUE,"Not Romeo, Prince, he was Mercutio's friend; His fault concludes but what the law should end, The life of Tybalt.",he,ROMEO,"Not Romeo, Prince, ROMEO was Mercutio's friend; His fault concludes but what the law should end, The life of Tybalt.",male,relationship-graph
THE TRAGEDY OF ROMEO AND JULIET,3,2,JULIET,"Come gentle night, come loving black-brow'd night, Give me my Romeo, and when I shall die, Take him and cut him out in l",him,ROMEO,"Come gentle night, come loving black-brow'd night, Give me my Romeo, and when I shall die, Take ROMEO and cut him out in",male,relationship-graph
THE TRAGEDY OF ROMEO AND JULIET,3,2,JULIET,"Come gentle night, come loving black-brow'd night, Give me my Romeo, and when I shall die, Take him and cut him out in l",him,ROMEO,"Come gentle night, come loving black-brow'd night, Give me my Romeo, and when I shall die, Take ROMEO and cut ROMEO out ",male,relationship-graph
THE TRAGEDY OF ROMEO AND JULIET,3,2,JULIET,"Come gentle night, come loving black-brow'd night, Give me my Romeo, and when I shall die, Take him and cut him out in l",he,ROMEO,"Come gentle night, come loving black-brow'd night, Give me my Romeo, and when I shall die, Take ROMEO and cut ROMEO out ",male,relationship-graph
THE TRAGEDY OF ROMEO AND JULIET,3,2,JULIET,Hath Romeo slain himself?,himself,ROMEO,Hath Romeo slain ROMEO?,male,relationship-graph
THE TRAGEDY OF ROMEO AND JULIET,3,2,JULIET,"If he be slain, say Ay; or if not, No.",he,ROMEO,"If ROMEO be slain, say Ay; or if not, No.",male,relationship-graph
THE TRAGEDY OF ROMEO AND JULIET,3,2,NURSE,"Tybalt is gone, and Romeo banished, Romeo that kill'd him, he is banished.",him,TYBALT,"Tybalt is gone, and Romeo banished, Romeo that kill'd TYBALT, he is banished.",male,intra-utterance
THE TRAGEDY OF ROMEO AND JULIET,3,2,NURSE,"Tybalt is gone, and Romeo banished, Romeo that kill'd him, he is banished.",he,TYBALT,"Tybalt is gone, and Romeo banished, Romeo that kill'd TYBALT, TYBALT is banished.",male,intra-utterance
THE TRAGEDY OF ROMEO AND JULIET,3,2,JULIET,He was not born to shame.,He,ROMEO,ROMEO was not born to shame.,male,relationship-graph
THE TRAGEDY OF ROMEO AND JULIET,3,2,JULIET,"O, what a beast was I to chide at him!",him,ROMEO,"O, what a beast was I to chide at ROMEO!",male,relationship-graph
THE TRAGEDY OF ROMEO AND JULIET,3,2,JULIET,Shall I speak ill of him that is my husband?,him,ROMEO,Shall I speak ill of ROMEO that is my husband?,male,relationship-graph
THE TRAGEDY OF ROMEO AND JULIET,3,2,JULIET,"He made you for a highway to my bed, But I, a maid, die maiden-widowed.",He,ROMEO,"ROMEO made you for a highway to my bed, But I, a maid, die maiden-widowed.",male,relationship-graph
THE TRAGEDY OF ROMEO AND JULIET,3,2,JULIET,"O find him, give this ring to my true knight, And bid him come to take his last farewell.",him,ROMEO,"O find ROMEO, give this ring to my true knight, And bid him come to take his last farewell.",male,relationship-graph
THE TRAGEDY OF ROMEO AND JULIET,3,2,JULIET,"O find him, give this ring to my true knight, And bid him come to take his last farewell.",him,ROMEO,"O find ROMEO, give this ring to my true knight, And bid ROMEO come to take his last farewell.",male,relationship-graph
THE TRAGEDY OF ROMEO AND JULIET,3,3,ROMEO,"Heaven is here Where Juliet lives, and every cat and dog, And little mouse, every unworthy thing, Live here in heaven an",her,JULIET,"Heaven is here Where Juliet lives, and every cat and dog, And little mouse, every unworthy thing, Live here in heaven an",female,relationship-graph
THE TRAGEDY OF ROMEO AND JULIET,3,3,ROMEO,"But Romeo may not, he is banished.",he,MONTAGUE,"But Romeo may not, MONTAGUE is banished.",male,relationship-graph
THE TRAGEDY OF ROMEO AND JULIET,3,3,ROMEO,How is it with her?,her,JULIET,How is it with JULIET?,female,relationship-graph
THE TRAGEDY OF ROMEO AND JULIET,3,3,ROMEO,"Doth not she think me an old murderer, Now I have stain'd the childhood of our joy With blood remov'd but little from he",she,JULIET,"Doth not JULIET think me an old murderer, Now I have stain'd the childhood of our joy With blood remov'd but little from",female,relationship-graph
THE TRAGEDY OF ROMEO AND JULIET,3,3,ROMEO,Where is she?,she,JULIET,Where is JULIET?,female,relationship-graph
THE TRAGEDY OF ROMEO AND JULIET,3,3,ROMEO,And how doth she?,she,JULIET,And how doth JULIET?,female,relationship-graph
THE TRAGEDY OF ROMEO AND JULIET,3,3,ROMEO,"As if that name, Shot from the deadly level of a gun, Did murder her, as that name's cursed hand Murder'd her kinsman.",her,JULIET,"As if that name, Shot from the deadly level of a gun, Did murder JULIET, as that name's cursed hand Murder'd her kinsman",female,relationship-graph
THE TRAGEDY OF ROMEO AND JULIET,3,3,FRIAR LAWRENCE,"I'll find out your man, And he shall signify from time to time Every good hap to you that chances here.",he,ROMEO,"I'll find out your man, And ROMEO shall signify from time to time Every good hap to you that chances here.",male,relationship-graph
THE TRAGEDY OF ROMEO AND JULIET,3,4,CAPULET,"Look you, she lov'd her kinsman Tybalt dearly, And so did I. Well, we were born to die.",she,JULIET,"Look you, JULIET lov'd her kinsman Tybalt dearly, And so did I. Well, we were born to die.",female,relationship-graph
THE TRAGEDY OF ROMEO AND JULIET,3,4,CAPULET,Tis very late; she'll not come down tonight.,she,JULIET,Tis very late; JULIET'll not come down tonight.,female,relationship-graph
THE TRAGEDY OF ROMEO AND JULIET,3,4,CAPULET,"I think she will be rul'd In all respects by me; nay more, I doubt it not.",she,JULIET,"I think JULIET will be rul'd In all respects by me; nay more, I doubt it not.",female,relationship-graph
THE TRAGEDY OF ROMEO AND JULIET,3,4,CAPULET,"Wife, go you to her ere you go to bed, Acquaint her here of my son Paris' love, And bid her, mark you me, on Wednesday n",her,JULIET,"Wife, go you to JULIET ere you go to bed, Acquaint her here of my son Paris' love, And bid her, mark you me, on Wednesda",female,relationship-graph
THE TRAGEDY OF ROMEO AND JULIET,3,4,CAPULET,"Wife, go you to her ere you go to bed, Acquaint her here of my son Paris' love, And bid her, mark you me, on Wednesday n",her,JULIET,"Wife, go you to JULIET ere you go to bed, Acquaint JULIET here of my son Paris' love, And bid her, mark you me, on Wedne",female,relationship-graph
THE TRAGEDY OF ROMEO AND JULIET,3,4,CAPULET,"Well, Wednesday is too soon, A Thursday let it be; a Thursday, tell her, She shall be married to this noble earl.",her,JULIET,"Well, Wednesday is too soon, A Thursday let it be; a Thursday, tell JULIET, She shall be married to this noble earl.",female,relationship-graph
THE TRAGEDY OF ROMEO AND JULIET,3,4,CAPULET,"Well, Wednesday is too soon, A Thursday let it be; a Thursday, tell her, She shall be married to this noble earl.",She,JULIET,"Well, Wednesday is too soon, A Thursday let it be; a Thursday, tell JULIET, JULIET shall be married to this noble earl.",female,relationship-graph
THE TRAGEDY OF ROMEO AND JULIET,3,4,CAPULET,"We'll keep no great ado,—a friend or two, For, hark you, Tybalt being slain so late, It may be thought we held him carel",him,MONTAGUE,"We'll keep no great ado,—a friend or two, For, hark you, Tybalt being slain so late, It may be thought we held MONTAGUE ",male,relationship-graph
THE TRAGEDY OF ROMEO AND JULIET,3,4,CAPULET,"Go you to Juliet ere you go to bed, Prepare her, wife, against this wedding day.",her,JULIET,"Go you to Juliet ere you go to bed, Prepare JULIET, wife, against this wedding day.",female,relationship-graph
THE TRAGEDY OF ROMEO AND JULIET,3,5,JULIET,"All men call thee fickle, If thou art fickle, what dost thou with him That is renown'd for faith?",him,ROMEO,"All men call thee fickle, If thou art fickle, what dost thou with ROMEO That is renown'd for faith?",male,relationship-graph
THE TRAGEDY OF ROMEO AND JULIET,3,5,JULIET,"Be fickle, Fortune; For then, I hope thou wilt not keep him long But send him back.",him,ROMEO,"Be fickle, Fortune; For then, I hope thou wilt not keep ROMEO long But send him back.",male,relationship-graph
THE TRAGEDY OF ROMEO AND JULIET,3,5,JULIET,"Be fickle, Fortune; For then, I hope thou wilt not keep him long But send him back.",him,ROMEO,"Be fickle, Fortune; For then, I hope thou wilt not keep ROMEO long But send ROMEO back.",male,relationship-graph
THE TRAGEDY OF ROMEO AND JULIET,3,5,LADY CAPULET,"What, wilt thou wash him from his grave with tears?",him,TYBALT,"What, wilt thou wash TYBALT from his grave with tears?",male,relationship-graph
THE TRAGEDY OF ROMEO AND JULIET,3,5,LADY CAPULET,"And if thou couldst, thou couldst not make him live.",him,TYBALT,"And if thou couldst, thou couldst not make TYBALT live.",male,relationship-graph
THE TRAGEDY OF ROMEO AND JULIET,3,5,LADY CAPULET,"Well, girl, thou weep'st not so much for his death As that the villain lives which slaughter'd him.",him,TYBALT,"Well, girl, thou weep'st not so much for his death As that the villain lives which slaughter'd TYBALT.",male,relationship-graph
THE TRAGEDY OF ROMEO AND JULIET,3,5,JULIET,Villain and he be many miles asunder.,he,ROMEO,Villain and ROMEO be many miles asunder.,male,relationship-graph
THE TRAGEDY OF ROMEO AND JULIET,3,5,JULIET,God pardon him.,him,ROMEO,God pardon ROMEO.,male,relationship-graph
THE TRAGEDY OF ROMEO AND JULIET,3,5,JULIET,And yet no man like he doth grieve my heart.,he,ROMEO,And yet no man like ROMEO doth grieve my heart.,male,relationship-graph
THE TRAGEDY OF ROMEO AND JULIET,3,5,LADY CAPULET,"I'll send to one in Mantua, Where that same banish'd runagate doth live, Shall give him such an unaccustom'd dram That h",him,TYBALT,"I'll send to one in Mantua, Where that same banish'd runagate doth live, Shall give TYBALT such an unaccustom'd dram Tha",male,relationship-graph
THE TRAGEDY OF ROMEO AND JULIET,3,5,LADY CAPULET,"I'll send to one in Mantua, Where that same banish'd runagate doth live, Shall give him such an unaccustom'd dram That h",he,TYBALT,"I'll send to one in Mantua, Where that same banish'd runagate doth live, Shall give TYBALT such an unaccustom'd dram Tha",male,relationship-graph
THE TRAGEDY OF ROMEO AND JULIET,3,5,JULIET,Indeed I never shall be satisfied With Romeo till I behold him—dead— Is my poor heart so for a kinsman vex'd.,him,ROMEO,Indeed I never shall be satisfied With Romeo till I behold ROMEO—dead— Is my poor heart so for a kinsman vex'd.,male,relationship-graph
THE TRAGEDY OF ROMEO AND JULIET,3,5,JULIET,"O, how my heart abhors To hear him nam'd, and cannot come to him, To wreak the love I bore my cousin Upon his body that ",him,ROMEO,"O, how my heart abhors To hear ROMEO nam'd, and cannot come to him, To wreak the love I bore my cousin Upon his body tha",male,relationship-graph
THE TRAGEDY OF ROMEO AND JULIET,3,5,JULIET,"O, how my heart abhors To hear him nam'd, and cannot come to him, To wreak the love I bore my cousin Upon his body that ",him,ROMEO,"O, how my heart abhors To hear ROMEO nam'd, and cannot come to ROMEO, To wreak the love I bore my cousin Upon his body t",male,relationship-graph
THE TRAGEDY OF ROMEO AND JULIET,3,5,JULIET,"O, how my heart abhors To hear him nam'd, and cannot come to him, To wreak the love I bore my cousin Upon his body that ",him,ROMEO,"O, how my heart abhors To hear ROMEO nam'd, and cannot come to ROMEO, To wreak the love I bore my cousin Upon his body t",male,relationship-graph
THE TRAGEDY OF ROMEO AND JULIET,3,5,JULIET,"Now by Saint Peter's Church, and Peter too, He shall not make me there a joyful bride.",He,ROMEO,"Now by Saint Peter's Church, and Peter too, ROMEO shall not make me there a joyful bride.",male,relationship-graph
THE TRAGEDY OF ROMEO AND JULIET,3,5,JULIET,Ere he that should be husband comes to woo.,he,ROMEO,Ere ROMEO that should be husband comes to woo.,male,relationship-graph
THE TRAGEDY OF ROMEO AND JULIET,3,5,LADY CAPULET,"Here comes your father, tell him so yourself, And see how he will take it at your hands.",him,TYBALT,"Here comes your father, tell TYBALT so yourself, And see how he will take it at your hands.",male,relationship-graph
THE TRAGEDY OF ROMEO AND JULIET,3,5,LADY CAPULET,"Here comes your father, tell him so yourself, And see how he will take it at your hands.",he,TYBALT,"Here comes your father, tell TYBALT so yourself, And see how TYBALT will take it at your hands.",male,relationship-graph
THE TRAGEDY OF ROMEO AND JULIET,3,5,CAPULET,"How, will she none?",she,JULIET,"How, will JULIET none?",female,relationship-graph
THE TRAGEDY OF ROMEO AND JULIET,3,5,CAPULET,Doth she not give us thanks?,she,JULIET,Doth JULIET not give us thanks?,female,relationship-graph
THE TRAGEDY OF ROMEO AND JULIET,3,5,CAPULET,Is she not proud?,she,JULIET,Is JULIET not proud?,female,relationship-graph
THE TRAGEDY OF ROMEO AND JULIET,3,5,CAPULET,"Doth she not count her blest, Unworthy as she is, that we have wrought So worthy a gentleman to be her bridegroom?",she,JULIET,"Doth JULIET not count her blest, Unworthy as she is, that we have wrought So worthy a gentleman to be her bridegroom?",female,relationship-graph
THE TRAGEDY OF ROMEO AND JULIET,3,5,CAPULET,"Doth she not count her blest, Unworthy as she is, that we have wrought So worthy a gentleman to be her bridegroom?",she,JULIET,"Doth JULIET not count her blest, Unworthy as JULIET is, that we have wrought So worthy a gentleman to be her bridegroom?",female,relationship-graph
THE TRAGEDY OF ROMEO AND JULIET,3,5,CAPULET,"But now I see this one is one too much, And that we have a curse in having her.",her,JULIET,"But now I see this one is one too much, And that we have a curse in having JULIET.",female,relationship-graph
THE TRAGEDY OF ROMEO AND JULIET,3,5,CAPULET,"Out on her, hilding.",her,JULIET,"Out on JULIET, hilding.",female,relationship-graph
THE TRAGEDY OF ROMEO AND JULIET,3,5,NURSE,Romeo is banished; and all the world to nothing That he dares ne'er come back to challenge you.,he,ROMEO,Romeo is banished; and all the world to nothing That ROMEO dares ne'er come back to challenge you.,male,intra-utterance
THE TRAGEDY OF ROMEO AND JULIET,3,5,NURSE,"Or if he do, it needs must be by stealth.",he,ROMEO,"Or if ROMEO do, it needs must be by stealth.",male,intra-utterance
THE TRAGEDY OF ROMEO AND JULIET,3,5,NURSE,"O, he's a lovely gentleman.",he,ROMEO,"O, ROMEO's a lovely gentleman.",male,intra-utterance
THE TRAGEDY OF ROMEO AND JULIET,3,5,NURSE,Romeo's a dishclout to him.,him,ROMEO,Romeo's a dishclout to ROMEO.,male,intra-utterance
THE TRAGEDY OF ROMEO AND JULIET,3,5,NURSE,"Beshrew my very heart, I think you are happy in this second match, For it excels your first: or if it did not, Your firs",he,ROMEO,"Beshrew my very heart, I think you are happy in this second match, For it excels your first: or if it did not, Your firs",male,intra-utterance
THE TRAGEDY OF ROMEO AND JULIET,3,5,NURSE,"Beshrew my very heart, I think you are happy in this second match, For it excels your first: or if it did not, Your firs",him,ROMEO,"Beshrew my very heart, I think you are happy in this second match, For it excels your first: or if it did not, Your firs",male,intra-utterance
THE TRAGEDY OF ROMEO AND JULIET,3,5,JULIET,"Is it more sin to wish me thus forsworn, Or to dispraise my lord with that same tongue Which she hath prais'd him with a",him,ROMEO,"Is it more sin to wish me thus forsworn, Or to dispraise my lord with that same tongue Which she hath prais'd ROMEO with",male,relationship-graph
THE TRAGEDY OF ROMEO AND JULIET,4,1,PARIS,"Immoderately she weeps for Tybalt's death, And therefore have I little talk'd of love; For Venus smiles not in a house o",she,JULIET,"Immoderately JULIET weeps for Tybalt's death, And therefore have I little talk'd of love; For Venus smiles not in a hous",female,relationship-graph
THE TRAGEDY OF ROMEO AND JULIET,4,1,PARIS,"Now, sir, her father counts it dangerous That she do give her sorrow so much sway; And in his wisdom, hastes our marriag",she,JULIET,"Now, sir, her father counts it dangerous That JULIET do give her sorrow so much sway; And in his wisdom, hastes our marr",female,relationship-graph
THE TRAGEDY OF ROMEO AND JULIET,4,1,PARIS,"Now, sir, her father counts it dangerous That she do give her sorrow so much sway; And in his wisdom, hastes our marriag",her,JULIET,"Now, sir, JULIET father counts it dangerous That JULIET do give her sorrow so much sway; And in his wisdom, hastes our m",female,relationship-graph
THE TRAGEDY OF ROMEO AND JULIET,4,1,PARIS,"Now, sir, her father counts it dangerous That she do give her sorrow so much sway; And in his wisdom, hastes our marriag",herself,JULIET,"Now, sir, JULIET father counts it dangerous That JULIET do give her sorrow so much sway; And in his wisdom, hastes our m",female,relationship-graph
THE TRAGEDY OF ROMEO AND JULIET,4,1,PARIS,"Now, sir, her father counts it dangerous That she do give her sorrow so much sway; And in his wisdom, hastes our marriag",her,JULIET,"Now, sir, JULIET father counts it dangerous That JULIET do give JULIET sorrow so much sway; And in his wisdom, hastes ou",female,relationship-graph
THE TRAGEDY OF ROMEO AND JULIET,4,1,PARIS,Do not deny to him that you love me.,him,ROMEO,Do not deny to ROMEO that you love me.,male,relationship-graph
THE TRAGEDY OF ROMEO AND JULIET,4,1,JULIET,I will confess to you that I love him.,him,ROMEO,I will confess to you that I love ROMEO.,male,relationship-graph
THE TRAGEDY OF ROMEO AND JULIET,4,1,FRIAR LAWRENCE,"If, rather than to marry County Paris Thou hast the strength of will to slay thyself, Then is it likely thou wilt undert",himself,ROMEO,"If, rather than to marry County Paris Thou hast the strength of will to slay thyself, Then is it likely thou wilt undert",male,relationship-graph
THE TRAGEDY OF ROMEO AND JULIET,4,1,FRIAR LAWRENCE,"No warmth, no breath shall testify thou livest, The roses in thy lips and cheeks shall fade To paly ashes; thy eyes' win",he,ROMEO,"No warmth, no breath shall testify thou livest, The roses in thy lips and cheeks shall fade To paly ashes; thy eyes' win",male,relationship-graph
THE TRAGEDY OF ROMEO AND JULIET,4,1,FRIAR LAWRENCE,"In the meantime, against thou shalt awake, Shall Romeo by my letters know our drift, And hither shall he come, and he an",he,ROMEO,"In the meantime, against thou shalt awake, Shall Romeo by my letters know our drift, And hither shall ROMEO come, and he",male,relationship-graph
THE TRAGEDY OF ROMEO AND JULIET,4,1,FRIAR LAWRENCE,"In the meantime, against thou shalt awake, Shall Romeo by my letters know our drift, And hither shall he come, and he an",he,ROMEO,"In the meantime, against thou shalt awake, Shall Romeo by my letters know our drift, And hither shall ROMEO come, and RO",male,relationship-graph
THE TRAGEDY OF ROMEO AND JULIET,4,2,CAPULET,"Well, he may chance to do some good on her.",he,MONTAGUE,"Well, MONTAGUE may chance to do some good on her.",male,relationship-graph
THE TRAGEDY OF ROMEO AND JULIET,4,2,CAPULET,"Well, he may chance to do some good on her.",her,JULIET,"Well, MONTAGUE may chance to do some good on JULIET.",female,relationship-graph
THE TRAGEDY OF ROMEO AND JULIET,4,2,CAPULET,"Send for the County, go tell him of this.",him,MONTAGUE,"Send for the County, go tell MONTAGUE of this.",male,relationship-graph
THE TRAGEDY OF ROMEO AND JULIET,4,2,JULIET,"I met the youthful lord at Lawrence' cell, And gave him what becomed love I might, Not stepping o'er the bounds of modes",him,ROMEO,"I met the youthful lord at Lawrence' cell, And gave ROMEO what becomed love I might, Not stepping o'er the bounds of mod",male,relationship-graph
THE TRAGEDY OF ROMEO AND JULIET,4,2,CAPULET,"Go, I say, and fetch him hither.",him,MONTAGUE,"Go, I say, and fetch MONTAGUE hither.",male,relationship-graph
THE TRAGEDY OF ROMEO AND JULIET,4,2,CAPULET,"Now afore God, this reverend holy Friar, All our whole city is much bound to him.",him,MONTAGUE,"Now afore God, this reverend holy Friar, All our whole city is much bound to MONTAGUE.",male,relationship-graph
THE TRAGEDY OF ROMEO AND JULIET,4,2,CAPULET,"Go, Nurse, go with her.",her,JULIET,"Go, Nurse, go with JULIET.",female,relationship-graph
THE TRAGEDY OF ROMEO AND JULIET,4,2,CAPULET,"Go thou to Juliet, help to deck up her.",her,JULIET,"Go thou to Juliet, help to deck up JULIET.",female,relationship-graph
THE TRAGEDY OF ROMEO AND JULIET,4,2,CAPULET,"They are all forth: well, I will walk myself To County Paris, to prepare him up Against tomorrow.",him,MONTAGUE,"They are all forth: well, I will walk myself To County Paris, to prepare MONTAGUE up Against tomorrow.",male,relationship-graph
THE TRAGEDY OF ROMEO AND JULIET,4,3,JULIET,"What if it be a poison, which the Friar Subtly hath minister'd to have me dead, Lest in this marriage he should be disho",he,ROMEO,"What if it be a poison, which the Friar Subtly hath minister'd to have me dead, Lest in this marriage ROMEO should be di",male,relationship-graph
THE TRAGEDY OF ROMEO AND JULIET,4,3,JULIET,"What if it be a poison, which the Friar Subtly hath minister'd to have me dead, Lest in this marriage he should be disho",he,ROMEO,"What if it be a poison, which the Friar Subtly hath minister'd to have me dead, Lest in this marriage ROMEO should be di",male,relationship-graph
THE TRAGEDY OF ROMEO AND JULIET,4,3,JULIET,"And yet methinks it should not, For he hath still been tried a holy man.",he,ROMEO,"And yet methinks it should not, For ROMEO hath still been tried a holy man.",male,relationship-graph
THE TRAGEDY OF ROMEO AND JULIET,4,4,CAPULET,"Call Peter, he will show thee where they are.",he,MONTAGUE,"Call Peter, MONTAGUE will show thee where they are.",male,relationship-graph
THE TRAGEDY OF ROMEO AND JULIET,4,4,CAPULET,"The County will be here with music straight, For so he said he would.",he,MONTAGUE,"The County will be here with music straight, For so MONTAGUE said he would.",male,relationship-graph
THE TRAGEDY OF ROMEO AND JULIET,4,4,CAPULET,"The County will be here with music straight, For so he said he would.",he,MONTAGUE,"The County will be here with music straight, For so MONTAGUE said MONTAGUE would.",male,relationship-graph
THE TRAGEDY OF ROMEO AND JULIET,4,4,CAPULET,I hear him near.,him,MONTAGUE,I hear MONTAGUE near.,male,relationship-graph
THE TRAGEDY OF ROMEO AND JULIET,4,4,CAPULET,"Go waken Juliet, go and trim her up.",her,JULIET,"Go waken Juliet, go and trim JULIET up.",female,relationship-graph
THE TRAGEDY OF ROMEO AND JULIET,4,4,CAPULET,"Hie, make haste, Make haste; the bridegroom he is come already.",he,MONTAGUE,"Hie, make haste, Make haste; the bridegroom MONTAGUE is come already.",male,relationship-graph
THE TRAGEDY OF ROMEO AND JULIET,4,5,CAPULET,Let me see her.,her,JULIET,Let me see JULIET.,female,relationship-graph
THE TRAGEDY OF ROMEO AND JULIET,4,5,CAPULET,"She's cold, Her blood is settled and her joints are stiff.",She,JULIET,"JULIET's cold, Her blood is settled and her joints are stiff.",female,relationship-graph
THE TRAGEDY OF ROMEO AND JULIET,4,5,CAPULET,Death lies on her like an untimely frost Upon the sweetest flower of all the field.,her,JULIET,Death lies on JULIET like an untimely frost Upon the sweetest flower of all the field.,female,relationship-graph
THE TRAGEDY OF ROMEO AND JULIET,4,5,CAPULET,"Death, that hath ta'en her hence to make me wail, Ties up my tongue and will not let me speak.",her,JULIET,"Death, that hath ta'en JULIET hence to make me wail, Ties up my tongue and will not let me speak.",female,relationship-graph
THE TRAGEDY OF ROMEO AND JULIET,4,5,CAPULET,"There she lies, Flower as she was, deflowered by him.",she,JULIET,"There JULIET lies, Flower as she was, deflowered by him.",female,relationship-graph
THE TRAGEDY OF ROMEO AND JULIET,4,5,CAPULET,"There she lies, Flower as she was, deflowered by him.",she,JULIET,"There JULIET lies, Flower as JULIET was, deflowered by him.",female,relationship-graph
THE TRAGEDY OF ROMEO AND JULIET,4,5,CAPULET,"There she lies, Flower as she was, deflowered by him.",him,MONTAGUE,"There JULIET lies, Flower as JULIET was, deflowered by MONTAGUE.",male,relationship-graph
THE TRAGEDY OF ROMEO AND JULIET,4,5,CAPULET,"Death is my son-in-law, death is my heir; My daughter he hath wedded.",he,MONTAGUE,"Death is my son-in-law, death is my heir; My daughter MONTAGUE hath wedded.",male,relationship-graph
THE TRAGEDY OF ROMEO AND JULIET,4,5,CAPULET,"I will die And leave him all; life, living, all is death's.",him,MONTAGUE,"I will die And leave MONTAGUE all; life, living, all is death's.",male,relationship-graph
THE TRAGEDY OF ROMEO AND JULIET,4,5,FRIAR LAWRENCE,"Sir, go you in, and, madam, go with him, And go, Sir Paris, everyone prepare To follow this fair corse unto her grave.",him,ROMEO,"Sir, go you in, and, madam, go with ROMEO, And go, Sir Paris, everyone prepare To follow this fair corse unto her grave.",male,relationship-graph
THE TRAGEDY OF ROMEO AND JULIET,5,1,ROMEO,That I ask again; For nothing can be ill if she be well.,she,JULIET,That I ask again; For nothing can be ill if JULIET be well.,female,intra-utterance
THE TRAGEDY OF ROMEO AND JULIET,5,1,BALTHASAR,"Then she is well, and nothing can be ill.",she,JULIET,"Then JULIET is well, and nothing can be ill.",female,prev-utterance
THE TRAGEDY OF ROMEO AND JULIET,5,1,BALTHASAR,"I saw her laid low in her kindred's vault, And presently took post to tell it you.",her,JULIET,"I saw JULIET laid low in her kindred's vault, And presently took post to tell it you.",female,prev-utterance
THE TRAGEDY OF ROMEO AND JULIET,5,1,ROMEO,"I do remember an apothecary,— And hereabouts he",he,MONTAGUE,"I do remember an apothecary,— And hereabouts MONTAGUE",male,relationship-graph
THE TRAGEDY OF ROMEO AND JULIET,5,1,ROMEO,"I noted In tatter'd weeds, with overwhelming brows, Culling of simples, meagre were his looks, Sharp misery had worn him",him,MONTAGUE,"I noted In tatter'd weeds, with overwhelming brows, Culling of simples, meagre were his looks, Sharp misery had worn MON",male,relationship-graph
THE TRAGEDY OF ROMEO AND JULIET,5,1,ROMEO,"Noting this penury, to myself I said, And if a man did need a poison now, Whose sale is present death in Mantua, Here li",him,MONTAGUE,"Noting this penury, to myself I said, And if a man did need a poison now, Whose sale is present death in Mantua, Here li",male,relationship-graph
THE TRAGEDY OF ROMEO AND JULIET,5,3,PARIS,I will apprehend him.,him,ROMEO,I will apprehend ROMEO.,male,relationship-graph
THE TRAGEDY OF ROMEO AND JULIET,5,3,ROMEO,"What said my man, when my betossed soul Did not attend him as we rode?",him,MONTAGUE,"What said my man, when my betossed soul Did not attend MONTAGUE as we rode?",male,relationship-graph
THE TRAGEDY OF ROMEO AND JULIET,5,3,ROMEO,I think He told me Paris should have married Juliet.,He,MONTAGUE,I think MONTAGUE told me Paris should have married Juliet.,male,relationship-graph
THE TRAGEDY OF ROMEO AND JULIET,5,3,ROMEO,Said he not so?,he,MONTAGUE,Said MONTAGUE not so?,male,relationship-graph
THE TRAGEDY OF ROMEO AND JULIET,5,3,ROMEO,"Or am I mad, hearing him talk of Juliet, To think it was so?",him,MONTAGUE,"Or am I mad, hearing MONTAGUE talk of Juliet, To think it was so?",male,relationship-graph
THE TRAGEDY OF ROMEO AND JULIET,5,3,FRIAR LAWRENCE,How long hath he been there?,he,ROMEO,How long hath ROMEO been there?,male,relationship-graph
THE TRAGEDY OF ROMEO AND JULIET,5,3,JULIET,Kisses him.,him,ROMEO,Kisses ROMEO.,male,relationship-graph
THE TRAGEDY OF ROMEO AND JULIET,5,3,FRIAR LAWRENCE,"Meantime I writ to Romeo That he should hither come as this dire night To help to take her from her borrow'd grave, Bein",he,ROMEO,"Meantime I writ to Romeo That ROMEO should hither come as this dire night To help to take her from her borrow'd grave, B",male,relationship-graph
THE TRAGEDY OF ROMEO AND JULIET,5,3,FRIAR LAWRENCE,"But he which bore my letter, Friar John, Was stay'd by accident; and yesternight Return'd",he,ROMEO,"But ROMEO which bore my letter, Friar John, Was stay'd by accident; and yesternight Return'd",male,relationship-graph
