play,act,scene,speaker,original_sentence,pronoun,resolved_to,resolved_sentence,gender_group,window_size_used
MUCH ADO ABOUT NOTHING,1,1,MESSENGER,He is very near by this: he was not three leagues off when I left him.,He,Don Pedro,Don Pedro is very near by this: he was not three leagues off when I left him.,male,3
MUCH ADO ABOUT NOTHING,1,1,MESSENGER,He is very near by this: he was not three leagues off when I left him.,he,Don Pedro,Don Pedro is very near by this: Don Pedro was not three leagues off when I left him.,male,3
MUCH ADO ABOUT NOTHING,1,1,MESSENGER,He is very near by this: he was not three leagues off when I left him.,him,Don Pedro,Don Pedro is very near by this: Don Pedro was not three leagues off when I left Don Pedro.,male,3
MUCH ADO ABOUT NOTHING,1,1,MESSENGER,"Much deserved on his part, and equally remembered by Don Pedro.",his,Don Pedro,"Much deserved on Don Pedro part, and equally remembered by Don Pedro.",male,7
MUCH ADO ABOUT NOTHING,1,1,MESSENGER,"He hath borne himself beyond the promise of his age, doing in the figure of a lamb the feats of a lion: he hath indeed b",He,Don Pedro,"Don Pedro hath borne himself beyond the promise of his age, doing in the figure of a lamb the feats of a lion: he hath i",male,7
MUCH ADO ABOUT NOTHING,1,1,MESSENGER,"He hath borne himself beyond the promise of his age, doing in the figure of a lamb the feats of a lion: he hath indeed b",himself,Don Pedro,"Don Pedro hath borne Don Pedro beyond the promise of his age, doing in the figure of a lamb the feats of a lion: he hath",male,7
MUCH ADO ABOUT NOTHING,1,1,MESSENGER,"He hath borne himself beyond the promise of his age, doing in the figure of a lamb the feats of a lion: he hath indeed b",his,Don Pedro,"Don Pedro hath borne Don Pedro beyond the promise of Don Pedro age, doing in the figure of a lamb the feats of a lion: h",male,7
MUCH ADO ABOUT NOTHING,1,1,MESSENGER,"He hath borne himself beyond the promise of his age, doing in the figure of a lamb the feats of a lion: he hath indeed b",he,Don Pedro,"Don Pedro hath borne Don Pedro beyond the promise of Don Pedro age, doing in the figure of a lamb the feats of a lion: D",male,7
MUCH ADO ABOUT NOTHING,1,1,LEONATO,He hath an uncle here in Messina will be very much glad of it.,He,LEONATO,LEONATO hath an uncle here in Messina will be very much glad of it.,male,7
MUCH ADO ABOUT NOTHING,1,1,LEONATO,He hath an uncle here in Messina will be very much glad of it.,it,LEONATO,LEONATO hath an uncle here in Messina will be very much glad of LEONATO.,male,7
MUCH ADO ABOUT NOTHING,1,1,MESSENGER,"I have already delivered him letters, and there appears much joy in him; even so much that joy could not show itself mod",him,LEONATO,"I have already delivered LEONATO letters, and there appears much joy in him; even so much that joy could not show itself",male,7
MUCH ADO ABOUT NOTHING,1,1,MESSENGER,"I have already delivered him letters, and there appears much joy in him; even so much that joy could not show itself mod",him,LEONATO,"I have already delivered LEONATO letters, and there appears much joy in LEONATO; even so much that joy could not show it",male,7
MUCH ADO ABOUT NOTHING,1,1,LEONATO,Did he break out into tears?,he,LEONATO,Did LEONATO break out into tears?,male,7
MUCH ADO ABOUT NOTHING,1,1,LEONATO,There are no faces truer than those that are so washed; how much better is it to weep at joy than to joy at weeping!,it,LEONATO,There are no faces truer than those that are so washed; how much better is LEONATO to weep at joy than to joy at weeping,male,7
MUCH ADO ABOUT NOTHING,1,1,LEONATO,"What is he that you ask for, niece?",he,LEONATO,"What is LEONATO that you ask for, niece?",male,7
MUCH ADO ABOUT NOTHING,1,1,MESSENGER,"he is returned, and as pleasant as ever he was.",he,Benedick,"Benedick is returned, and as pleasant as ever he was.",male,7
MUCH ADO ABOUT NOTHING,1,1,MESSENGER,"he is returned, and as pleasant as ever he was.",he,Benedick,"Benedick is returned, and as pleasant as ever Benedick was.",male,7
MUCH ADO ABOUT NOTHING,1,1,BEATRICE,"He set up his bills here in Messina and challenged Cupid at the flight; and my uncle's fool, reading the challenge, subs",He,Benedick,"Benedick set up his bills here in Messina and challenged Cupid at the flight; and my uncle's fool, reading the challenge",male,7
MUCH ADO ABOUT NOTHING,1,1,BEATRICE,"He set up his bills here in Messina and challenged Cupid at the flight; and my uncle's fool, reading the challenge, subs",his,Benedick,"Benedick set up Benedick bills here in Messina and challenged Cupid at the flight; and my uncle's fool, reading the chal",male,7
MUCH ADO ABOUT NOTHING,1,1,BEATRICE,"He set up his bills here in Messina and challenged Cupid at the flight; and my uncle's fool, reading the challenge, subs",him,Benedick,"Benedick set up Benedick bills here in Messina and challenged Cupid at the flight; and my uncle's fool, reading the chal",male,7
MUCH ADO ABOUT NOTHING,1,1,BEATRICE,"I pray you, how many hath he killed and eaten in these wars?",he,Benedick,"I pray you, how many hath Benedick killed and eaten in these wars?",male,7
MUCH ADO ABOUT NOTHING,1,1,BEATRICE,But how many hath he killed?,he,Benedick,But how many hath Benedick killed?,male,7
MUCH ADO ABOUT NOTHING,1,1,BEATRICE,"for, indeed, I promised to eat all of his killing.",his,Benedick,"for, indeed, I promised to eat all of Benedick killing.",male,7
MUCH ADO ABOUT NOTHING,1,1,LEONATO,"Faith, niece, you tax Signior Benedick too much; but he'll be meet with you, I doubt it not.",he,Benedick,"Faith, niece, you tax Signior Benedick too much; but Benedick'll be meet with you, I doubt it not.",male,7
MUCH ADO ABOUT NOTHING,1,1,LEONATO,"Faith, niece, you tax Signior Benedick too much; but he'll be meet with you, I doubt it not.",it,Benedick,"Faith, niece, you tax Signior Benedick too much; but Benedick'll be meet with you, I doubt Benedick not.",male,7
MUCH ADO ABOUT NOTHING,1,1,MESSENGER,"He hath done good service, lady, in these wars.",He,Benedick,"Benedick hath done good service, lady, in these wars.",male,7
MUCH ADO ABOUT NOTHING,1,1,BEATRICE,"You had musty victual, and he hath holp to eat it; he is a very valiant trencher-man; he hath an excellent stomach.",he,Benedick,"You had musty victual, and Benedick hath holp to eat it; he is a very valiant trencher-man; he hath an excellent stomach",male,7
MUCH ADO ABOUT NOTHING,1,1,BEATRICE,"You had musty victual, and he hath holp to eat it; he is a very valiant trencher-man; he hath an excellent stomach.",it,BEATRICE,"You had musty victual, and Benedick hath holp to eat BEATRICE; he is a very valiant trencher-man; he hath an excellent s",female,7
MUCH ADO ABOUT NOTHING,1,1,BEATRICE,"You had musty victual, and he hath holp to eat it; he is a very valiant trencher-man; he hath an excellent stomach.",he,Benedick,"You had musty victual, and Benedick hath holp to eat BEATRICE; Benedick is a very valiant trencher-man; he hath an excel",male,7
MUCH ADO ABOUT NOTHING,1,1,BEATRICE,"You had musty victual, and he hath holp to eat it; he is a very valiant trencher-man; he hath an excellent stomach.",he,Benedick,"You had musty victual, and Benedick hath holp to eat BEATRICE; Benedick is a very valiant trencher-man; Benedick hath an",male,7
MUCH ADO ABOUT NOTHING,1,1,BEATRICE,And a good soldier to a lady; but what is he to a lord?,he,Benedick,And a good soldier to a lady; but what is Benedick to a lord?,male,7
MUCH ADO ABOUT NOTHING,1,1,BEATRICE,"It is so indeed; he is no less than a stuffed man; but for the stuffing,—well, we are all mortal.",It,BEATRICE,"BEATRICE is so indeed; he is no less than a stuffed man; but for the stuffing,—well, we are all mortal.",female,7
MUCH ADO ABOUT NOTHING,1,1,BEATRICE,"It is so indeed; he is no less than a stuffed man; but for the stuffing,—well, we are all mortal.",he,Benedick,"BEATRICE is so indeed; Benedick is no less than a stuffed man; but for the stuffing,—well, we are all mortal.",male,7
MUCH ADO ABOUT NOTHING,1,1,LEONATO,There is a kind of merry war betwixt Signior Benedick and her; they never meet,her,BEATRICE,There is a kind of merry war betwixt Signior Benedick and BEATRICE; they never meet,female,7
MUCH ADO ABOUT NOTHING,1,1,LEONATO,There is a kind of merry war betwixt Signior Benedick and her; they never meet,they,Benedick,There is a kind of merry war betwixt Signior Benedick and BEATRICE; Benedick never meet,male,7
MUCH ADO ABOUT NOTHING,1,1,LEONATO,but there's a skirmish of wit between them.,them,LEONATO,but there's a skirmish of wit between LEONATO.,male,7
MUCH ADO ABOUT NOTHING,1,1,BEATRICE,he gets nothing by that.,he,LEONATO,LEONATO gets nothing by that.,male,7
MUCH ADO ABOUT NOTHING,1,1,BEATRICE,"In our last conflict four of his five wits went halting off, and now is the whole man governed with one!",his,LEONATO,"In our last conflict four of LEONATO five wits went halting off, and now is the whole man governed with one!",male,7
MUCH ADO ABOUT NOTHING,1,1,BEATRICE,"so that if he have wit enough to keep himself warm, let him bear it for a difference between himself and his horse; for ",he,LEONATO,"so that if LEONATO have wit enough to keep himself warm, let him bear it for a difference between himself and his horse;",male,7
MUCH ADO ABOUT NOTHING,1,1,BEATRICE,"so that if he have wit enough to keep himself warm, let him bear it for a difference between himself and his horse; for ",himself,LEONATO,"so that if LEONATO have wit enough to keep LEONATO warm, let him bear it for a difference between himself and his horse;",male,7
MUCH ADO ABOUT NOTHING,1,1,BEATRICE,"so that if he have wit enough to keep himself warm, let him bear it for a difference between himself and his horse; for ",him,LEONATO,"so that if LEONATO have wit enough to keep LEONATO warm, let LEONATO bear it for a difference between himself and his ho",male,7
MUCH ADO ABOUT NOTHING,1,1,BEATRICE,"so that if he have wit enough to keep himself warm, let him bear it for a difference between himself and his horse; for ",it,BEATRICE,"so that if LEONATO have wit enough to keep LEONATO warm, let LEONATO bear BEATRICE for a difference between himself and ",female,7
MUCH ADO ABOUT NOTHING,1,1,BEATRICE,"so that if he have wit enough to keep himself warm, let him bear it for a difference between himself and his horse; for ",himself,LEONATO,"so that if LEONATO have wit enough to keep LEONATO warm, let LEONATO bear BEATRICE for a difference between LEONATO and ",male,7
MUCH ADO ABOUT NOTHING,1,1,BEATRICE,"so that if he have wit enough to keep himself warm, let him bear it for a difference between himself and his horse; for ",his,LEONATO,"so that if LEONATO have wit enough to keep LEONATO warm, let LEONATO bear BEATRICE for a difference between LEONATO and ",male,7
MUCH ADO ABOUT NOTHING,1,1,BEATRICE,"so that if he have wit enough to keep himself warm, let him bear it for a difference between himself and his horse; for ",it,BEATRICE,"so that if LEONATO have wit enough to keep LEONATO warm, let LEONATO bear BEATRICE for a difference between LEONATO and ",female,7
MUCH ADO ABOUT NOTHING,1,1,BEATRICE,"so that if he have wit enough to keep himself warm, let him bear it for a difference between himself and his horse; for ",he,LEONATO,"so that if LEONATO have wit enough to keep LEONATO warm, let LEONATO bear BEATRICE for a difference between LEONATO and ",male,7
MUCH ADO ABOUT NOTHING,1,1,BEATRICE,Who is his companion now?,his,LEONATO,Who is LEONATO companion now?,male,7
MUCH ADO ABOUT NOTHING,1,1,BEATRICE,He hath every month a new sworn brother.,He,LEONATO,LEONATO hath every month a new sworn brother.,male,7
MUCH ADO ABOUT NOTHING,1,1,BEATRICE,Very easily possible: he wears his faith but as the fashion of his hat; it ever changes with the next block.,he,LEONATO,Very easily possible: LEONATO wears his faith but as the fashion of his hat; it ever changes with the next block.,male,7
MUCH ADO ABOUT NOTHING,1,1,BEATRICE,Very easily possible: he wears his faith but as the fashion of his hat; it ever changes with the next block.,his,LEONATO,Very easily possible: LEONATO wears LEONATO faith but as the fashion of his hat; it ever changes with the next block.,male,7
MUCH ADO ABOUT NOTHING,1,1,BEATRICE,Very easily possible: he wears his faith but as the fashion of his hat; it ever changes with the next block.,his,LEONATO,Very easily possible: LEONATO wears LEONATO faith but as the fashion of LEONATO hat; it ever changes with the next block,male,7
MUCH ADO ABOUT NOTHING,1,1,BEATRICE,Very easily possible: he wears his faith but as the fashion of his hat; it ever changes with the next block.,it,BEATRICE,Very easily possible: LEONATO wears LEONATO faith but as the fashion of LEONATO hat; BEATRICE ever changes with the next,female,7
MUCH ADO ABOUT NOTHING,1,1,BEATRICE,"No; and he were, I would burn my study.",he,LEONATO,"No; and LEONATO were, I would burn my study.",male,7
MUCH ADO ABOUT NOTHING,1,1,BEATRICE,"But I pray you, who is his companion?",his,LEONATO,"But I pray you, who is LEONATO companion?",male,7
MUCH ADO ABOUT NOTHING,1,1,BEATRICE,Is there no young squarer now that will make a voyage with him to the devil?,him,LEONATO,Is there no young squarer now that will make a voyage with LEONATO to the devil?,male,7
MUCH ADO ABOUT NOTHING,1,1,MESSENGER,He is most in the company of the right noble Claudio.,He,Claudio,Claudio is most in the company of the right noble Claudio.,male,7
MUCH ADO ABOUT NOTHING,1,1,BEATRICE,"O Lord, he will hang upon him like a disease: he is sooner caught than the pestilence, and the taker runs presently mad.",he,Claudio,"O Lord, Claudio will hang upon him like a disease: he is sooner caught than the pestilence, and the taker runs presently",male,7
MUCH ADO ABOUT NOTHING,1,1,BEATRICE,"O Lord, he will hang upon him like a disease: he is sooner caught than the pestilence, and the taker runs presently mad.",him,Claudio,"O Lord, Claudio will hang upon Claudio like a disease: he is sooner caught than the pestilence, and the taker runs prese",male,7
MUCH ADO ABOUT NOTHING,1,1,BEATRICE,"O Lord, he will hang upon him like a disease: he is sooner caught than the pestilence, and the taker runs presently mad.",he,Claudio,"O Lord, Claudio will hang upon Claudio like a disease: Claudio is sooner caught than the pestilence, and the taker runs ",male,7
MUCH ADO ABOUT NOTHING,1,1,BEATRICE,"If he have caught the Benedick, it will cost him a thousand pound ere he be cured.",he,Benedick,"If Benedick have caught the Benedick, it will cost him a thousand pound ere he be cured.",male,7
MUCH ADO ABOUT NOTHING,1,1,BEATRICE,"If he have caught the Benedick, it will cost him a thousand pound ere he be cured.",it,Benedick,"If Benedick have caught the Benedick, Benedick will cost him a thousand pound ere he be cured.",male,7
MUCH ADO ABOUT NOTHING,1,1,BEATRICE,"If he have caught the Benedick, it will cost him a thousand pound ere he be cured.",him,Benedick,"If Benedick have caught the Benedick, Benedick will cost Benedick a thousand pound ere he be cured.",male,7
MUCH ADO ABOUT NOTHING,1,1,BEATRICE,"If he have caught the Benedick, it will cost him a thousand pound ere he be cured.",he,Benedick,"If Benedick have caught the Benedick, Benedick will cost Benedick a thousand pound ere Benedick be cured.",male,7
MUCH ADO ABOUT NOTHING,1,1,DON PEDRO,"Good Signior Leonato, you are come to meet your trouble: the fashion of the world is to avoid cost, and you encounter it",it,Leonato,"Good Signior Leonato, you are come to meet your trouble: the fashion of the world is to avoid cost, and you encounter Le",male,7
MUCH ADO ABOUT NOTHING,1,1,LEONATO,"Never came trouble to my house in the likeness of your Grace, for trouble being gone, comfort should remain; but when yo",his,LEONATO,"Never came trouble to my house in the likeness of your Grace, for trouble being gone, comfort should remain; but when yo",male,7
MUCH ADO ABOUT NOTHING,1,1,LEONATO,Her mother hath many times told me so.,Her,BEATRICE,BEATRICE mother hath many times told me so.,female,7
MUCH ADO ABOUT NOTHING,1,1,BENEDICK,"Were you in doubt, sir, that you asked her?",her,BEATRICE,"Were you in doubt, sir, that you asked BEATRICE?",female,7
MUCH ADO ABOUT NOTHING,1,1,DON PEDRO,"You have it full, Benedick: we may guess by this what you are, being a man.",it,Benedick,"You have Benedick full, Benedick: we may guess by this what you are, being a man.",male,7
MUCH ADO ABOUT NOTHING,1,1,DON PEDRO,Truly the lady fathers herself.,herself,DON PEDRO,Truly the lady fathers DON PEDRO.,male,7
MUCH ADO ABOUT NOTHING,1,1,BENEDICK,"If Signior Leonato be her father, she would not have his head on her shoulders for all Messina, as like him as she is.",her,Leonato,"If Signior Leonato be Leonato father, she would not have his head on her shoulders for all Messina, as like him as she i",male,7
MUCH ADO ABOUT NOTHING,1,1,BENEDICK,"If Signior Leonato be her father, she would not have his head on her shoulders for all Messina, as like him as she is.",she,Leonato,"If Signior Leonato be Leonato father, Leonato would not have his head on her shoulders for all Messina, as like him as s",male,7
MUCH ADO ABOUT NOTHING,1,1,BENEDICK,"If Signior Leonato be her father, she would not have his head on her shoulders for all Messina, as like him as she is.",his,Leonato,"If Signior Leonato be Leonato father, Leonato would not have Leonato head on her shoulders for all Messina, as like him ",male,7
MUCH ADO ABOUT NOTHING,1,1,BENEDICK,"If Signior Leonato be her father, she would not have his head on her shoulders for all Messina, as like him as she is.",her,Leonato,"If Signior Leonato be Leonato father, Leonato would not have Leonato head on Leonato shoulders for all Messina, as like ",male,7
MUCH ADO ABOUT NOTHING,1,1,BENEDICK,"If Signior Leonato be her father, she would not have his head on her shoulders for all Messina, as like him as she is.",him,Leonato,"If Signior Leonato be Leonato father, Leonato would not have Leonato head on Leonato shoulders for all Messina, as like ",male,7
MUCH ADO ABOUT NOTHING,1,1,BENEDICK,"If Signior Leonato be her father, she would not have his head on her shoulders for all Messina, as like him as she is.",she,Leonato,"If Signior Leonato be Leonato father, Leonato would not have Leonato head on Leonato shoulders for all Messina, as like ",male,7
MUCH ADO ABOUT NOTHING,1,1,BEATRICE,Is it possible Disdain should die while she hath such meet food to feed it as Signior Benedick?,it,Benedick,Is Benedick possible Disdain should die while she hath such meet food to feed it as Signior Benedick?,male,7
MUCH ADO ABOUT NOTHING,1,1,BEATRICE,Is it possible Disdain should die while she hath such meet food to feed it as Signior Benedick?,she,BEATRICE,Is Benedick possible Disdain should die while BEATRICE hath such meet food to feed it as Signior Benedick?,female,7
MUCH ADO ABOUT NOTHING,1,1,BEATRICE,Is it possible Disdain should die while she hath such meet food to feed it as Signior Benedick?,it,Benedick,Is Benedick possible Disdain should die while BEATRICE hath such meet food to feed Benedick as Signior Benedick?,male,7
MUCH ADO ABOUT NOTHING,1,1,BEATRICE,Courtesy itself must convert to disdain if you come in her presence.,her,BEATRICE,Courtesy itself must convert to disdain if you come in BEATRICE presence.,female,7
MUCH ADO ABOUT NOTHING,1,1,BENEDICK,"But it is certain I am loved of all ladies, only you excepted; and I would I could find in my heart that I had not a har",it,BENEDICK,"But BENEDICK is certain I am loved of all ladies, only you excepted; and I would I could find in my heart that I had not",male,7
MUCH ADO ABOUT NOTHING,1,1,BEATRICE,A dear happiness to women: they would else have been troubled with a pernicious suitor.,they,BEATRICE,A dear happiness to women: BEATRICE would else have been troubled with a pernicious suitor.,female,7
MUCH ADO ABOUT NOTHING,1,1,BEATRICE,I had rather hear my dog bark at a crow than a man swear he loves me.,he,BENEDICK,I had rather hear my dog bark at a crow than a man swear BENEDICK loves me.,male,7
MUCH ADO ABOUT NOTHING,1,1,BEATRICE,"Scratching could not make it worse, and 'twere such a face as yours were.",it,BEATRICE,"Scratching could not make BEATRICE worse, and 'twere such a face as yours were.",female,7
MUCH ADO ABOUT NOTHING,1,1,DON PEDRO,"I tell him we shall stay here at the least a month, and he heartly prays some occasion may detain us longer: I dare swea",him,DON PEDRO,"I tell DON PEDRO we shall stay here at the least a month, and he heartly prays some occasion may detain us longer: I dar",male,7
MUCH ADO ABOUT NOTHING,1,1,DON PEDRO,"I tell him we shall stay here at the least a month, and he heartly prays some occasion may detain us longer: I dare swea",he,DON PEDRO,"I tell DON PEDRO we shall stay here at the least a month, and DON PEDRO heartly prays some occasion may detain us longer",male,7
MUCH ADO ABOUT NOTHING,1,1,DON PEDRO,"I tell him we shall stay here at the least a month, and he heartly prays some occasion may detain us longer: I dare swea",he,DON PEDRO,"I tell DON PEDRO we shall stay here at the least a month, and DON PEDRO heartly prays some occasion may detain us longer",male,7
MUCH ADO ABOUT NOTHING,1,1,DON PEDRO,"I tell him we shall stay here at the least a month, and he heartly prays some occasion may detain us longer: I dare swea",his,DON PEDRO,"I tell DON PEDRO we shall stay here at the least a month, and DON PEDRO heartly prays some occasion may detain us longer",male,7
MUCH ADO ABOUT NOTHING,1,1,LEONATO,Please it your Grace lead on?,it,Grace,Please Grace your Grace lead on?,neutral,7
MUCH ADO ABOUT NOTHING,1,1,BENEDICK,I noted her not; but I looked on her.,her,BENEDICK,I noted BENEDICK not; but I looked on her.,male,7
MUCH ADO ABOUT NOTHING,1,1,BENEDICK,I noted her not; but I looked on her.,her,BENEDICK,I noted BENEDICK not; but I looked on BENEDICK.,male,7
MUCH ADO ABOUT NOTHING,1,1,CLAUDIO,Is she not a modest young lady?,she,CLAUDIO,Is CLAUDIO not a modest young lady?,male,7
MUCH ADO ABOUT NOTHING,1,1,BENEDICK,"Do you question me, as an honest man should do, for my simple true judgment; or would you have me speak after my custom,",their,BENEDICK,"Do you question me, as an honest man should do, for my simple true judgment; or would you have me speak after my custom,",male,7
MUCH ADO ABOUT NOTHING,1,1,BENEDICK,"Why, i' faith, methinks she's too low for a high praise, too brown for a fair praise, and too little for a great praise;",she,BENEDICK,"Why, i' faith, methinks BENEDICK's too low for a high praise, too brown for a fair praise, and too little for a great pr",male,7
MUCH ADO ABOUT NOTHING,1,1,BENEDICK,"Why, i' faith, methinks she's too low for a high praise, too brown for a fair praise, and too little for a great praise;",her,BENEDICK,"Why, i' faith, methinks BENEDICK's too low for a high praise, too brown for a fair praise, and too little for a great pr",male,7
MUCH ADO ABOUT NOTHING,1,1,BENEDICK,"Why, i' faith, methinks she's too low for a high praise, too brown for a fair praise, and too little for a great praise;",she,BENEDICK,"Why, i' faith, methinks BENEDICK's too low for a high praise, too brown for a fair praise, and too little for a great pr",male,7
MUCH ADO ABOUT NOTHING,1,1,BENEDICK,"Why, i' faith, methinks she's too low for a high praise, too brown for a fair praise, and too little for a great praise;",she,BENEDICK,"Why, i' faith, methinks BENEDICK's too low for a high praise, too brown for a fair praise, and too little for a great pr",male,7
MUCH ADO ABOUT NOTHING,1,1,BENEDICK,"Why, i' faith, methinks she's too low for a high praise, too brown for a fair praise, and too little for a great praise;",she,BENEDICK,"Why, i' faith, methinks BENEDICK's too low for a high praise, too brown for a fair praise, and too little for a great pr",male,7
MUCH ADO ABOUT NOTHING,1,1,BENEDICK,"Why, i' faith, methinks she's too low for a high praise, too brown for a fair praise, and too little for a great praise;",she,BENEDICK,"Why, i' faith, methinks BENEDICK's too low for a high praise, too brown for a fair praise, and too little for a great pr",male,7
MUCH ADO ABOUT NOTHING,1,1,BENEDICK,"Why, i' faith, methinks she's too low for a high praise, too brown for a fair praise, and too little for a great praise;",her,BENEDICK,"Why, i' faith, methinks BENEDICK's too low for a high praise, too brown for a fair praise, and too little for a great pr",male,7
MUCH ADO ABOUT NOTHING,1,1,CLAUDIO,Thou thinkest I am in sport: I pray thee tell me truly how thou likest her.,her,CLAUDIO,Thou thinkest I am in sport: I pray thee tell me truly how thou likest CLAUDIO.,male,7
MUCH ADO ABOUT NOTHING,1,1,BENEDICK,"Would you buy her, that you enquire after her?",her,BENEDICK,"Would you buy BENEDICK, that you enquire after her?",male,7
MUCH ADO ABOUT NOTHING,1,1,BENEDICK,"Would you buy her, that you enquire after her?",her,BENEDICK,"Would you buy BENEDICK, that you enquire after BENEDICK?",male,7
MUCH ADO ABOUT NOTHING,1,1,BENEDICK,"Yea, and a case to put it into.",it,BENEDICK,"Yea, and a case to put BENEDICK into.",male,7
MUCH ADO ABOUT NOTHING,1,1,CLAUDIO,In mine eye she is the sweetest lady that ever I looked on.,she,CLAUDIO,In mine eye CLAUDIO is the sweetest lady that ever I looked on.,male,7
MUCH ADO ABOUT NOTHING,1,1,BENEDICK,"I can see yet without spectacles and I see no such matter: there's her cousin and she were not possessed with a fury, ex",her,BENEDICK,I can see yet without spectacles and I see no such matter: there's BENEDICK cousin and she were not possessed with a fur,male,7
MUCH ADO ABOUT NOTHING,1,1,BENEDICK,"I can see yet without spectacles and I see no such matter: there's her cousin and she were not possessed with a fury, ex",she,BENEDICK,I can see yet without spectacles and I see no such matter: there's BENEDICK cousin and BENEDICK were not possessed with ,male,7
MUCH ADO ABOUT NOTHING,1,1,BENEDICK,"I can see yet without spectacles and I see no such matter: there's her cousin and she were not possessed with a fury, ex",her,BENEDICK,I can see yet without spectacles and I see no such matter: there's BENEDICK cousin and BENEDICK were not possessed with ,male,7
MUCH ADO ABOUT NOTHING,1,1,BENEDICK,but he will wear his cap with suspicion?,he,BENEDICK,but BENEDICK will wear his cap with suspicion?,male,7
MUCH ADO ABOUT NOTHING,1,1,BENEDICK,but he will wear his cap with suspicion?,his,BENEDICK,but BENEDICK will wear BENEDICK cap with suspicion?,male,7
MUCH ADO ABOUT NOTHING,1,1,BENEDICK,"Go to, i' faith; and thou wilt needs thrust thy neck into a yoke, wear the print of it and sigh away Sundays.",it,BENEDICK,"Go to, i' faith; and thou wilt needs thrust thy neck into a yoke, wear the print of BENEDICK and sigh away Sundays.",male,7
MUCH ADO ABOUT NOTHING,1,1,BENEDICK,"You hear, Count Claudio: I can be secret as a dumb man; I would have you think so; but on my allegiance mark you this, o",he,Claudio,"You hear, Count Claudio: I can be secret as a dumb man; I would have you think so; but on my allegiance mark you this, o",male,7
MUCH ADO ABOUT NOTHING,1,1,BENEDICK,"Mark how short his answer is: with Hero, Leonato's short daughter.",his,Leonato,"Mark how short Leonato answer is: with Hero, Leonato's short daughter.",male,7
MUCH ADO ABOUT NOTHING,1,1,CLAUDIO,"If this were so, so were it uttered.",it,CLAUDIO,"If this were so, so were CLAUDIO uttered.",male,7
MUCH ADO ABOUT NOTHING,1,1,BENEDICK,"Like the old tale, my lord: 'it is not so, nor 'twas not so; but indeed, God forbid it should be so.'",it,BENEDICK,"Like the old tale, my lord: 'BENEDICK is not so, nor 'twas not so; but indeed, God forbid it should be so.'",male,7
MUCH ADO ABOUT NOTHING,1,1,BENEDICK,"Like the old tale, my lord: 'it is not so, nor 'twas not so; but indeed, God forbid it should be so.'",it,BENEDICK,"Like the old tale, my lord: 'BENEDICK is not so, nor 'twas not so; but indeed, God forbid BENEDICK should be so.'",male,7
MUCH ADO ABOUT NOTHING,1,1,CLAUDIO,"If my passion change not shortly, God forbid it should be otherwise.",it,CLAUDIO,"If my passion change not shortly, God forbid CLAUDIO should be otherwise.",male,7
MUCH ADO ABOUT NOTHING,1,1,DON PEDRO,"Amen, if you love her; for the lady is very well worthy.",her,Hero,"Amen, if you love Hero; for the lady is very well worthy.",female,7
MUCH ADO ABOUT NOTHING,1,1,CLAUDIO,"That I love her, I feel.",her,Hero,"That I love Hero, I feel.",female,7
MUCH ADO ABOUT NOTHING,1,1,DON PEDRO,"That she is worthy, I know.",she,Hero,"That Hero is worthy, I know.",female,7
MUCH ADO ABOUT NOTHING,1,1,BENEDICK,"That I neither feel how she should be loved, nor know how she should be worthy, is the opinion that fire cannot melt out",she,Hero,"That I neither feel how Hero should be loved, nor know how she should be worthy, is the opinion that fire cannot melt ou",female,7
MUCH ADO ABOUT NOTHING,1,1,BENEDICK,"That I neither feel how she should be loved, nor know how she should be worthy, is the opinion that fire cannot melt out",she,Hero,"That I neither feel how Hero should be loved, nor know how Hero should be worthy, is the opinion that fire cannot melt o",female,7
MUCH ADO ABOUT NOTHING,1,1,BENEDICK,"That I neither feel how she should be loved, nor know how she should be worthy, is the opinion that fire cannot melt out",it,BENEDICK,"That I neither feel how Hero should be loved, nor know how Hero should be worthy, is the opinion that fire cannot melt o",male,7
MUCH ADO ABOUT NOTHING,1,1,CLAUDIO,And never could maintain his part but in the force of his will.,his,CLAUDIO,And never could maintain CLAUDIO part but in the force of his will.,male,7
MUCH ADO ABOUT NOTHING,1,1,CLAUDIO,And never could maintain his part but in the force of his will.,his,CLAUDIO,And never could maintain CLAUDIO part but in the force of CLAUDIO will.,male,7
MUCH ADO ABOUT NOTHING,1,1,BENEDICK,"That a woman conceived me, I thank her; that she brought me up, I likewise give her most humble thanks; but that I will ",her,Hero,"That a woman conceived me, I thank Hero; that she brought me up, I likewise give her most humble thanks; but that I will",female,7
MUCH ADO ABOUT NOTHING,1,1,BENEDICK,"That a woman conceived me, I thank her; that she brought me up, I likewise give her most humble thanks; but that I will ",she,Hero,"That a woman conceived me, I thank Hero; that Hero brought me up, I likewise give her most humble thanks; but that I wil",female,7
MUCH ADO ABOUT NOTHING,1,1,BENEDICK,"That a woman conceived me, I thank her; that she brought me up, I likewise give her most humble thanks; but that I will ",her,Hero,"That a woman conceived me, I thank Hero; that Hero brought me up, I likewise give Hero most humble thanks; but that I wi",female,7
MUCH ADO ABOUT NOTHING,1,1,BENEDICK,"Because I will not do them the wrong to mistrust any, I will do myself the right to trust none; and the fine is,—for the",them,BENEDICK,"Because I will not do BENEDICK the wrong to mistrust any, I will do myself the right to trust none; and the fine is,—for",male,7
MUCH ADO ABOUT NOTHING,1,1,BENEDICK,"If I do, hang me in a bottle like a cat and shoot at me; and he that hits me, let him be clapped on the shoulder and cal",he,BENEDICK,"If I do, hang me in a bottle like a cat and shoot at me; and BENEDICK that hits me, let him be clapped on the shoulder a",male,7
MUCH ADO ABOUT NOTHING,1,1,BENEDICK,"If I do, hang me in a bottle like a cat and shoot at me; and he that hits me, let him be clapped on the shoulder and cal",him,BENEDICK,"If I do, hang me in a bottle like a cat and shoot at me; and BENEDICK that hits me, let BENEDICK be clapped on the shoul",male,7
MUCH ADO ABOUT NOTHING,1,1,BENEDICK,"The savage bull may; but if ever the sensible Benedick bear it, pluck off the bull's horns and set them in my forehead; ",it,Benedick,"The savage bull may; but if ever the sensible Benedick bear Benedick, pluck off the bull's horns and set them in my fore",male,7
MUCH ADO ABOUT NOTHING,1,1,BENEDICK,"The savage bull may; but if ever the sensible Benedick bear it, pluck off the bull's horns and set them in my forehead; ",them,Benedick,"The savage bull may; but if ever the sensible Benedick bear Benedick, pluck off the bull's horns and set Benedick in my ",male,7
MUCH ADO ABOUT NOTHING,1,1,BENEDICK,"The savage bull may; but if ever the sensible Benedick bear it, pluck off the bull's horns and set them in my forehead; ",they,Benedick,"The savage bull may; but if ever the sensible Benedick bear Benedick, pluck off the bull's horns and set Benedick in my ",male,7
MUCH ADO ABOUT NOTHING,1,1,BENEDICK,"The savage bull may; but if ever the sensible Benedick bear it, pluck off the bull's horns and set them in my forehead; ",them,Benedick,"The savage bull may; but if ever the sensible Benedick bear Benedick, pluck off the bull's horns and set Benedick in my ",male,7
MUCH ADO ABOUT NOTHING,1,1,DON PEDRO,"Nay, if Cupid have not spent all his quiver in Venice, thou wilt quake for this shortly.",his,DON PEDRO,"Nay, if Cupid have not spent all DON PEDRO quiver in Venice, thou wilt quake for this shortly.",male,7
MUCH ADO ABOUT NOTHING,1,1,DON PEDRO,"In the meantime, good Signior Benedick, repair to Leonato's: commend me to him and tell him I will not fail him at suppe",him,Leonato,"In the meantime, good Signior Benedick, repair to Leonato's: commend me to Leonato and tell him I will not fail him at s",male,7
MUCH ADO ABOUT NOTHING,1,1,DON PEDRO,"In the meantime, good Signior Benedick, repair to Leonato's: commend me to him and tell him I will not fail him at suppe",him,Leonato,"In the meantime, good Signior Benedick, repair to Leonato's: commend me to Leonato and tell Leonato I will not fail him ",male,7
MUCH ADO ABOUT NOTHING,1,1,DON PEDRO,"In the meantime, good Signior Benedick, repair to Leonato's: commend me to him and tell him I will not fail him at suppe",him,Leonato,"In the meantime, good Signior Benedick, repair to Leonato's: commend me to Leonato and tell Leonato I will not fail Leon",male,7
MUCH ADO ABOUT NOTHING,1,1,DON PEDRO,"In the meantime, good Signior Benedick, repair to Leonato's: commend me to him and tell him I will not fail him at suppe",he,Leonato,"In the meantime, good Signior Benedick, repair to Leonato's: commend me to Leonato and tell Leonato I will not fail Leon",male,7
MUCH ADO ABOUT NOTHING,1,1,CLAUDIO,"To the tuition of God: from my house, if I had it,—",it,CLAUDIO,"To the tuition of God: from my house, if I had CLAUDIO,—",male,7
MUCH ADO ABOUT NOTHING,1,1,DON PEDRO,"My love is thine to teach: teach it but how, And thou shalt see how apt it is to learn Any hard lesson that may do thee ",it,DON PEDRO,"My love is thine to teach: teach DON PEDRO but how, And thou shalt see how apt it is to learn Any hard lesson that may d",male,7
MUCH ADO ABOUT NOTHING,1,1,DON PEDRO,"My love is thine to teach: teach it but how, And thou shalt see how apt it is to learn Any hard lesson that may do thee ",it,DON PEDRO,"My love is thine to teach: teach DON PEDRO but how, And thou shalt see how apt DON PEDRO is to learn Any hard lesson tha",male,7
MUCH ADO ABOUT NOTHING,1,1,DON PEDRO,No child but Hero; she's his only heir.,she,Hero,No child but Hero; Hero's his only heir.,female,7
MUCH ADO ABOUT NOTHING,1,1,DON PEDRO,No child but Hero; she's his only heir.,his,DON PEDRO,No child but Hero; Hero's DON PEDRO only heir.,male,7
MUCH ADO ABOUT NOTHING,1,1,DON PEDRO,"Dost thou affect her, Claudio?",her,Hero,"Dost thou affect Hero, Claudio?",female,7
MUCH ADO ABOUT NOTHING,1,1,CLAUDIO,"my lord, When you went onward on this ended action, I looked upon her with a soldier's eye, That lik'd, but had a roughe",her,Hero,"my lord, When you went onward on this ended action, I looked upon Hero with a soldier's eye, That lik'd, but had a rough",female,7
MUCH ADO ABOUT NOTHING,1,1,CLAUDIO,"my lord, When you went onward on this ended action, I looked upon her with a soldier's eye, That lik'd, but had a roughe",their,Hero,"my lord, When you went onward on this ended action, I looked upon Hero with a soldier's eye, That lik'd, but had a rough",female,7
MUCH ADO ABOUT NOTHING,1,1,CLAUDIO,"my lord, When you went onward on this ended action, I looked upon her with a soldier's eye, That lik'd, but had a roughe",their,Hero,"my lord, When you went onward on this ended action, I looked upon Hero with a soldier's eye, That lik'd, but had a rough",female,7
MUCH ADO ABOUT NOTHING,1,1,CLAUDIO,"my lord, When you went onward on this ended action, I looked upon her with a soldier's eye, That lik'd, but had a roughe",her,Hero,"my lord, When you went onward on this ended action, I looked upon Hero with a soldier's eye, That lik'd, but had a rough",female,7
MUCH ADO ABOUT NOTHING,1,1,DON PEDRO,"If thou dost love fair Hero, cherish it, And I will break with her, and with her father, And thou shalt have her.",it,Hero,"If thou dost love fair Hero, cherish Hero, And I will break with her, and with her father, And thou shalt have her.",female,7
MUCH ADO ABOUT NOTHING,1,1,DON PEDRO,"If thou dost love fair Hero, cherish it, And I will break with her, and with her father, And thou shalt have her.",her,Hero,"If thou dost love fair Hero, cherish Hero, And I will break with Hero, and with her father, And thou shalt have her.",female,7
MUCH ADO ABOUT NOTHING,1,1,DON PEDRO,"If thou dost love fair Hero, cherish it, And I will break with her, and with her father, And thou shalt have her.",her,Hero,"If thou dost love fair Hero, cherish Hero, And I will break with Hero, and with Hero father, And thou shalt have her.",female,7
MUCH ADO ABOUT NOTHING,1,1,DON PEDRO,"If thou dost love fair Hero, cherish it, And I will break with her, and with her father, And thou shalt have her.",her,Hero,"If thou dost love fair Hero, cherish Hero, And I will break with Hero, and with Hero father, And thou shalt have Hero.",female,7
MUCH ADO ABOUT NOTHING,1,1,CLAUDIO,"How sweetly you do minister to love, That know love's grief by his complexion!",his,CLAUDIO,"How sweetly you do minister to love, That know love's grief by CLAUDIO complexion!",male,7
MUCH ADO ABOUT NOTHING,1,1,CLAUDIO,"But lest my liking might too sudden seem, I would have salv'd it with a longer treatise.",it,CLAUDIO,"But lest my liking might too sudden seem, I would have salv'd CLAUDIO with a longer treatise.",male,7
MUCH ADO ABOUT NOTHING,1,1,DON PEDRO,"I know we shall have revelling tonight: I will assume thy part in some disguise, And tell fair Hero I am Claudio; And in",her,Hero,"I know we shall have revelling tonight: I will assume thy part in some disguise, And tell fair Hero I am Claudio; And in",female,7
MUCH ADO ABOUT NOTHING,1,1,DON PEDRO,"I know we shall have revelling tonight: I will assume thy part in some disguise, And tell fair Hero I am Claudio; And in",her,Hero,"I know we shall have revelling tonight: I will assume thy part in some disguise, And tell fair Hero I am Claudio; And in",female,7
MUCH ADO ABOUT NOTHING,1,1,DON PEDRO,"I know we shall have revelling tonight: I will assume thy part in some disguise, And tell fair Hero I am Claudio; And in",her,Hero,"I know we shall have revelling tonight: I will assume thy part in some disguise, And tell fair Hero I am Claudio; And in",female,7
MUCH ADO ABOUT NOTHING,1,1,DON PEDRO,"I know we shall have revelling tonight: I will assume thy part in some disguise, And tell fair Hero I am Claudio; And in",she,Hero,"I know we shall have revelling tonight: I will assume thy part in some disguise, And tell fair Hero I am Claudio; And in",female,7
MUCH ADO ABOUT NOTHING,1,1,DON PEDRO,In practice let us put it presently.,it,DON PEDRO,In practice let us put DON PEDRO presently.,male,7
MUCH ADO ABOUT NOTHING,1,2,LEONATO,Hath he provided this music?,he,LEONATO,Hath LEONATO provided this music?,male,3
MUCH ADO ABOUT NOTHING,1,2,ANTONIO,He is very busy about it.,He,ANTONIO,ANTONIO is very busy about it.,male,4
MUCH ADO ABOUT NOTHING,1,2,ANTONIO,He is very busy about it.,it,ANTONIO,ANTONIO is very busy about ANTONIO.,male,4
MUCH ADO ABOUT NOTHING,1,2,LEONATO,Are they good?,they,LEONATO,Are LEONATO good?,male,6
MUCH ADO ABOUT NOTHING,1,2,ANTONIO,As the event stamps them: but they have a good cover; they show well outward.,them,ANTONIO,As the event stamps ANTONIO: but they have a good cover; they show well outward.,male,7
MUCH ADO ABOUT NOTHING,1,2,ANTONIO,As the event stamps them: but they have a good cover; they show well outward.,they,ANTONIO,As the event stamps ANTONIO: but ANTONIO have a good cover; they show well outward.,male,7
MUCH ADO ABOUT NOTHING,1,2,ANTONIO,As the event stamps them: but they have a good cover; they show well outward.,they,ANTONIO,As the event stamps ANTONIO: but ANTONIO have a good cover; ANTONIO show well outward.,male,7
MUCH ADO ABOUT NOTHING,1,2,ANTONIO,"The Prince and Count Claudio, walking in a thick-pleached alley in my orchard, were thus much overheard by a man of mine",he,Claudio,"The Prince and Count Claudio, walking in a thick-pleached alley in my orchard, were thus much overheard by a man of mine",male,7
MUCH ADO ABOUT NOTHING,1,2,ANTONIO,"The Prince and Count Claudio, walking in a thick-pleached alley in my orchard, were thus much overheard by a man of mine",it,Claudio,"The Prince and Count Claudio, walking in a thick-pleached alley in my orchard, were thus much overheard by a man of mine",male,7
MUCH ADO ABOUT NOTHING,1,2,ANTONIO,"The Prince and Count Claudio, walking in a thick-pleached alley in my orchard, were thus much overheard by a man of mine",he,Claudio,"The Prince and Count Claudio, walking in a thick-pleached alley in my orchard, were thus much overheard by a man of mine",male,7
MUCH ADO ABOUT NOTHING,1,2,ANTONIO,"The Prince and Count Claudio, walking in a thick-pleached alley in my orchard, were thus much overheard by a man of mine",her,Claudio,"The Prince and Count Claudio, walking in a thick-pleached alley in my orchard, were thus much overheard by a man of mine",male,7
MUCH ADO ABOUT NOTHING,1,2,ANTONIO,"The Prince and Count Claudio, walking in a thick-pleached alley in my orchard, were thus much overheard by a man of mine",he,Claudio,"The Prince and Count Claudio, walking in a thick-pleached alley in my orchard, were thus much overheard by a man of mine",male,7
MUCH ADO ABOUT NOTHING,1,2,ANTONIO,"The Prince and Count Claudio, walking in a thick-pleached alley in my orchard, were thus much overheard by a man of mine",it,Claudio,"The Prince and Count Claudio, walking in a thick-pleached alley in my orchard, were thus much overheard by a man of mine",male,7
MUCH ADO ABOUT NOTHING,1,2,ANTONIO,A good sharp fellow: I will send for him; and question him yourself.,him,ANTONIO,A good sharp fellow: I will send for ANTONIO; and question him yourself.,male,7
MUCH ADO ABOUT NOTHING,1,2,ANTONIO,A good sharp fellow: I will send for him; and question him yourself.,him,ANTONIO,A good sharp fellow: I will send for ANTONIO; and question ANTONIO yourself.,male,7
MUCH ADO ABOUT NOTHING,1,2,LEONATO,"No, no; we will hold it as a dream till it appear itself: but I will acquaint my daughter withal, that she may be the be",it,LEONATO,"No, no; we will hold LEONATO as a dream till it appear itself: but I will acquaint my daughter withal, that she may be t",male,7
MUCH ADO ABOUT NOTHING,1,2,LEONATO,"No, no; we will hold it as a dream till it appear itself: but I will acquaint my daughter withal, that she may be the be",it,LEONATO,"No, no; we will hold LEONATO as a dream till LEONATO appear itself: but I will acquaint my daughter withal, that she may",male,7
MUCH ADO ABOUT NOTHING,1,2,LEONATO,"No, no; we will hold it as a dream till it appear itself: but I will acquaint my daughter withal, that she may be the be",she,LEONATO,"No, no; we will hold LEONATO as a dream till LEONATO appear itself: but I will acquaint my daughter withal, that LEONATO",male,7
MUCH ADO ABOUT NOTHING,1,2,LEONATO,Go you and tell her of it.,her,LEONATO,Go you and tell LEONATO of it.,male,7
MUCH ADO ABOUT NOTHING,1,2,LEONATO,Go you and tell her of it.,it,LEONATO,Go you and tell LEONATO of LEONATO.,male,7
MUCH ADO ABOUT NOTHING,1,3,DON JOHN,"And when I have heard it, what blessings brings it?",it,DON JOHN,"And when I have heard DON JOHN, what blessings brings it?",male,5
MUCH ADO ABOUT NOTHING,1,3,DON JOHN,"And when I have heard it, what blessings brings it?",it,DON JOHN,"And when I have heard DON JOHN, what blessings brings DON JOHN?",male,5
MUCH ADO ABOUT NOTHING,1,3,DON JOHN,"I cannot hide what I am: I must be sad when I have cause, and smile at no man's jests; eat when I have stomach, and wait",his,DON JOHN,"I cannot hide what I am: I must be sad when I have cause, and smile at no man's jests; eat when I have stomach, and wait",male,7
MUCH ADO ABOUT NOTHING,1,3,CONRADE,Yea; but you must not make the full show of this till you may do it without controlment.,it,CONRADE,Yea; but you must not make the full show of this till you may do CONRADE without controlment.,male,7
MUCH ADO ABOUT NOTHING,1,3,CONRADE,"You have of late stood out against your brother, and he hath ta'en you newly into his grace; where it is impossible you ",he,CONRADE,"You have of late stood out against your brother, and CONRADE hath ta'en you newly into his grace; where it is impossible",male,7
MUCH ADO ABOUT NOTHING,1,3,CONRADE,"You have of late stood out against your brother, and he hath ta'en you newly into his grace; where it is impossible you ",his,CONRADE,"You have of late stood out against your brother, and CONRADE hath ta'en you newly into CONRADE grace; where it is imposs",male,7
MUCH ADO ABOUT NOTHING,1,3,CONRADE,"You have of late stood out against your brother, and he hath ta'en you newly into his grace; where it is impossible you ",it,CONRADE,"You have of late stood out against your brother, and CONRADE hath ta'en you newly into CONRADE grace; where CONRADE is i",male,7
MUCH ADO ABOUT NOTHING,1,3,CONRADE,"You have of late stood out against your brother, and he hath ta'en you newly into his grace; where it is impossible you ",it,CONRADE,"You have of late stood out against your brother, and CONRADE hath ta'en you newly into CONRADE grace; where CONRADE is i",male,7
MUCH ADO ABOUT NOTHING,1,3,DON JOHN,I had rather be a canker in a hedge than a rose in his grace; and it better fits my blood to be disdained of all than to,his,DON JOHN,I had rather be a canker in a hedge than a rose in DON JOHN grace; and it better fits my blood to be disdained of all th,male,7
MUCH ADO ABOUT NOTHING,1,3,DON JOHN,I had rather be a canker in a hedge than a rose in his grace; and it better fits my blood to be disdained of all than to,it,DON JOHN,I had rather be a canker in a hedge than a rose in DON JOHN grace; and DON JOHN better fits my blood to be disdained of ,male,7
MUCH ADO ABOUT NOTHING,1,3,DON JOHN,I had rather be a canker in a hedge than a rose in his grace; and it better fits my blood to be disdained of all than to,it,DON JOHN,I had rather be a canker in a hedge than a rose in DON JOHN grace; and DON JOHN better fits my blood to be disdained of ,male,7
MUCH ADO ABOUT NOTHING,1,3,DON JOHN,"I make all use of it, for I use it only.",it,DON JOHN,"I make all use of DON JOHN, for I use it only.",male,7
MUCH ADO ABOUT NOTHING,1,3,DON JOHN,"I make all use of it, for I use it only.",it,DON JOHN,"I make all use of DON JOHN, for I use DON JOHN only.",male,7
MUCH ADO ABOUT NOTHING,1,3,DON JOHN,Will it serve for any model to build mischief on?,it,DON JOHN,Will DON JOHN serve for any model to build mischief on?,male,7
MUCH ADO ABOUT NOTHING,1,3,DON JOHN,What is he for a fool that betroths himself to unquietness?,he,DON JOHN,What is DON JOHN for a fool that betroths himself to unquietness?,male,7
MUCH ADO ABOUT NOTHING,1,3,DON JOHN,What is he for a fool that betroths himself to unquietness?,himself,DON JOHN,What is DON JOHN for a fool that betroths DON JOHN to unquietness?,male,7
MUCH ADO ABOUT NOTHING,1,3,BORACHIO,"Marry, it is your brother's right hand.",it,BORACHIO,"Marry, BORACHIO is your brother's right hand.",male,7
MUCH ADO ABOUT NOTHING,1,3,BORACHIO,Even he.,he,BORACHIO,Even BORACHIO.,male,7
MUCH ADO ABOUT NOTHING,1,3,DON JOHN,which way looks he?,he,DON JOHN,which way looks DON JOHN?,male,7
MUCH ADO ABOUT NOTHING,1,3,BORACHIO,"I whipt me behind the arras, and there heard it agreed upon that the Prince should woo Hero for himself, and having obta",it,Claudio,"I whipt me behind the arras, and there heard Claudio agreed upon that the Prince should woo Hero for himself, and having",male,7
MUCH ADO ABOUT NOTHING,1,3,BORACHIO,"I whipt me behind the arras, and there heard it agreed upon that the Prince should woo Hero for himself, and having obta",himself,Claudio,"I whipt me behind the arras, and there heard Claudio agreed upon that the Prince should woo Hero for Claudio, and having",male,7
MUCH ADO ABOUT NOTHING,1,3,BORACHIO,"I whipt me behind the arras, and there heard it agreed upon that the Prince should woo Hero for himself, and having obta",her,Hero,"I whipt me behind the arras, and there heard Claudio agreed upon that the Prince should woo Hero for Claudio, and having",female,7
MUCH ADO ABOUT NOTHING,1,3,BORACHIO,"I whipt me behind the arras, and there heard it agreed upon that the Prince should woo Hero for himself, and having obta",her,Hero,"I whipt me behind the arras, and there heard Claudio agreed upon that the Prince should woo Hero for Claudio, and having",female,7
MUCH ADO ABOUT NOTHING,1,3,DON JOHN,"That young start-up hath all the glory of my overthrow: if I can cross him any way, I bless myself every way.",him,DON JOHN,"That young start-up hath all the glory of my overthrow: if I can cross DON JOHN any way, I bless myself every way.",male,7
MUCH ADO ABOUT NOTHING,1,3,DON JOHN,Let us to the great supper: their cheer is the greater that I am subdued.,their,DON JOHN,Let us to the great supper: DON JOHN cheer is the greater that I am subdued.,male,7
MUCH ADO ABOUT NOTHING,2,1,ANTONIO,I saw him not.,him,ANTONIO,I saw ANTONIO not.,male,2
MUCH ADO ABOUT NOTHING,2,1,BEATRICE,I never can see him,him,ANTONIO,I never can see ANTONIO,male,4
MUCH ADO ABOUT NOTHING,2,1,HERO,He is of a very melancholy disposition.,He,ANTONIO,ANTONIO is of a very melancholy disposition.,male,6
MUCH ADO ABOUT NOTHING,2,1,BEATRICE,"He were an excellent man that were made just in the mid-way between him and Benedick: the one is too like an image, and ",He,Benedick,Benedick were an excellent man that were made just in the mid-way between him and Benedick: the one is too like an image,male,7
MUCH ADO ABOUT NOTHING,2,1,BEATRICE,"He were an excellent man that were made just in the mid-way between him and Benedick: the one is too like an image, and ",him,Benedick,Benedick were an excellent man that were made just in the mid-way between Benedick and Benedick: the one is too like an ,male,7
MUCH ADO ABOUT NOTHING,2,1,BEATRICE,"With a good leg and a good foot, uncle, and money enough in his purse, such a man would win any woman in the world if a'",his,Benedick,"With a good leg and a good foot, uncle, and money enough in Benedick purse, such a man would win any woman in the world ",male,7
MUCH ADO ABOUT NOTHING,2,1,BEATRICE,"With a good leg and a good foot, uncle, and money enough in his purse, such a man would win any woman in the world if a'",her,BEATRICE,"With a good leg and a good foot, uncle, and money enough in Benedick purse, such a man would win any woman in the world ",female,7
MUCH ADO ABOUT NOTHING,2,1,ANTONIO,"In faith, she's too curst.",she,BEATRICE,"In faith, BEATRICE's too curst.",female,7
MUCH ADO ABOUT NOTHING,2,1,BEATRICE,"Too curst is more than curst: I shall lessen God's sending that way; for it is said, 'God sends a curst cow short horns;",it,BEATRICE,"Too curst is more than curst: I shall lessen God's sending that way; for BEATRICE is said, 'God sends a curst cow short ",female,7
MUCH ADO ABOUT NOTHING,2,1,BEATRICE,"Too curst is more than curst: I shall lessen God's sending that way; for it is said, 'God sends a curst cow short horns;",he,ANTONIO,"Too curst is more than curst: I shall lessen God's sending that way; for BEATRICE is said, 'God sends a curst cow short ",male,7
MUCH ADO ABOUT NOTHING,2,1,BEATRICE,"Just, if he send me no husband; for the which blessing I am at him upon my knees every morning and evening.",he,LEONATO,"Just, if LEONATO send me no husband; for the which blessing I am at him upon my knees every morning and evening.",male,7
MUCH ADO ABOUT NOTHING,2,1,BEATRICE,"Just, if he send me no husband; for the which blessing I am at him upon my knees every morning and evening.",him,LEONATO,"Just, if LEONATO send me no husband; for the which blessing I am at LEONATO upon my knees every morning and evening.",male,7
MUCH ADO ABOUT NOTHING,2,1,BEATRICE,I could not endure a husband with a beard on his face: I had rather lie in the woollen.,his,LEONATO,I could not endure a husband with a beard on LEONATO face: I had rather lie in the woollen.,male,7
MUCH ADO ABOUT NOTHING,2,1,BEATRICE,What should I do with him?,him,LEONATO,What should I do with LEONATO?,male,7
MUCH ADO ABOUT NOTHING,2,1,BEATRICE,dress him in my apparel and make him my waiting gentlewoman?,him,LEONATO,dress LEONATO in my apparel and make him my waiting gentlewoman?,male,7
MUCH ADO ABOUT NOTHING,2,1,BEATRICE,dress him in my apparel and make him my waiting gentlewoman?,him,LEONATO,dress LEONATO in my apparel and make LEONATO my waiting gentlewoman?,male,7
MUCH ADO ABOUT NOTHING,2,1,BEATRICE,"He that hath a beard is more than a youth, and he that hath no beard is less than a man; and he that is more than a yout",He,LEONATO,"LEONATO that hath a beard is more than a youth, and he that hath no beard is less than a man; and he that is more than a",male,7
MUCH ADO ABOUT NOTHING,2,1,BEATRICE,"He that hath a beard is more than a youth, and he that hath no beard is less than a man; and he that is more than a yout",he,LEONATO,"LEONATO that hath a beard is more than a youth, and LEONATO that hath no beard is less than a man; and he that is more t",male,7
MUCH ADO ABOUT NOTHING,2,1,BEATRICE,"He that hath a beard is more than a youth, and he that hath no beard is less than a man; and he that is more than a yout",he,LEONATO,"LEONATO that hath a beard is more than a youth, and LEONATO that hath no beard is less than a man; and LEONATO that is m",male,7
MUCH ADO ABOUT NOTHING,2,1,BEATRICE,"He that hath a beard is more than a youth, and he that hath no beard is less than a man; and he that is more than a yout",he,LEONATO,"LEONATO that hath a beard is more than a youth, and LEONATO that hath no beard is less than a man; and LEONATO that is m",male,7
MUCH ADO ABOUT NOTHING,2,1,BEATRICE,"He that hath a beard is more than a youth, and he that hath no beard is less than a man; and he that is more than a yout",him,LEONATO,"LEONATO that hath a beard is more than a youth, and LEONATO that hath no beard is less than a man; and LEONATO that is m",male,7
MUCH ADO ABOUT NOTHING,2,1,BEATRICE,"He that hath a beard is more than a youth, and he that hath no beard is less than a man; and he that is more than a yout",his,LEONATO,"LEONATO that hath a beard is more than a youth, and LEONATO that hath no beard is less than a man; and LEONATO that is m",male,7
MUCH ADO ABOUT NOTHING,2,1,BEATRICE,"No; but to the gate; and there will the Devil meet me, like an old cuckold, with horns on his head, and say, 'Get you to",his,LEONATO,"No; but to the gate; and there will the Devil meet me, like an old cuckold, with horns on LEONATO head, and say, 'Get yo",male,7
MUCH ADO ABOUT NOTHING,2,1,BEATRICE,"So deliver I up my apes, and away to Saint Peter for the heavens: he shows me where the bachelors sit, and there live we",he,LEONATO,"So deliver I up my apes, and away to Saint Peter for the heavens: LEONATO shows me where the bachelors sit, and there li",male,7
MUCH ADO ABOUT NOTHING,2,1,BEATRICE,"Yes, faith; it is my cousin's duty to make curtsy, and say, 'Father, as it please you:'— but yet for all that, cousin, l",it,BEATRICE,"Yes, faith; BEATRICE is my cousin's duty to make curtsy, and say, 'Father, as it please you:'— but yet for all that, cou",female,7
MUCH ADO ABOUT NOTHING,2,1,BEATRICE,"Yes, faith; it is my cousin's duty to make curtsy, and say, 'Father, as it please you:'— but yet for all that, cousin, l",it,BEATRICE,"Yes, faith; BEATRICE is my cousin's duty to make curtsy, and say, 'Father, as BEATRICE please you:'— but yet for all tha",female,7
MUCH ADO ABOUT NOTHING,2,1,BEATRICE,"Yes, faith; it is my cousin's duty to make curtsy, and say, 'Father, as it please you:'— but yet for all that, cousin, l",him,ANTONIO,"Yes, faith; BEATRICE is my cousin's duty to make curtsy, and say, 'Father, as BEATRICE please you:'— but yet for all tha",male,7
MUCH ADO ABOUT NOTHING,2,1,BEATRICE,"Yes, faith; it is my cousin's duty to make curtsy, and say, 'Father, as it please you:'— but yet for all that, cousin, l",it,BEATRICE,"Yes, faith; BEATRICE is my cousin's duty to make curtsy, and say, 'Father, as BEATRICE please you:'— but yet for all tha",female,7
MUCH ADO ABOUT NOTHING,2,1,BEATRICE,Would it not grieve a woman to be over-mastered with a piece of valiant dust?,it,BEATRICE,Would BEATRICE not grieve a woman to be over-mastered with a piece of valiant dust?,female,7
MUCH ADO ABOUT NOTHING,2,1,BEATRICE,to make an account of her life to a clod of wayward marl?,her,BEATRICE,to make an account of BEATRICE life to a clod of wayward marl?,female,7
MUCH ADO ABOUT NOTHING,2,1,BEATRICE,"Adam's sons are my brethren; and truly, I hold it a sin to match in my kindred.",it,BEATRICE,"Adam's sons are my brethren; and truly, I hold BEATRICE a sin to match in my kindred.",female,7
MUCH ADO ABOUT NOTHING,2,1,BEATRICE,"The fault will be in the music, cousin, if you be not wooed in good time: if the Prince be too important, tell him there",him,LEONATO,"The fault will be in the music, cousin, if you be not wooed in good time: if the Prince be too important, tell LEONATO t",male,7
MUCH ADO ABOUT NOTHING,2,1,BEATRICE,"For, hear me, Hero: wooing, wedding, and repenting is as a Scotch jig, a measure, and a cinquepace: the first suit is ho",his,LEONATO,"For, hear me, Hero: wooing, wedding, and repenting is as a Scotch jig, a measure, and a cinquepace: the first suit is ho",male,7
MUCH ADO ABOUT NOTHING,2,1,BEATRICE,"For, hear me, Hero: wooing, wedding, and repenting is as a Scotch jig, a measure, and a cinquepace: the first suit is ho",he,LEONATO,"For, hear me, Hero: wooing, wedding, and repenting is as a Scotch jig, a measure, and a cinquepace: the first suit is ho",male,7
MUCH ADO ABOUT NOTHING,2,1,BEATRICE,"For, hear me, Hero: wooing, wedding, and repenting is as a Scotch jig, a measure, and a cinquepace: the first suit is ho",his,LEONATO,"For, hear me, Hero: wooing, wedding, and repenting is as a Scotch jig, a measure, and a cinquepace: the first suit is ho",male,7
MUCH ADO ABOUT NOTHING,2,1,DON PEDRO,Takes her aside.,her,HERO,Takes HERO aside.,female,7
MUCH ADO ABOUT NOTHING,2,1,MARGARET,And God keep him out of my sight when the dance is done!,him,BALTHASAR,And God keep BALTHASAR out of my sight when the dance is done!,male,7
MUCH ADO ABOUT NOTHING,2,1,ANTONIO,"To tell you true, I counterfeit him.",him,ANTONIO,"To tell you true, I counterfeit ANTONIO.",male,7
MUCH ADO ABOUT NOTHING,2,1,URSULA,"You could never do him so ill-well, unless you were the very man.",him,ANTONIO,"You could never do ANTONIO so ill-well, unless you were the very man.",male,7
MUCH ADO ABOUT NOTHING,2,1,URSULA,"Here's his dry hand up and down: you are he, you are he.",his,ANTONIO,"Here's ANTONIO dry hand up and down: you are he, you are he.",male,7
MUCH ADO ABOUT NOTHING,2,1,URSULA,"Here's his dry hand up and down: you are he, you are he.",he,ANTONIO,"Here's ANTONIO dry hand up and down: you are ANTONIO, you are he.",male,7
MUCH ADO ABOUT NOTHING,2,1,URSULA,"Here's his dry hand up and down: you are he, you are he.",he,ANTONIO,"Here's ANTONIO dry hand up and down: you are ANTONIO, you are ANTONIO.",male,7
MUCH ADO ABOUT NOTHING,2,1,URSULA,"Go to, mum, you are he: graces will appear, and there's an end.",he,ANTONIO,"Go to, mum, you are ANTONIO: graces will appear, and there's an end.",male,7
MUCH ADO ABOUT NOTHING,2,1,BENEDICK,What's he?,he,BENEDICK,What's BENEDICK?,male,7
MUCH ADO ABOUT NOTHING,2,1,BEATRICE,I am sure you know him well enough.,him,BENEDICK,I am sure you know BENEDICK well enough.,male,7
MUCH ADO ABOUT NOTHING,2,1,BEATRICE,Did he never make you laugh?,he,BENEDICK,Did BENEDICK never make you laugh?,male,7
MUCH ADO ABOUT NOTHING,2,1,BENEDICK,"I pray you, what is he?",he,BENEDICK,"I pray you, what is BENEDICK?",male,7
MUCH ADO ABOUT NOTHING,2,1,BEATRICE,"Why, he is the Prince's jester: a very dull fool; only his gift is in devising impossible slanders: none but libertines ",he,BENEDICK,"Why, BENEDICK is the Prince's jester: a very dull fool; only his gift is in devising impossible slanders: none but liber",male,7
MUCH ADO ABOUT NOTHING,2,1,BEATRICE,"Why, he is the Prince's jester: a very dull fool; only his gift is in devising impossible slanders: none but libertines ",his,BENEDICK,"Why, BENEDICK is the Prince's jester: a very dull fool; only BENEDICK gift is in devising impossible slanders: none but ",male,7
MUCH ADO ABOUT NOTHING,2,1,BEATRICE,"Why, he is the Prince's jester: a very dull fool; only his gift is in devising impossible slanders: none but libertines ",him,BENEDICK,"Why, BENEDICK is the Prince's jester: a very dull fool; only BENEDICK gift is in devising impossible slanders: none but ",male,7
MUCH ADO ABOUT NOTHING,2,1,BEATRICE,"Why, he is the Prince's jester: a very dull fool; only his gift is in devising impossible slanders: none but libertines ",his,BENEDICK,"Why, BENEDICK is the Prince's jester: a very dull fool; only BENEDICK gift is in devising impossible slanders: none but ",male,7
MUCH ADO ABOUT NOTHING,2,1,BEATRICE,"Why, he is the Prince's jester: a very dull fool; only his gift is in devising impossible slanders: none but libertines ",his,BENEDICK,"Why, BENEDICK is the Prince's jester: a very dull fool; only BENEDICK gift is in devising impossible slanders: none but ",male,7
MUCH ADO ABOUT NOTHING,2,1,BEATRICE,"Why, he is the Prince's jester: a very dull fool; only his gift is in devising impossible slanders: none but libertines ",he,BENEDICK,"Why, BENEDICK is the Prince's jester: a very dull fool; only BENEDICK gift is in devising impossible slanders: none but ",male,7
MUCH ADO ABOUT NOTHING,2,1,BEATRICE,"Why, he is the Prince's jester: a very dull fool; only his gift is in devising impossible slanders: none but libertines ",them,BEATRICE,"Why, BENEDICK is the Prince's jester: a very dull fool; only BENEDICK gift is in devising impossible slanders: none but ",female,7
MUCH ADO ABOUT NOTHING,2,1,BEATRICE,"Why, he is the Prince's jester: a very dull fool; only his gift is in devising impossible slanders: none but libertines ",they,BEATRICE,"Why, BENEDICK is the Prince's jester: a very dull fool; only BENEDICK gift is in devising impossible slanders: none but ",female,7
MUCH ADO ABOUT NOTHING,2,1,BEATRICE,"Why, he is the Prince's jester: a very dull fool; only his gift is in devising impossible slanders: none but libertines ",him,BENEDICK,"Why, BENEDICK is the Prince's jester: a very dull fool; only BENEDICK gift is in devising impossible slanders: none but ",male,7
MUCH ADO ABOUT NOTHING,2,1,BEATRICE,"Why, he is the Prince's jester: a very dull fool; only his gift is in devising impossible slanders: none but libertines ",him,BENEDICK,"Why, BENEDICK is the Prince's jester: a very dull fool; only BENEDICK gift is in devising impossible slanders: none but ",male,7
MUCH ADO ABOUT NOTHING,2,1,BEATRICE,I am sure he is in the fleet: I would he had boarded me!,he,BENEDICK,I am sure BENEDICK is in the fleet: I would he had boarded me!,male,7
MUCH ADO ABOUT NOTHING,2,1,BEATRICE,I am sure he is in the fleet: I would he had boarded me!,he,BENEDICK,I am sure BENEDICK is in the fleet: I would BENEDICK had boarded me!,male,7
MUCH ADO ABOUT NOTHING,2,1,BENEDICK,"When I know the gentleman, I'll tell him what you say.",him,BENEDICK,"When I know the gentleman, I'll tell BENEDICK what you say.",male,7
MUCH ADO ABOUT NOTHING,2,1,BEATRICE,"Do, do: he'll but break a comparison or two on me; which, peradventure not marked or not laughed at, strikes him into me",he,BENEDICK,"Do, do: BENEDICK'll but break a comparison or two on me; which, peradventure not marked or not laughed at, strikes him i",male,7
MUCH ADO ABOUT NOTHING,2,1,BEATRICE,"Do, do: he'll but break a comparison or two on me; which, peradventure not marked or not laughed at, strikes him into me",him,BENEDICK,"Do, do: BENEDICK'll but break a comparison or two on me; which, peradventure not marked or not laughed at, strikes BENED",male,7
MUCH ADO ABOUT NOTHING,2,1,BEATRICE,"Nay, if they lead to any ill, I will leave them at the next turning.",they,BEATRICE,"Nay, if BEATRICE lead to any ill, I will leave them at the next turning.",female,7
MUCH ADO ABOUT NOTHING,2,1,BEATRICE,"Nay, if they lead to any ill, I will leave them at the next turning.",them,BEATRICE,"Nay, if BEATRICE lead to any ill, I will leave BEATRICE at the next turning.",female,7
MUCH ADO ABOUT NOTHING,2,1,DON JOHN,"Sure my brother is amorous on Hero, and hath withdrawn her father to break with him about it.",her,Hero,"Sure my brother is amorous on Hero, and hath withdrawn Hero father to break with him about it.",female,7
MUCH ADO ABOUT NOTHING,2,1,DON JOHN,"Sure my brother is amorous on Hero, and hath withdrawn her father to break with him about it.",him,DON JOHN,"Sure my brother is amorous on Hero, and hath withdrawn Hero father to break with DON JOHN about it.",male,7
MUCH ADO ABOUT NOTHING,2,1,DON JOHN,"Sure my brother is amorous on Hero, and hath withdrawn her father to break with him about it.",it,Hero,"Sure my brother is amorous on Hero, and hath withdrawn Hero father to break with DON JOHN about Hero.",female,7
MUCH ADO ABOUT NOTHING,2,1,DON JOHN,The ladies follow her and but one visor remains.,her,Hero,The ladies follow Hero and but one visor remains.,female,7
MUCH ADO ABOUT NOTHING,2,1,BORACHIO,And that is Claudio: I know him by his bearing.,him,Claudio,And that is Claudio: I know Claudio by his bearing.,male,7
MUCH ADO ABOUT NOTHING,2,1,BORACHIO,And that is Claudio: I know him by his bearing.,his,Claudio,And that is Claudio: I know Claudio by Claudio bearing.,male,7
MUCH ADO ABOUT NOTHING,2,1,CLAUDIO,You know me well; I am he.,he,CLAUDIO,You know me well; I am CLAUDIO.,male,7
MUCH ADO ABOUT NOTHING,2,1,DON JOHN,"Signior, you are very near my brother in his love: he is enamoured on Hero; I pray you, dissuade him from her; she is no",his,DON JOHN,"Signior, you are very near my brother in DON JOHN love: he is enamoured on Hero; I pray you, dissuade him from her; she ",male,7
MUCH ADO ABOUT NOTHING,2,1,DON JOHN,"Signior, you are very near my brother in his love: he is enamoured on Hero; I pray you, dissuade him from her; she is no",he,DON JOHN,"Signior, you are very near my brother in DON JOHN love: DON JOHN is enamoured on Hero; I pray you, dissuade him from her",male,7
MUCH ADO ABOUT NOTHING,2,1,DON JOHN,"Signior, you are very near my brother in his love: he is enamoured on Hero; I pray you, dissuade him from her; she is no",him,DON JOHN,"Signior, you are very near my brother in DON JOHN love: DON JOHN is enamoured on Hero; I pray you, dissuade DON JOHN fro",male,7
MUCH ADO ABOUT NOTHING,2,1,DON JOHN,"Signior, you are very near my brother in his love: he is enamoured on Hero; I pray you, dissuade him from her; she is no",her,Hero,"Signior, you are very near my brother in DON JOHN love: DON JOHN is enamoured on Hero; I pray you, dissuade DON JOHN fro",female,7
MUCH ADO ABOUT NOTHING,2,1,DON JOHN,"Signior, you are very near my brother in his love: he is enamoured on Hero; I pray you, dissuade him from her; she is no",she,Hero,"Signior, you are very near my brother in DON JOHN love: DON JOHN is enamoured on Hero; I pray you, dissuade DON JOHN fro",female,7
MUCH ADO ABOUT NOTHING,2,1,DON JOHN,"Signior, you are very near my brother in his love: he is enamoured on Hero; I pray you, dissuade him from her; she is no",his,DON JOHN,"Signior, you are very near my brother in DON JOHN love: DON JOHN is enamoured on Hero; I pray you, dissuade DON JOHN fro",male,7
MUCH ADO ABOUT NOTHING,2,1,DON JOHN,"Signior, you are very near my brother in his love: he is enamoured on Hero; I pray you, dissuade him from her; she is no",it,Hero,"Signior, you are very near my brother in DON JOHN love: DON JOHN is enamoured on Hero; I pray you, dissuade DON JOHN fro",female,7
MUCH ADO ABOUT NOTHING,2,1,CLAUDIO,he loves her?,he,CLAUDIO,CLAUDIO loves her?,male,7
MUCH ADO ABOUT NOTHING,2,1,CLAUDIO,he loves her?,her,Hero,CLAUDIO loves Hero?,female,7
MUCH ADO ABOUT NOTHING,2,1,DON JOHN,I heard him swear his affection.,him,DON JOHN,I heard DON JOHN swear his affection.,male,7
MUCH ADO ABOUT NOTHING,2,1,DON JOHN,I heard him swear his affection.,his,DON JOHN,I heard DON JOHN swear DON JOHN affection.,male,7
MUCH ADO ABOUT NOTHING,2,1,BORACHIO,So did I too; and he swore he would marry her tonight.,he,BORACHIO,So did I too; and BORACHIO swore he would marry her tonight.,male,7
MUCH ADO ABOUT NOTHING,2,1,BORACHIO,So did I too; and he swore he would marry her tonight.,he,BORACHIO,So did I too; and BORACHIO swore BORACHIO would marry her tonight.,male,7
MUCH ADO ABOUT NOTHING,2,1,BORACHIO,So did I too; and he swore he would marry her tonight.,her,Hero,So did I too; and BORACHIO swore BORACHIO would marry Hero tonight.,female,7
MUCH ADO ABOUT NOTHING,2,1,CLAUDIO,Tis certain so; the Prince wooss for himself.,himself,CLAUDIO,Tis certain so; the Prince wooss for CLAUDIO.,male,7
MUCH ADO ABOUT NOTHING,2,1,CLAUDIO,Friendship is constant in all other things Save in the office and affairs of love: Therefore all hearts in love use thei,their,CLAUDIO,Friendship is constant in all other things Save in the office and affairs of love: Therefore all hearts in love use CLAU,male,7
MUCH ADO ABOUT NOTHING,2,1,BENEDICK,"You must wear it one way, for the Prince hath got your Hero.",it,Hero,"You must wear Hero one way, for the Prince hath got your Hero.",female,7
MUCH ADO ABOUT NOTHING,2,1,CLAUDIO,I wish him joy of her.,him,CLAUDIO,I wish CLAUDIO joy of her.,male,7
MUCH ADO ABOUT NOTHING,2,1,CLAUDIO,I wish him joy of her.,her,Hero,I wish CLAUDIO joy of Hero.,female,7
MUCH ADO ABOUT NOTHING,2,1,BENEDICK,"Why, that's spoken like an honest drovier: so they sell bullocks.",they,BENEDICK,"Why, that's spoken like an honest drovier: so BENEDICK sell bullocks.",male,7
MUCH ADO ABOUT NOTHING,2,1,CLAUDIO,"If it will not be, I'll leave you.",it,CLAUDIO,"If CLAUDIO will not be, I'll leave you.",male,7
MUCH ADO ABOUT NOTHING,2,1,BENEDICK,Now will he creep into sedges.,he,BENEDICK,Now will BENEDICK creep into sedges.,male,7
MUCH ADO ABOUT NOTHING,2,1,BENEDICK,it may be I go under that title because I am merry.,it,BENEDICK,BENEDICK may be I go under that title because I am merry.,male,7
MUCH ADO ABOUT NOTHING,2,1,BENEDICK,"Yea, but so I am apt to do myself wrong; I am not so reputed: it is the base though bitter disposition of Beatrice that ",it,Beatrice,"Yea, but so I am apt to do myself wrong; I am not so reputed: Beatrice is the base though bitter disposition of Beatrice",female,7
MUCH ADO ABOUT NOTHING,2,1,BENEDICK,"Yea, but so I am apt to do myself wrong; I am not so reputed: it is the base though bitter disposition of Beatrice that ",her,Beatrice,"Yea, but so I am apt to do myself wrong; I am not so reputed: Beatrice is the base though bitter disposition of Beatrice",female,7
MUCH ADO ABOUT NOTHING,2,1,DON PEDRO,Did you see him?,him,DON PEDRO,Did you see DON PEDRO?,male,7
MUCH ADO ABOUT NOTHING,2,1,BENEDICK,I found him here as melancholy as a lodge in a warren.,him,BENEDICK,I found BENEDICK here as melancholy as a lodge in a warren.,male,7
MUCH ADO ABOUT NOTHING,2,1,BENEDICK,"I told him, and I think I told him true, that your Grace had got the good will of this young lady; and I offered him my ",him,BENEDICK,"I told BENEDICK, and I think I told him true, that your Grace had got the good will of this young lady; and I offered hi",male,7
MUCH ADO ABOUT NOTHING,2,1,BENEDICK,"I told him, and I think I told him true, that your Grace had got the good will of this young lady; and I offered him my ",him,BENEDICK,"I told BENEDICK, and I think I told BENEDICK true, that your Grace had got the good will of this young lady; and I offer",male,7
MUCH ADO ABOUT NOTHING,2,1,BENEDICK,"I told him, and I think I told him true, that your Grace had got the good will of this young lady; and I offered him my ",him,BENEDICK,"I told BENEDICK, and I think I told BENEDICK true, that your Grace had got the good will of this young lady; and I offer",male,7
MUCH ADO ABOUT NOTHING,2,1,BENEDICK,"I told him, and I think I told him true, that your Grace had got the good will of this young lady; and I offered him my ",him,BENEDICK,"I told BENEDICK, and I think I told BENEDICK true, that your Grace had got the good will of this young lady; and I offer",male,7
MUCH ADO ABOUT NOTHING,2,1,BENEDICK,"I told him, and I think I told him true, that your Grace had got the good will of this young lady; and I offered him my ",him,BENEDICK,"I told BENEDICK, and I think I told BENEDICK true, that your Grace had got the good will of this young lady; and I offer",male,7
MUCH ADO ABOUT NOTHING,2,1,DON PEDRO,What's his fault?,his,DON PEDRO,What's DON PEDRO fault?,male,7
MUCH ADO ABOUT NOTHING,2,1,BENEDICK,"The flat transgression of a school-boy, who, being overjoy'd with finding a bird's nest, shows it his companion, and he ",it,BENEDICK,"The flat transgression of a school-boy, who, being overjoy'd with finding a bird's nest, shows BENEDICK his companion, a",male,7
MUCH ADO ABOUT NOTHING,2,1,BENEDICK,"The flat transgression of a school-boy, who, being overjoy'd with finding a bird's nest, shows it his companion, and he ",his,BENEDICK,"The flat transgression of a school-boy, who, being overjoy'd with finding a bird's nest, shows BENEDICK BENEDICK compani",male,7
MUCH ADO ABOUT NOTHING,2,1,BENEDICK,"The flat transgression of a school-boy, who, being overjoy'd with finding a bird's nest, shows it his companion, and he ",he,BENEDICK,"The flat transgression of a school-boy, who, being overjoy'd with finding a bird's nest, shows BENEDICK BENEDICK compani",male,7
MUCH ADO ABOUT NOTHING,2,1,BENEDICK,"The flat transgression of a school-boy, who, being overjoy'd with finding a bird's nest, shows it his companion, and he ",it,BENEDICK,"The flat transgression of a school-boy, who, being overjoy'd with finding a bird's nest, shows BENEDICK BENEDICK compani",male,7
MUCH ADO ABOUT NOTHING,2,1,BENEDICK,"Yet it had not been amiss the rod had been made, and the garland too; for the garland he might have worn himself, and th",it,BENEDICK,"Yet BENEDICK had not been amiss the rod had been made, and the garland too; for the garland he might have worn himself, ",male,7
MUCH ADO ABOUT NOTHING,2,1,BENEDICK,"Yet it had not been amiss the rod had been made, and the garland too; for the garland he might have worn himself, and th",he,BENEDICK,"Yet BENEDICK had not been amiss the rod had been made, and the garland too; for the garland BENEDICK might have worn him",male,7
MUCH ADO ABOUT NOTHING,2,1,BENEDICK,"Yet it had not been amiss the rod had been made, and the garland too; for the garland he might have worn himself, and th",himself,BENEDICK,"Yet BENEDICK had not been amiss the rod had been made, and the garland too; for the garland BENEDICK might have worn BEN",male,7
MUCH ADO ABOUT NOTHING,2,1,BENEDICK,"Yet it had not been amiss the rod had been made, and the garland too; for the garland he might have worn himself, and th",he,BENEDICK,"Yet BENEDICK had not been amiss the rod had been made, and the garland too; for the garland BENEDICK might have worn BEN",male,7
MUCH ADO ABOUT NOTHING,2,1,BENEDICK,"Yet it had not been amiss the rod had been made, and the garland too; for the garland he might have worn himself, and th",it,BENEDICK,"Yet BENEDICK had not been amiss the rod had been made, and the garland too; for the garland BENEDICK might have worn BEN",male,7
MUCH ADO ABOUT NOTHING,2,1,BENEDICK,"Yet it had not been amiss the rod had been made, and the garland too; for the garland he might have worn himself, and th",his,BENEDICK,"Yet BENEDICK had not been amiss the rod had been made, and the garland too; for the garland BENEDICK might have worn BEN",male,7
MUCH ADO ABOUT NOTHING,2,1,DON PEDRO,"I will but teach them to sing, and restore them to the owner.",them,DON PEDRO,"I will but teach DON PEDRO to sing, and restore them to the owner.",male,7
MUCH ADO ABOUT NOTHING,2,1,DON PEDRO,"I will but teach them to sing, and restore them to the owner.",them,DON PEDRO,"I will but teach DON PEDRO to sing, and restore DON PEDRO to the owner.",male,7
MUCH ADO ABOUT NOTHING,2,1,BENEDICK,"If their singing answer your saying, by my faith, you say honestly.",their,BENEDICK,"If BENEDICK singing answer your saying, by my faith, you say honestly.",male,7
MUCH ADO ABOUT NOTHING,2,1,DON PEDRO,The Lady Beatrice hath a quarrel to you: the gentleman that danced with her told her she is much wronged by you.,her,Lady Beatrice,The Lady Beatrice hath a quarrel to you: the gentleman that danced with Lady Beatrice told her she is much wronged by yo,female,7
MUCH ADO ABOUT NOTHING,2,1,DON PEDRO,The Lady Beatrice hath a quarrel to you: the gentleman that danced with her told her she is much wronged by you.,her,Lady Beatrice,The Lady Beatrice hath a quarrel to you: the gentleman that danced with Lady Beatrice told Lady Beatrice she is much wro,female,7
MUCH ADO ABOUT NOTHING,2,1,DON PEDRO,The Lady Beatrice hath a quarrel to you: the gentleman that danced with her told her she is much wronged by you.,she,Lady Beatrice,The Lady Beatrice hath a quarrel to you: the gentleman that danced with Lady Beatrice told Lady Beatrice Lady Beatrice i,female,7
MUCH ADO ABOUT NOTHING,2,1,BENEDICK,she misused me past the endurance of a block: an oak but with one green leaf on it would have answered her: my very viso,she,Lady Beatrice,Lady Beatrice misused me past the endurance of a block: an oak but with one green leaf on it would have answered her: my,female,7
MUCH ADO ABOUT NOTHING,2,1,BENEDICK,she misused me past the endurance of a block: an oak but with one green leaf on it would have answered her: my very viso,it,BENEDICK,Lady Beatrice misused me past the endurance of a block: an oak but with one green leaf on BENEDICK would have answered h,male,7
MUCH ADO ABOUT NOTHING,2,1,BENEDICK,she misused me past the endurance of a block: an oak but with one green leaf on it would have answered her: my very viso,her,Lady Beatrice,Lady Beatrice misused me past the endurance of a block: an oak but with one green leaf on BENEDICK would have answered L,female,7
MUCH ADO ABOUT NOTHING,2,1,BENEDICK,she misused me past the endurance of a block: an oak but with one green leaf on it would have answered her: my very viso,her,Lady Beatrice,Lady Beatrice misused me past the endurance of a block: an oak but with one green leaf on BENEDICK would have answered L,female,7
MUCH ADO ABOUT NOTHING,2,1,BENEDICK,"She told me, not thinking I had been myself, that I was the Prince's jester, that I was duller than a great thaw; huddli",She,Lady Beatrice,"Lady Beatrice told me, not thinking I had been myself, that I was the Prince's jester, that I was duller than a great th",female,7
MUCH ADO ABOUT NOTHING,2,1,BENEDICK,"She speaks poniards, and every word stabs: if her breath were as terrible as her terminations, there were no living near",She,Lady Beatrice,"Lady Beatrice speaks poniards, and every word stabs: if her breath were as terrible as her terminations, there were no l",female,7
MUCH ADO ABOUT NOTHING,2,1,BENEDICK,"She speaks poniards, and every word stabs: if her breath were as terrible as her terminations, there were no living near",her,Lady Beatrice,"Lady Beatrice speaks poniards, and every word stabs: if Lady Beatrice breath were as terrible as her terminations, there",female,7
MUCH ADO ABOUT NOTHING,2,1,BENEDICK,"She speaks poniards, and every word stabs: if her breath were as terrible as her terminations, there were no living near",her,Lady Beatrice,"Lady Beatrice speaks poniards, and every word stabs: if Lady Beatrice breath were as terrible as Lady Beatrice terminati",female,7
MUCH ADO ABOUT NOTHING,2,1,BENEDICK,"She speaks poniards, and every word stabs: if her breath were as terrible as her terminations, there were no living near",her,Lady Beatrice,"Lady Beatrice speaks poniards, and every word stabs: if Lady Beatrice breath were as terrible as Lady Beatrice terminati",female,7
MUCH ADO ABOUT NOTHING,2,1,BENEDICK,"She speaks poniards, and every word stabs: if her breath were as terrible as her terminations, there were no living near",she,Lady Beatrice,"Lady Beatrice speaks poniards, and every word stabs: if Lady Beatrice breath were as terrible as Lady Beatrice terminati",female,7
MUCH ADO ABOUT NOTHING,2,1,BENEDICK,"I would not marry her, though she were endowed with all that Adam had left him before he transgressed: she would have ma",her,Lady Beatrice,"I would not marry Lady Beatrice, though she were endowed with all that Adam had left him before he transgressed: she wou",female,7
MUCH ADO ABOUT NOTHING,2,1,BENEDICK,"I would not marry her, though she were endowed with all that Adam had left him before he transgressed: she would have ma",she,Lady Beatrice,"I would not marry Lady Beatrice, though Lady Beatrice were endowed with all that Adam had left him before he transgresse",female,7
MUCH ADO ABOUT NOTHING,2,1,BENEDICK,"I would not marry her, though she were endowed with all that Adam had left him before he transgressed: she would have ma",him,BENEDICK,"I would not marry Lady Beatrice, though Lady Beatrice were endowed with all that Adam had left BENEDICK before he transg",male,7
MUCH ADO ABOUT NOTHING,2,1,BENEDICK,"I would not marry her, though she were endowed with all that Adam had left him before he transgressed: she would have ma",he,BENEDICK,"I would not marry Lady Beatrice, though Lady Beatrice were endowed with all that Adam had left BENEDICK before BENEDICK ",male,7
MUCH ADO ABOUT NOTHING,2,1,BENEDICK,"I would not marry her, though she were endowed with all that Adam had left him before he transgressed: she would have ma",she,Lady Beatrice,"I would not marry Lady Beatrice, though Lady Beatrice were endowed with all that Adam had left BENEDICK before BENEDICK ",female,7
MUCH ADO ABOUT NOTHING,2,1,BENEDICK,"I would not marry her, though she were endowed with all that Adam had left him before he transgressed: she would have ma",his,BENEDICK,"I would not marry Lady Beatrice, though Lady Beatrice were endowed with all that Adam had left BENEDICK before BENEDICK ",male,7
MUCH ADO ABOUT NOTHING,2,1,BENEDICK,"Come, talk not of her; you shall find her the infernal Ate in good apparel.",her,Lady Beatrice,"Come, talk not of Lady Beatrice; you shall find her the infernal Ate in good apparel.",female,7
MUCH ADO ABOUT NOTHING,2,1,BENEDICK,"Come, talk not of her; you shall find her the infernal Ate in good apparel.",her,Lady Beatrice,"Come, talk not of Lady Beatrice; you shall find Lady Beatrice the infernal Ate in good apparel.",female,7
MUCH ADO ABOUT NOTHING,2,1,BENEDICK,"I would to God some scholar would conjure her, for certainly, while she is here, a man may live as quiet in hell as in a",her,Lady Beatrice,"I would to God some scholar would conjure Lady Beatrice, for certainly, while she is here, a man may live as quiet in he",female,7
MUCH ADO ABOUT NOTHING,2,1,BENEDICK,"I would to God some scholar would conjure her, for certainly, while she is here, a man may live as quiet in hell as in a",she,Lady Beatrice,"I would to God some scholar would conjure Lady Beatrice, for certainly, while Lady Beatrice is here, a man may live as q",female,7
MUCH ADO ABOUT NOTHING,2,1,BENEDICK,"I would to God some scholar would conjure her, for certainly, while she is here, a man may live as quiet in hell as in a",they,BENEDICK,"I would to God some scholar would conjure Lady Beatrice, for certainly, while Lady Beatrice is here, a man may live as q",male,7
MUCH ADO ABOUT NOTHING,2,1,BENEDICK,"I would to God some scholar would conjure her, for certainly, while she is here, a man may live as quiet in hell as in a",her,Lady Beatrice,"I would to God some scholar would conjure Lady Beatrice, for certainly, while Lady Beatrice is here, a man may live as q",female,7
MUCH ADO ABOUT NOTHING,2,1,DON PEDRO,here she comes.,she,Hero,here Hero comes.,female,7
MUCH ADO ABOUT NOTHING,2,1,BEATRICE,"Indeed, my lord, he lent it me awhile; and I gave him use for it, a double heart for a single one: marry, once before he",he,Benedick,"Indeed, my lord, Benedick lent it me awhile; and I gave him use for it, a double heart for a single one: marry, once bef",male,7
MUCH ADO ABOUT NOTHING,2,1,BEATRICE,"Indeed, my lord, he lent it me awhile; and I gave him use for it, a double heart for a single one: marry, once before he",it,Grace,"Indeed, my lord, Benedick lent Grace me awhile; and I gave him use for it, a double heart for a single one: marry, once ",neutral,7
MUCH ADO ABOUT NOTHING,2,1,BEATRICE,"Indeed, my lord, he lent it me awhile; and I gave him use for it, a double heart for a single one: marry, once before he",him,Benedick,"Indeed, my lord, Benedick lent Grace me awhile; and I gave Benedick use for it, a double heart for a single one: marry, ",male,7
MUCH ADO ABOUT NOTHING,2,1,BEATRICE,"Indeed, my lord, he lent it me awhile; and I gave him use for it, a double heart for a single one: marry, once before he",it,Grace,"Indeed, my lord, Benedick lent Grace me awhile; and I gave Benedick use for Grace, a double heart for a single one: marr",neutral,7
MUCH ADO ABOUT NOTHING,2,1,BEATRICE,"Indeed, my lord, he lent it me awhile; and I gave him use for it, a double heart for a single one: marry, once before he",he,Benedick,"Indeed, my lord, Benedick lent Grace me awhile; and I gave Benedick use for Grace, a double heart for a single one: marr",male,7
MUCH ADO ABOUT NOTHING,2,1,BEATRICE,"Indeed, my lord, he lent it me awhile; and I gave him use for it, a double heart for a single one: marry, once before he",it,Grace,"Indeed, my lord, Benedick lent Grace me awhile; and I gave Benedick use for Grace, a double heart for a single one: marr",neutral,7
MUCH ADO ABOUT NOTHING,2,1,BEATRICE,"Indeed, my lord, he lent it me awhile; and I gave him use for it, a double heart for a single one: marry, once before he",it,Grace,"Indeed, my lord, Benedick lent Grace me awhile; and I gave Benedick use for Grace, a double heart for a single one: marr",neutral,7
MUCH ADO ABOUT NOTHING,2,1,DON PEDRO,"You have put him down, lady, you have put him down.",him,DON PEDRO,"You have put DON PEDRO down, lady, you have put him down.",male,7
MUCH ADO ABOUT NOTHING,2,1,DON PEDRO,"You have put him down, lady, you have put him down.",him,DON PEDRO,"You have put DON PEDRO down, lady, you have put DON PEDRO down.",male,7
MUCH ADO ABOUT NOTHING,2,1,BEATRICE,"So I would not he should do me, my lord, lest I should prove the mother of fools.",he,DON PEDRO,"So I would not DON PEDRO should do me, my lord, lest I should prove the mother of fools.",male,7
MUCH ADO ABOUT NOTHING,2,1,DON PEDRO,"I' faith, lady, I think your blazon to be true; though, I'll be sworn, if he be so, his conceit is false.",he,DON PEDRO,"I' faith, lady, I think your blazon to be true; though, I'll be sworn, if DON PEDRO be so, his conceit is false.",male,7
MUCH ADO ABOUT NOTHING,2,1,DON PEDRO,"I' faith, lady, I think your blazon to be true; though, I'll be sworn, if he be so, his conceit is false.",his,DON PEDRO,"I' faith, lady, I think your blazon to be true; though, I'll be sworn, if DON PEDRO be so, DON PEDRO conceit is false.",male,7
MUCH ADO ABOUT NOTHING,2,1,DON PEDRO,"Here, Claudio, I have wooed in thy name, and fair Hero is won; I have broke with her father, and, his good will obtained",her,Hero,"Here, Claudio, I have wooed in thy name, and fair Hero is won; I have broke with Hero father, and, his good will obtaine",female,7
MUCH ADO ABOUT NOTHING,2,1,DON PEDRO,"Here, Claudio, I have wooed in thy name, and fair Hero is won; I have broke with her father, and, his good will obtained",his,Claudio,"Here, Claudio, I have wooed in thy name, and fair Hero is won; I have broke with Hero father, and, Claudio good will obt",male,7
MUCH ADO ABOUT NOTHING,2,1,LEONATO,"Count, take of me my daughter, and with her my fortunes: his Grace hath made the match, and all grace say Amen to it!",her,Hero,"Count, take of me my daughter, and with Hero my fortunes: his Grace hath made the match, and all grace say Amen to it!",female,7
MUCH ADO ABOUT NOTHING,2,1,LEONATO,"Count, take of me my daughter, and with her my fortunes: his Grace hath made the match, and all grace say Amen to it!",his,LEONATO,"Count, take of me my daughter, and with Hero my fortunes: LEONATO Grace hath made the match, and all grace say Amen to i",male,7
MUCH ADO ABOUT NOTHING,2,1,LEONATO,"Count, take of me my daughter, and with her my fortunes: his Grace hath made the match, and all grace say Amen to it!",it,Grace,"Count, take of me my daughter, and with Hero my fortunes: LEONATO Grace hath made the match, and all grace say Amen to G",neutral,7
MUCH ADO ABOUT NOTHING,2,1,BEATRICE,"Speak, cousin; or, if you cannot, stop his mouth with a kiss, and let not him speak neither.",his,CLAUDIO,"Speak, cousin; or, if you cannot, stop CLAUDIO mouth with a kiss, and let not him speak neither.",male,7
MUCH ADO ABOUT NOTHING,2,1,BEATRICE,"Speak, cousin; or, if you cannot, stop his mouth with a kiss, and let not him speak neither.",him,CLAUDIO,"Speak, cousin; or, if you cannot, stop CLAUDIO mouth with a kiss, and let not CLAUDIO speak neither.",male,7
MUCH ADO ABOUT NOTHING,2,1,BEATRICE,"Yea, my lord; I thank it, poor fool, it keeps on the windy side of care.",it,BEATRICE,"Yea, my lord; I thank BEATRICE, poor fool, it keeps on the windy side of care.",female,7
MUCH ADO ABOUT NOTHING,2,1,BEATRICE,"Yea, my lord; I thank it, poor fool, it keeps on the windy side of care.",it,BEATRICE,"Yea, my lord; I thank BEATRICE, poor fool, BEATRICE keeps on the windy side of care.",female,7
MUCH ADO ABOUT NOTHING,2,1,BEATRICE,My cousin tells him in his ear that he is in her heart.,him,DON PEDRO,My cousin tells DON PEDRO in his ear that he is in her heart.,male,7
MUCH ADO ABOUT NOTHING,2,1,BEATRICE,My cousin tells him in his ear that he is in her heart.,his,DON PEDRO,My cousin tells DON PEDRO in DON PEDRO ear that he is in her heart.,male,7
MUCH ADO ABOUT NOTHING,2,1,BEATRICE,My cousin tells him in his ear that he is in her heart.,he,DON PEDRO,My cousin tells DON PEDRO in DON PEDRO ear that DON PEDRO is in her heart.,male,7
MUCH ADO ABOUT NOTHING,2,1,BEATRICE,My cousin tells him in his ear that he is in her heart.,her,BEATRICE,My cousin tells DON PEDRO in DON PEDRO ear that DON PEDRO is in BEATRICE heart.,female,7
MUCH ADO ABOUT NOTHING,2,1,CLAUDIO,"And so she doth, cousin.",she,BEATRICE,"And so BEATRICE doth, cousin.",female,7
MUCH ADO ABOUT NOTHING,2,1,BEATRICE,"Your father got excellent husbands, if a maid could come by them.",them,BEATRICE,"Your father got excellent husbands, if a maid could come by BEATRICE.",female,7
MUCH ADO ABOUT NOTHING,2,1,LEONATO,"There's little of the melancholy element in her, my lord: she is never sad but when she sleeps; and not ever sad then, f",her,BEATRICE,"There's little of the melancholy element in BEATRICE, my lord: she is never sad but when she sleeps; and not ever sad th",female,7
MUCH ADO ABOUT NOTHING,2,1,LEONATO,"There's little of the melancholy element in her, my lord: she is never sad but when she sleeps; and not ever sad then, f",she,BEATRICE,"There's little of the melancholy element in BEATRICE, my lord: BEATRICE is never sad but when she sleeps; and not ever s",female,7
MUCH ADO ABOUT NOTHING,2,1,LEONATO,"There's little of the melancholy element in her, my lord: she is never sad but when she sleeps; and not ever sad then, f",she,BEATRICE,"There's little of the melancholy element in BEATRICE, my lord: BEATRICE is never sad but when BEATRICE sleeps; and not e",female,7
MUCH ADO ABOUT NOTHING,2,1,LEONATO,"There's little of the melancholy element in her, my lord: she is never sad but when she sleeps; and not ever sad then, f",she,BEATRICE,"There's little of the melancholy element in BEATRICE, my lord: BEATRICE is never sad but when BEATRICE sleeps; and not e",female,7
MUCH ADO ABOUT NOTHING,2,1,LEONATO,"There's little of the melancholy element in her, my lord: she is never sad but when she sleeps; and not ever sad then, f",herself,BEATRICE,"There's little of the melancholy element in BEATRICE, my lord: BEATRICE is never sad but when BEATRICE sleeps; and not e",female,7
MUCH ADO ABOUT NOTHING,2,1,DON PEDRO,She cannot endure to hear tell of a husband.,She,BEATRICE,BEATRICE cannot endure to hear tell of a husband.,female,7
MUCH ADO ABOUT NOTHING,2,1,LEONATO,by no means: she mocks all her wooers out of suit.,she,BEATRICE,by no means: BEATRICE mocks all her wooers out of suit.,female,7
MUCH ADO ABOUT NOTHING,2,1,LEONATO,by no means: she mocks all her wooers out of suit.,her,BEATRICE,by no means: BEATRICE mocks all BEATRICE wooers out of suit.,female,7
MUCH ADO ABOUT NOTHING,2,1,DON PEDRO,She were an excellent wife for Benedick.,She,BEATRICE,BEATRICE were an excellent wife for Benedick.,female,7
MUCH ADO ABOUT NOTHING,2,1,LEONATO,"my lord, if they were but a week married, they would talk themselves mad.",they,LEONATO,"my lord, if LEONATO were but a week married, they would talk themselves mad.",male,7
MUCH ADO ABOUT NOTHING,2,1,LEONATO,"my lord, if they were but a week married, they would talk themselves mad.",they,LEONATO,"my lord, if LEONATO were but a week married, LEONATO would talk themselves mad.",male,7
MUCH ADO ABOUT NOTHING,2,1,LEONATO,"my lord, if they were but a week married, they would talk themselves mad.",themselves,LEONATO,"my lord, if LEONATO were but a week married, LEONATO would talk LEONATO mad.",male,7
MUCH ADO ABOUT NOTHING,2,1,CLAUDIO,Time goes on crutches till love have all his rites.,his,CLAUDIO,Time goes on crutches till love have all CLAUDIO rites.,male,7
MUCH ADO ABOUT NOTHING,2,1,DON PEDRO,"I would fain have it a match; and I doubt not but to fashion it, if you three will but minister such assistance as I sha",it,DON PEDRO,"I would fain have DON PEDRO a match; and I doubt not but to fashion it, if you three will but minister such assistance a",male,7
MUCH ADO ABOUT NOTHING,2,1,DON PEDRO,"I would fain have it a match; and I doubt not but to fashion it, if you three will but minister such assistance as I sha",it,DON PEDRO,"I would fain have DON PEDRO a match; and I doubt not but to fashion DON PEDRO, if you three will but minister such assis",male,7
MUCH ADO ABOUT NOTHING,2,1,LEONATO,"My lord, I am for you, though it cost me ten nights' watchings.",it,LEONATO,"My lord, I am for you, though LEONATO cost me ten nights' watchings.",male,7
MUCH ADO ABOUT NOTHING,2,1,DON PEDRO,"Thus far can I praise him; he is of a noble strain, of approved valour, and confirmed honesty.",him,DON PEDRO,"Thus far can I praise DON PEDRO; he is of a noble strain, of approved valour, and confirmed honesty.",male,7
MUCH ADO ABOUT NOTHING,2,1,DON PEDRO,"Thus far can I praise him; he is of a noble strain, of approved valour, and confirmed honesty.",he,DON PEDRO,"Thus far can I praise DON PEDRO; DON PEDRO is of a noble strain, of approved valour, and confirmed honesty.",male,7
MUCH ADO ABOUT NOTHING,2,1,DON PEDRO,"I will teach you how to humour your cousin, that she shall fall in love with Benedick; and I, with your two helps, will ",she,Beatrice,"I will teach you how to humour your cousin, that Beatrice shall fall in love with Benedick; and I, with your two helps, ",female,7
MUCH ADO ABOUT NOTHING,2,1,DON PEDRO,"I will teach you how to humour your cousin, that she shall fall in love with Benedick; and I, with your two helps, will ",his,Benedick,"I will teach you how to humour your cousin, that Beatrice shall fall in love with Benedick; and I, with your two helps, ",male,7
MUCH ADO ABOUT NOTHING,2,1,DON PEDRO,"I will teach you how to humour your cousin, that she shall fall in love with Benedick; and I, with your two helps, will ",his,Benedick,"I will teach you how to humour your cousin, that Beatrice shall fall in love with Benedick; and I, with your two helps, ",male,7
MUCH ADO ABOUT NOTHING,2,1,DON PEDRO,"I will teach you how to humour your cousin, that she shall fall in love with Benedick; and I, with your two helps, will ",he,Benedick,"I will teach you how to humour your cousin, that Beatrice shall fall in love with Benedick; and I, with your two helps, ",male,7
MUCH ADO ABOUT NOTHING,2,1,DON PEDRO,"If we can do this, Cupid is no longer an archer: his glory shall be ours, for we are the only love-gods.",his,DON PEDRO,"If we can do this, Cupid is no longer an archer: DON PEDRO glory shall be ours, for we are the only love-gods.",male,7
MUCH ADO ABOUT NOTHING,2,2,DON JOHN,It is so; the Count Claudio shall marry the daughter of Leonato.,It,Leonato,Leonato is so; the Count Claudio shall marry the daughter of Leonato.,male,3
MUCH ADO ABOUT NOTHING,2,2,BORACHIO,"Yea, my lord; but I can cross it.",it,BORACHIO,"Yea, my lord; but I can cross BORACHIO.",male,4
MUCH ADO ABOUT NOTHING,2,2,DON JOHN,"Any bar, any cross, any impediment will be medicinable to me: I am sick in displeasure to him, and whatsoever comes athw",him,DON JOHN,"Any bar, any cross, any impediment will be medicinable to me: I am sick in displeasure to DON JOHN, and whatsoever comes",male,5
MUCH ADO ABOUT NOTHING,2,2,DON JOHN,"Any bar, any cross, any impediment will be medicinable to me: I am sick in displeasure to him, and whatsoever comes athw",his,DON JOHN,"Any bar, any cross, any impediment will be medicinable to me: I am sick in displeasure to DON JOHN, and whatsoever comes",male,5
MUCH ADO ABOUT NOTHING,2,2,BORACHIO,"I can, at any unseasonable instant of the night, appoint her to look out at her lady's chamber window.",her,Hero,"I can, at any unseasonable instant of the night, appoint Hero to look out at her lady's chamber window.",female,7
MUCH ADO ABOUT NOTHING,2,2,BORACHIO,"I can, at any unseasonable instant of the night, appoint her to look out at her lady's chamber window.",her,Hero,"I can, at any unseasonable instant of the night, appoint Hero to look out at Hero lady's chamber window.",female,7
MUCH ADO ABOUT NOTHING,2,2,BORACHIO,"Go you to the Prince your brother; spare not to tell him, that he hath wronged his honour in marrying the renowned Claud",him,BORACHIO,"Go you to the Prince your brother; spare not to tell BORACHIO, that he hath wronged his honour in marrying the renowned ",male,7
MUCH ADO ABOUT NOTHING,2,2,BORACHIO,"Go you to the Prince your brother; spare not to tell him, that he hath wronged his honour in marrying the renowned Claud",he,BORACHIO,"Go you to the Prince your brother; spare not to tell BORACHIO, that BORACHIO hath wronged his honour in marrying the ren",male,7
MUCH ADO ABOUT NOTHING,2,2,BORACHIO,"Go you to the Prince your brother; spare not to tell him, that he hath wronged his honour in marrying the renowned Claud",his,BORACHIO,"Go you to the Prince your brother; spare not to tell BORACHIO, that BORACHIO hath wronged BORACHIO honour in marrying th",male,7
MUCH ADO ABOUT NOTHING,2,2,DON JOHN,"Only to despite them, I will endeavour anything.",them,DON JOHN,"Only to despite DON JOHN, I will endeavour anything.",male,7
MUCH ADO ABOUT NOTHING,2,2,BORACHIO,Go then; find me a meet hour to draw Don Pedro and the Count Claudio alone: tell them that you know that Hero loves me; ,them,Claudio,Go then; find me a meet hour to draw Don Pedro and the Count Claudio alone: tell Claudio that you know that Hero loves m,male,7
MUCH ADO ABOUT NOTHING,2,2,BORACHIO,Go then; find me a meet hour to draw Don Pedro and the Count Claudio alone: tell them that you know that Hero loves me; ,his,Claudio,Go then; find me a meet hour to draw Don Pedro and the Count Claudio alone: tell Claudio that you know that Hero loves m,male,7
MUCH ADO ABOUT NOTHING,2,2,BORACHIO,"They will scarcely believe this without trial: offer them instances, which shall bear no less likelihood than to see me ",They,Hero,"Hero will scarcely believe this without trial: offer them instances, which shall bear no less likelihood than to see me ",female,7
MUCH ADO ABOUT NOTHING,2,2,BORACHIO,"They will scarcely believe this without trial: offer them instances, which shall bear no less likelihood than to see me ",them,Hero,"Hero will scarcely believe this without trial: offer Hero instances, which shall bear no less likelihood than to see me ",female,7
MUCH ADO ABOUT NOTHING,2,2,BORACHIO,"They will scarcely believe this without trial: offer them instances, which shall bear no less likelihood than to see me ",her,Hero,"Hero will scarcely believe this without trial: offer Hero instances, which shall bear no less likelihood than to see me ",female,7
MUCH ADO ABOUT NOTHING,2,2,BORACHIO,"They will scarcely believe this without trial: offer them instances, which shall bear no less likelihood than to see me ",them,Hero,"Hero will scarcely believe this without trial: offer Hero instances, which shall bear no less likelihood than to see me ",female,7
MUCH ADO ABOUT NOTHING,2,2,DON JOHN,"Grow this to what adverse issue it can, I will put it in practice.",it,DON JOHN,"Grow this to what adverse issue DON JOHN can, I will put it in practice.",male,7
MUCH ADO ABOUT NOTHING,2,2,DON JOHN,"Grow this to what adverse issue it can, I will put it in practice.",it,DON JOHN,"Grow this to what adverse issue DON JOHN can, I will put DON JOHN in practice.",male,7
MUCH ADO ABOUT NOTHING,2,2,DON JOHN,I will presently go learn their day of marriage.,their,DON JOHN,I will presently go learn DON JOHN day of marriage.,male,7
MUCH ADO ABOUT NOTHING,2,3,BENEDICK,In my chamber window lies a book; bring it hither to me in the orchard.,it,BENEDICK,In my chamber window lies a book; bring BENEDICK hither to me in the orchard.,male,5
MUCH ADO ABOUT NOTHING,2,3,BENEDICK,"I do much wonder that one man, seeing how much another man is a fool when he dedicates his behaviours to love, will, aft",he,Claudio,"I do much wonder that one man, seeing how much another man is a fool when Claudio dedicates his behaviours to love, will",male,7
MUCH ADO ABOUT NOTHING,2,3,BENEDICK,"I do much wonder that one man, seeing how much another man is a fool when he dedicates his behaviours to love, will, aft",his,Claudio,"I do much wonder that one man, seeing how much another man is a fool when Claudio dedicates Claudio behaviours to love, ",male,7
MUCH ADO ABOUT NOTHING,2,3,BENEDICK,"I do much wonder that one man, seeing how much another man is a fool when he dedicates his behaviours to love, will, aft",he,Claudio,"I do much wonder that one man, seeing how much another man is a fool when Claudio dedicates Claudio behaviours to love, ",male,7
MUCH ADO ABOUT NOTHING,2,3,BENEDICK,"I do much wonder that one man, seeing how much another man is a fool when he dedicates his behaviours to love, will, aft",his,Claudio,"I do much wonder that one man, seeing how much another man is a fool when Claudio dedicates Claudio behaviours to love, ",male,7
MUCH ADO ABOUT NOTHING,2,3,BENEDICK,"I have known, when there was no music with him but the drum and the fife; and now had he rather hear the tabor and the p",him,BENEDICK,"I have known, when there was no music with BENEDICK but the drum and the fife; and now had he rather hear the tabor and ",male,7
MUCH ADO ABOUT NOTHING,2,3,BENEDICK,"I have known, when there was no music with him but the drum and the fife; and now had he rather hear the tabor and the p",he,BENEDICK,"I have known, when there was no music with BENEDICK but the drum and the fife; and now had BENEDICK rather hear the tabo",male,7
MUCH ADO ABOUT NOTHING,2,3,BENEDICK,"I have known, when there was no music with him but the drum and the fife; and now had he rather hear the tabor and the p",he,BENEDICK,"I have known, when there was no music with BENEDICK but the drum and the fife; and now had BENEDICK rather hear the tabo",male,7
MUCH ADO ABOUT NOTHING,2,3,BENEDICK,"I have known, when there was no music with him but the drum and the fife; and now had he rather hear the tabor and the p",he,BENEDICK,"I have known, when there was no music with BENEDICK but the drum and the fife; and now had BENEDICK rather hear the tabo",male,7
MUCH ADO ABOUT NOTHING,2,3,BENEDICK,"He was wont to speak plain and to the purpose, like an honest man and a soldier; and now is he turned orthography; his w",He,BENEDICK,"BENEDICK was wont to speak plain and to the purpose, like an honest man and a soldier; and now is he turned orthography;",male,7
MUCH ADO ABOUT NOTHING,2,3,BENEDICK,"He was wont to speak plain and to the purpose, like an honest man and a soldier; and now is he turned orthography; his w",he,BENEDICK,"BENEDICK was wont to speak plain and to the purpose, like an honest man and a soldier; and now is BENEDICK turned orthog",male,7
MUCH ADO ABOUT NOTHING,2,3,BENEDICK,"He was wont to speak plain and to the purpose, like an honest man and a soldier; and now is he turned orthography; his w",his,BENEDICK,"BENEDICK was wont to speak plain and to the purpose, like an honest man and a soldier; and now is BENEDICK turned orthog",male,7
MUCH ADO ABOUT NOTHING,2,3,BENEDICK,"I cannot tell; I think not: I will not be sworn but love may transform me to an oyster; but I'll take my oath on it, til",it,BENEDICK,I cannot tell; I think not: I will not be sworn but love may transform me to an oyster; but I'll take my oath on BENEDIC,male,7
MUCH ADO ABOUT NOTHING,2,3,BENEDICK,"I cannot tell; I think not: I will not be sworn but love may transform me to an oyster; but I'll take my oath on it, til",he,BENEDICK,I cannot tell; I think not: I will not be sworn but love may transform me to an oyster; but I'll take my oath on BENEDIC,male,7
MUCH ADO ABOUT NOTHING,2,3,BENEDICK,"I cannot tell; I think not: I will not be sworn but love may transform me to an oyster; but I'll take my oath on it, til",he,BENEDICK,I cannot tell; I think not: I will not be sworn but love may transform me to an oyster; but I'll take my oath on BENEDIC,male,7
MUCH ADO ABOUT NOTHING,2,3,BENEDICK,"Rich she shall be, that's certain; wise, or I'll none; virtuous, or I'll never cheapen her; fair, or I'll never look on ",she,BENEDICK,"Rich BENEDICK shall be, that's certain; wise, or I'll none; virtuous, or I'll never cheapen her; fair, or I'll never loo",male,7
MUCH ADO ABOUT NOTHING,2,3,BENEDICK,"Rich she shall be, that's certain; wise, or I'll none; virtuous, or I'll never cheapen her; fair, or I'll never look on ",her,BENEDICK,"Rich BENEDICK shall be, that's certain; wise, or I'll none; virtuous, or I'll never cheapen BENEDICK; fair, or I'll neve",male,7
MUCH ADO ABOUT NOTHING,2,3,BENEDICK,"Rich she shall be, that's certain; wise, or I'll none; virtuous, or I'll never cheapen her; fair, or I'll never look on ",her,BENEDICK,"Rich BENEDICK shall be, that's certain; wise, or I'll none; virtuous, or I'll never cheapen BENEDICK; fair, or I'll neve",male,7
MUCH ADO ABOUT NOTHING,2,3,BENEDICK,"Rich she shall be, that's certain; wise, or I'll none; virtuous, or I'll never cheapen her; fair, or I'll never look on ",her,BENEDICK,"Rich BENEDICK shall be, that's certain; wise, or I'll none; virtuous, or I'll never cheapen BENEDICK; fair, or I'll neve",male,7
MUCH ADO ABOUT NOTHING,2,3,BENEDICK,"Rich she shall be, that's certain; wise, or I'll none; virtuous, or I'll never cheapen her; fair, or I'll never look on ",it,BENEDICK,"Rich BENEDICK shall be, that's certain; wise, or I'll none; virtuous, or I'll never cheapen BENEDICK; fair, or I'll neve",male,7
MUCH ADO ABOUT NOTHING,2,3,DON PEDRO,See you where Benedick hath hid himself?,himself,Benedick,See you where Benedick hath hid Benedick?,male,7
MUCH ADO ABOUT NOTHING,2,3,DON PEDRO,"It is the witness still of excellency, To put a strange face on his own perfection.",It,DON PEDRO,"DON PEDRO is the witness still of excellency, To put a strange face on his own perfection.",male,7
MUCH ADO ABOUT NOTHING,2,3,DON PEDRO,"It is the witness still of excellency, To put a strange face on his own perfection.",his,DON PEDRO,"DON PEDRO is the witness still of excellency, To put a strange face on DON PEDRO own perfection.",male,7
MUCH ADO ABOUT NOTHING,2,3,BALTHASAR,"Because you talk of wooing, I will sing; Since many a wooer doth commence his suit To her he thinks not worthy; yet he w",his,BALTHASAR,"Because you talk of wooing, I will sing; Since many a wooer doth commence BALTHASAR suit To her he thinks not worthy; ye",male,7
MUCH ADO ABOUT NOTHING,2,3,BALTHASAR,"Because you talk of wooing, I will sing; Since many a wooer doth commence his suit To her he thinks not worthy; yet he w",her,BALTHASAR,"Because you talk of wooing, I will sing; Since many a wooer doth commence BALTHASAR suit To BALTHASAR he thinks not wort",male,7
MUCH ADO ABOUT NOTHING,2,3,BALTHASAR,"Because you talk of wooing, I will sing; Since many a wooer doth commence his suit To her he thinks not worthy; yet he w",he,BALTHASAR,"Because you talk of wooing, I will sing; Since many a wooer doth commence BALTHASAR suit To BALTHASAR BALTHASAR thinks n",male,7
MUCH ADO ABOUT NOTHING,2,3,BALTHASAR,"Because you talk of wooing, I will sing; Since many a wooer doth commence his suit To her he thinks not worthy; yet he w",he,BALTHASAR,"Because you talk of wooing, I will sing; Since many a wooer doth commence BALTHASAR suit To BALTHASAR BALTHASAR thinks n",male,7
MUCH ADO ABOUT NOTHING,2,3,BALTHASAR,"Because you talk of wooing, I will sing; Since many a wooer doth commence his suit To her he thinks not worthy; yet he w",he,BALTHASAR,"Because you talk of wooing, I will sing; Since many a wooer doth commence BALTHASAR suit To BALTHASAR BALTHASAR thinks n",male,7
MUCH ADO ABOUT NOTHING,2,3,BALTHASAR,"Because you talk of wooing, I will sing; Since many a wooer doth commence his suit To her he thinks not worthy; yet he w",he,BALTHASAR,"Because you talk of wooing, I will sing; Since many a wooer doth commence BALTHASAR suit To BALTHASAR BALTHASAR thinks n",male,7
MUCH ADO ABOUT NOTHING,2,3,DON PEDRO,"Nay, pray thee come; Or if thou wilt hold longer argument, Do it in notes.",it,DON PEDRO,"Nay, pray thee come; Or if thou wilt hold longer argument, Do DON PEDRO in notes.",male,7
MUCH ADO ABOUT NOTHING,2,3,DON PEDRO,"Why these are very crotchets that he speaks; Notes, notes, forsooth, and nothing!",he,DON PEDRO,"Why these are very crotchets that DON PEDRO speaks; Notes, notes, forsooth, and nothing!",male,7
MUCH ADO ABOUT NOTHING,2,3,BENEDICK,now is his soul ravished!,his,BENEDICK,now is BENEDICK soul ravished!,male,7
MUCH ADO ABOUT NOTHING,2,3,BENEDICK,Is it not strange that sheep's guts should hale souls out of men's bodies?,it,BENEDICK,Is BENEDICK not strange that sheep's guts should hale souls out of men's bodies?,male,7
MUCH ADO ABOUT NOTHING,2,3,BENEDICK,"Then sigh not so, but let them go, And be you blithe and bonny, Converting all your sounds of woe Into Hey nonny, nonny.",them,BENEDICK,"Then sigh not so, but let BENEDICK go, And be you blithe and bonny, Converting all your sounds of woe Into Hey nonny, no",male,7
MUCH ADO ABOUT NOTHING,2,3,BENEDICK,"Then sigh not so, but let them go, And be you blithe and bonny, Converting all your sounds of woe Into Hey nonny, nonny.",them,BENEDICK,"Then sigh not so, but let BENEDICK go, And be you blithe and bonny, Converting all your sounds of woe Into Hey nonny, no",male,7
MUCH ADO ABOUT NOTHING,2,3,BENEDICK,"Aside And he had been a dog that should have howled thus, they would have hanged him; and I pray God his bad voice bode ",he,BENEDICK,"Aside And BENEDICK had been a dog that should have howled thus, they would have hanged him; and I pray God his bad voice",male,7
MUCH ADO ABOUT NOTHING,2,3,BENEDICK,"Aside And he had been a dog that should have howled thus, they would have hanged him; and I pray God his bad voice bode ",they,BENEDICK,"Aside And BENEDICK had been a dog that should have howled thus, BENEDICK would have hanged him; and I pray God his bad v",male,7
MUCH ADO ABOUT NOTHING,2,3,BENEDICK,"Aside And he had been a dog that should have howled thus, they would have hanged him; and I pray God his bad voice bode ",him,BENEDICK,"Aside And BENEDICK had been a dog that should have howled thus, BENEDICK would have hanged BENEDICK; and I pray God his ",male,7
MUCH ADO ABOUT NOTHING,2,3,BENEDICK,"Aside And he had been a dog that should have howled thus, they would have hanged him; and I pray God his bad voice bode ",his,BENEDICK,"Aside And BENEDICK had been a dog that should have howled thus, BENEDICK would have hanged BENEDICK; and I pray God BENE",male,7
MUCH ADO ABOUT NOTHING,2,3,BENEDICK,"I had as lief have heard the night-raven, come what plague could have come after it.",it,BENEDICK,"I had as lief have heard the night-raven, come what plague could have come after BENEDICK.",male,7
MUCH ADO ABOUT NOTHING,2,3,DON PEDRO,"I pray thee, get us some excellent music, for tomorrow night we would have it at the Lady Hero's chamber window.",it,Lady Hero,"I pray thee, get us some excellent music, for tomorrow night we would have Lady Hero at the Lady Hero's chamber window.",female,7
MUCH ADO ABOUT NOTHING,2,3,DON PEDRO,"Come hither, Leonato: what was it you told me of today, that your niece Beatrice was in love with Signior Benedick?",it,Benedick,"Come hither, Leonato: what was Benedick you told me of today, that your niece Beatrice was in love with Signior Benedick",male,7
MUCH ADO ABOUT NOTHING,2,3,LEONATO,"No, nor I neither; but most wonderful that she should so dote on Signior Benedick, whom she hath in all outward behaviou",she,Beatrice,"No, nor I neither; but most wonderful that Beatrice should so dote on Signior Benedick, whom she hath in all outward beh",female,7
MUCH ADO ABOUT NOTHING,2,3,LEONATO,"No, nor I neither; but most wonderful that she should so dote on Signior Benedick, whom she hath in all outward behaviou",she,Beatrice,"No, nor I neither; but most wonderful that Beatrice should so dote on Signior Benedick, whom Beatrice hath in all outwar",female,7
MUCH ADO ABOUT NOTHING,2,3,LEONATO,"By my troth, my lord, I cannot tell what to think of it but that she loves him with an enraged affection: it is past the",it,LEONATO,"By my troth, my lord, I cannot tell what to think of LEONATO but that she loves him with an enraged affection: it is pas",male,7
MUCH ADO ABOUT NOTHING,2,3,LEONATO,"By my troth, my lord, I cannot tell what to think of it but that she loves him with an enraged affection: it is past the",she,Beatrice,"By my troth, my lord, I cannot tell what to think of LEONATO but that Beatrice loves him with an enraged affection: it i",female,7
MUCH ADO ABOUT NOTHING,2,3,LEONATO,"By my troth, my lord, I cannot tell what to think of it but that she loves him with an enraged affection: it is past the",him,LEONATO,"By my troth, my lord, I cannot tell what to think of LEONATO but that Beatrice loves LEONATO with an enraged affection: ",male,7
MUCH ADO ABOUT NOTHING,2,3,LEONATO,"By my troth, my lord, I cannot tell what to think of it but that she loves him with an enraged affection: it is past the",it,LEONATO,"By my troth, my lord, I cannot tell what to think of LEONATO but that Beatrice loves LEONATO with an enraged affection: ",male,7
MUCH ADO ABOUT NOTHING,2,3,DON PEDRO,Maybe she doth but counterfeit.,she,Beatrice,Maybe Beatrice doth but counterfeit.,female,7
MUCH ADO ABOUT NOTHING,2,3,LEONATO,There was never counterfeit of passion came so near the life of passion as she discovers it.,she,Beatrice,There was never counterfeit of passion came so near the life of passion as Beatrice discovers it.,female,7
MUCH ADO ABOUT NOTHING,2,3,LEONATO,There was never counterfeit of passion came so near the life of passion as she discovers it.,it,LEONATO,There was never counterfeit of passion came so near the life of passion as Beatrice discovers LEONATO.,male,7
MUCH ADO ABOUT NOTHING,2,3,DON PEDRO,"Why, what effects of passion shows she?",she,Beatrice,"Why, what effects of passion shows Beatrice?",female,7
MUCH ADO ABOUT NOTHING,2,3,LEONATO,She will sit you; To Claudio You heard my daughter tell you how.,She,Beatrice,Beatrice will sit you; To Claudio You heard my daughter tell you how.,female,7
MUCH ADO ABOUT NOTHING,2,3,CLAUDIO,"She did, indeed.",She,CLAUDIO,"CLAUDIO did, indeed.",male,7
MUCH ADO ABOUT NOTHING,2,3,DON PEDRO,You amaze me: I would have thought her spirit had been invincible against all assaults of affection.,her,DON PEDRO,You amaze me: I would have thought DON PEDRO spirit had been invincible against all assaults of affection.,male,7
MUCH ADO ABOUT NOTHING,2,3,LEONATO,"I would have sworn it had, my lord; especially against Benedick.",it,Benedick,"I would have sworn Benedick had, my lord; especially against Benedick.",male,7
MUCH ADO ABOUT NOTHING,2,3,BENEDICK,"Aside I should think this a gull, but that the white-bearded fellow speaks it: knavery cannot, sure, hide itself in such",it,BENEDICK,"Aside I should think this a gull, but that the white-bearded fellow speaks BENEDICK: knavery cannot, sure, hide itself i",male,7
MUCH ADO ABOUT NOTHING,2,3,CLAUDIO,Aside He hath ta'en the infection: hold it up.,He,CLAUDIO,Aside CLAUDIO hath ta'en the infection: hold it up.,male,7
MUCH ADO ABOUT NOTHING,2,3,CLAUDIO,Aside He hath ta'en the infection: hold it up.,it,CLAUDIO,Aside CLAUDIO hath ta'en the infection: hold CLAUDIO up.,male,7
MUCH ADO ABOUT NOTHING,2,3,DON PEDRO,Hath she made her affection known to Benedick?,she,Benedick,Hath Benedick made her affection known to Benedick?,male,7
MUCH ADO ABOUT NOTHING,2,3,DON PEDRO,Hath she made her affection known to Benedick?,her,Benedick,Hath Benedick made Benedick affection known to Benedick?,male,7
MUCH ADO ABOUT NOTHING,2,3,LEONATO,No; and swears she never will: that's her torment.,she,LEONATO,No; and swears LEONATO never will: that's her torment.,male,7
MUCH ADO ABOUT NOTHING,2,3,LEONATO,No; and swears she never will: that's her torment.,her,LEONATO,No; and swears LEONATO never will: that's LEONATO torment.,male,7
MUCH ADO ABOUT NOTHING,2,3,CLAUDIO,"'Tis true, indeed; so your daughter says: 'Shall I,' says she, 'that have so oft encountered him with scorn, write to hi",she,CLAUDIO,"'Tis true, indeed; so your daughter says: 'Shall I,' says CLAUDIO, 'that have so oft encountered him with scorn, write t",male,7
MUCH ADO ABOUT NOTHING,2,3,CLAUDIO,"'Tis true, indeed; so your daughter says: 'Shall I,' says she, 'that have so oft encountered him with scorn, write to hi",him,CLAUDIO,"'Tis true, indeed; so your daughter says: 'Shall I,' says CLAUDIO, 'that have so oft encountered CLAUDIO with scorn, wri",male,7
MUCH ADO ABOUT NOTHING,2,3,CLAUDIO,"'Tis true, indeed; so your daughter says: 'Shall I,' says she, 'that have so oft encountered him with scorn, write to hi",him,CLAUDIO,"'Tis true, indeed; so your daughter says: 'Shall I,' says CLAUDIO, 'that have so oft encountered CLAUDIO with scorn, wri",male,7
MUCH ADO ABOUT NOTHING,2,3,CLAUDIO,"'Tis true, indeed; so your daughter says: 'Shall I,' says she, 'that have so oft encountered him with scorn, write to hi",him,CLAUDIO,"'Tis true, indeed; so your daughter says: 'Shall I,' says CLAUDIO, 'that have so oft encountered CLAUDIO with scorn, wri",male,7
MUCH ADO ABOUT NOTHING,2,3,LEONATO,"This says she now when she is beginning to write to him; for she'll be up twenty times a night, and there will she sit i",she,LEONATO,"This says LEONATO now when she is beginning to write to him; for she'll be up twenty times a night, and there will she s",male,7
MUCH ADO ABOUT NOTHING,2,3,LEONATO,"This says she now when she is beginning to write to him; for she'll be up twenty times a night, and there will she sit i",she,LEONATO,"This says LEONATO now when LEONATO is beginning to write to him; for she'll be up twenty times a night, and there will s",male,7
MUCH ADO ABOUT NOTHING,2,3,LEONATO,"This says she now when she is beginning to write to him; for she'll be up twenty times a night, and there will she sit i",him,LEONATO,"This says LEONATO now when LEONATO is beginning to write to LEONATO; for she'll be up twenty times a night, and there wi",male,7
MUCH ADO ABOUT NOTHING,2,3,LEONATO,"This says she now when she is beginning to write to him; for she'll be up twenty times a night, and there will she sit i",she,LEONATO,"This says LEONATO now when LEONATO is beginning to write to LEONATO; for LEONATO'll be up twenty times a night, and ther",male,7
MUCH ADO ABOUT NOTHING,2,3,LEONATO,"This says she now when she is beginning to write to him; for she'll be up twenty times a night, and there will she sit i",she,LEONATO,"This says LEONATO now when LEONATO is beginning to write to LEONATO; for LEONATO'll be up twenty times a night, and ther",male,7
MUCH ADO ABOUT NOTHING,2,3,LEONATO,"This says she now when she is beginning to write to him; for she'll be up twenty times a night, and there will she sit i",her,LEONATO,"This says LEONATO now when LEONATO is beginning to write to LEONATO; for LEONATO'll be up twenty times a night, and ther",male,7
MUCH ADO ABOUT NOTHING,2,3,LEONATO,"This says she now when she is beginning to write to him; for she'll be up twenty times a night, and there will she sit i",she,LEONATO,"This says LEONATO now when LEONATO is beginning to write to LEONATO; for LEONATO'll be up twenty times a night, and ther",male,7
MUCH ADO ABOUT NOTHING,2,3,LEONATO,"when she had writ it, and was reading it over, she found Benedick and Beatrice between the sheet?",she,Beatrice,"when Beatrice had writ it, and was reading it over, she found Benedick and Beatrice between the sheet?",female,7
MUCH ADO ABOUT NOTHING,2,3,LEONATO,"when she had writ it, and was reading it over, she found Benedick and Beatrice between the sheet?",it,Beatrice,"when Beatrice had writ Beatrice, and was reading it over, she found Benedick and Beatrice between the sheet?",female,7
MUCH ADO ABOUT NOTHING,2,3,LEONATO,"when she had writ it, and was reading it over, she found Benedick and Beatrice between the sheet?",it,Beatrice,"when Beatrice had writ Beatrice, and was reading Beatrice over, she found Benedick and Beatrice between the sheet?",female,7
MUCH ADO ABOUT NOTHING,2,3,LEONATO,"when she had writ it, and was reading it over, she found Benedick and Beatrice between the sheet?",she,Beatrice,"when Beatrice had writ Beatrice, and was reading Beatrice over, Beatrice found Benedick and Beatrice between the sheet?",female,7
MUCH ADO ABOUT NOTHING,2,3,LEONATO,"she tore the letter into a thousand halfpence; railed at herself, that she should be so immodest to write to one that sh",she,Beatrice,"Beatrice tore the letter into a thousand halfpence; railed at herself, that she should be so immodest to write to one th",female,7
MUCH ADO ABOUT NOTHING,2,3,LEONATO,"she tore the letter into a thousand halfpence; railed at herself, that she should be so immodest to write to one that sh",herself,Beatrice,"Beatrice tore the letter into a thousand halfpence; railed at Beatrice, that she should be so immodest to write to one t",female,7
MUCH ADO ABOUT NOTHING,2,3,LEONATO,"she tore the letter into a thousand halfpence; railed at herself, that she should be so immodest to write to one that sh",she,Beatrice,"Beatrice tore the letter into a thousand halfpence; railed at Beatrice, that Beatrice should be so immodest to write to ",female,7
MUCH ADO ABOUT NOTHING,2,3,LEONATO,"she tore the letter into a thousand halfpence; railed at herself, that she should be so immodest to write to one that sh",she,Beatrice,"Beatrice tore the letter into a thousand halfpence; railed at Beatrice, that Beatrice should be so immodest to write to ",female,7
MUCH ADO ABOUT NOTHING,2,3,LEONATO,"she tore the letter into a thousand halfpence; railed at herself, that she should be so immodest to write to one that sh",her,Beatrice,"Beatrice tore the letter into a thousand halfpence; railed at Beatrice, that Beatrice should be so immodest to write to ",female,7
MUCH ADO ABOUT NOTHING,2,3,LEONATO,"she tore the letter into a thousand halfpence; railed at herself, that she should be so immodest to write to one that sh",him,LEONATO,"Beatrice tore the letter into a thousand halfpence; railed at Beatrice, that Beatrice should be so immodest to write to ",male,7
MUCH ADO ABOUT NOTHING,2,3,LEONATO,"she tore the letter into a thousand halfpence; railed at herself, that she should be so immodest to write to one that sh",she,Beatrice,"Beatrice tore the letter into a thousand halfpence; railed at Beatrice, that Beatrice should be so immodest to write to ",female,7
MUCH ADO ABOUT NOTHING,2,3,LEONATO,"she tore the letter into a thousand halfpence; railed at herself, that she should be so immodest to write to one that sh",him,LEONATO,"Beatrice tore the letter into a thousand halfpence; railed at Beatrice, that Beatrice should be so immodest to write to ",male,7
MUCH ADO ABOUT NOTHING,2,3,LEONATO,"she tore the letter into a thousand halfpence; railed at herself, that she should be so immodest to write to one that sh",he,LEONATO,"Beatrice tore the letter into a thousand halfpence; railed at Beatrice, that Beatrice should be so immodest to write to ",male,7
MUCH ADO ABOUT NOTHING,2,3,LEONATO,"she tore the letter into a thousand halfpence; railed at herself, that she should be so immodest to write to one that sh",him,LEONATO,"Beatrice tore the letter into a thousand halfpence; railed at Beatrice, that Beatrice should be so immodest to write to ",male,7
MUCH ADO ABOUT NOTHING,2,3,CLAUDIO,"Then down upon her knees she falls, weeps, sobs, beats her heart, tears her hair, prays, curses; 'O sweet Benedick!",her,Beatrice,"Then down upon Beatrice knees she falls, weeps, sobs, beats her heart, tears her hair, prays, curses; 'O sweet Benedick!",female,7
MUCH ADO ABOUT NOTHING,2,3,CLAUDIO,"Then down upon her knees she falls, weeps, sobs, beats her heart, tears her hair, prays, curses; 'O sweet Benedick!",she,Beatrice,"Then down upon Beatrice knees Beatrice falls, weeps, sobs, beats her heart, tears her hair, prays, curses; 'O sweet Bene",female,7
MUCH ADO ABOUT NOTHING,2,3,CLAUDIO,"Then down upon her knees she falls, weeps, sobs, beats her heart, tears her hair, prays, curses; 'O sweet Benedick!",her,Beatrice,"Then down upon Beatrice knees Beatrice falls, weeps, sobs, beats Beatrice heart, tears her hair, prays, curses; 'O sweet",female,7
MUCH ADO ABOUT NOTHING,2,3,CLAUDIO,"Then down upon her knees she falls, weeps, sobs, beats her heart, tears her hair, prays, curses; 'O sweet Benedick!",her,Beatrice,"Then down upon Beatrice knees Beatrice falls, weeps, sobs, beats Beatrice heart, tears Beatrice hair, prays, curses; 'O ",female,7
MUCH ADO ABOUT NOTHING,2,3,LEONATO,"She doth indeed; my daughter says so; and the ecstasy hath so much overborne her, that my daughter is sometimes afeard s",She,Beatrice,"Beatrice doth indeed; my daughter says so; and the ecstasy hath so much overborne her, that my daughter is sometimes afe",female,7
MUCH ADO ABOUT NOTHING,2,3,LEONATO,"She doth indeed; my daughter says so; and the ecstasy hath so much overborne her, that my daughter is sometimes afeard s",her,Beatrice,"Beatrice doth indeed; my daughter says so; and the ecstasy hath so much overborne Beatrice, that my daughter is sometime",female,7
MUCH ADO ABOUT NOTHING,2,3,LEONATO,"She doth indeed; my daughter says so; and the ecstasy hath so much overborne her, that my daughter is sometimes afeard s",she,Beatrice,"Beatrice doth indeed; my daughter says so; and the ecstasy hath so much overborne Beatrice, that my daughter is sometime",female,7
MUCH ADO ABOUT NOTHING,2,3,LEONATO,"She doth indeed; my daughter says so; and the ecstasy hath so much overborne her, that my daughter is sometimes afeard s",herself,Beatrice,"Beatrice doth indeed; my daughter says so; and the ecstasy hath so much overborne Beatrice, that my daughter is sometime",female,7
MUCH ADO ABOUT NOTHING,2,3,LEONATO,It is very true.,It,LEONATO,LEONATO is very true.,male,7
MUCH ADO ABOUT NOTHING,2,3,DON PEDRO,"It were good that Benedick knew of it by some other, if she will not discover it.",It,Benedick,"Benedick were good that Benedick knew of it by some other, if she will not discover it.",male,7
MUCH ADO ABOUT NOTHING,2,3,DON PEDRO,"It were good that Benedick knew of it by some other, if she will not discover it.",it,Benedick,"Benedick were good that Benedick knew of Benedick by some other, if she will not discover it.",male,7
MUCH ADO ABOUT NOTHING,2,3,DON PEDRO,"It were good that Benedick knew of it by some other, if she will not discover it.",she,Beatrice,"Benedick were good that Benedick knew of Benedick by some other, if Beatrice will not discover it.",female,7
MUCH ADO ABOUT NOTHING,2,3,DON PEDRO,"It were good that Benedick knew of it by some other, if she will not discover it.",it,Benedick,"Benedick were good that Benedick knew of Benedick by some other, if Beatrice will not discover Benedick.",male,7
MUCH ADO ABOUT NOTHING,2,3,CLAUDIO,he would make but a sport of it and torment the poor lady worse.,he,CLAUDIO,CLAUDIO would make but a sport of it and torment the poor lady worse.,male,7
MUCH ADO ABOUT NOTHING,2,3,CLAUDIO,he would make but a sport of it and torment the poor lady worse.,it,CLAUDIO,CLAUDIO would make but a sport of CLAUDIO and torment the poor lady worse.,male,7
MUCH ADO ABOUT NOTHING,2,3,DON PEDRO,"And he should, it were an alms to hang him.",he,DON PEDRO,"And DON PEDRO should, it were an alms to hang him.",male,7
MUCH ADO ABOUT NOTHING,2,3,DON PEDRO,"And he should, it were an alms to hang him.",it,DON PEDRO,"And DON PEDRO should, DON PEDRO were an alms to hang him.",male,7
MUCH ADO ABOUT NOTHING,2,3,DON PEDRO,"And he should, it were an alms to hang him.",him,DON PEDRO,"And DON PEDRO should, DON PEDRO were an alms to hang DON PEDRO.",male,7
MUCH ADO ABOUT NOTHING,2,3,DON PEDRO,"She's an excellent sweet lady, and, out of all suspicion, she is virtuous.",She,Beatrice,"Beatrice's an excellent sweet lady, and, out of all suspicion, she is virtuous.",female,7
MUCH ADO ABOUT NOTHING,2,3,DON PEDRO,"She's an excellent sweet lady, and, out of all suspicion, she is virtuous.",she,Beatrice,"Beatrice's an excellent sweet lady, and, out of all suspicion, Beatrice is virtuous.",female,7
MUCH ADO ABOUT NOTHING,2,3,CLAUDIO,And she is exceeding wise.,she,Beatrice,And Beatrice is exceeding wise.,female,7
MUCH ADO ABOUT NOTHING,2,3,LEONATO,"I am sorry for her, as I have just cause, being her uncle and her guardian.",her,Beatrice,"I am sorry for Beatrice, as I have just cause, being her uncle and her guardian.",female,7
MUCH ADO ABOUT NOTHING,2,3,LEONATO,"I am sorry for her, as I have just cause, being her uncle and her guardian.",her,Beatrice,"I am sorry for Beatrice, as I have just cause, being Beatrice uncle and her guardian.",female,7
MUCH ADO ABOUT NOTHING,2,3,LEONATO,"I am sorry for her, as I have just cause, being her uncle and her guardian.",her,Beatrice,"I am sorry for Beatrice, as I have just cause, being Beatrice uncle and Beatrice guardian.",female,7
MUCH ADO ABOUT NOTHING,2,3,DON PEDRO,I would she had bestowed this dotage on me; I would have daffed all other respects and made her half myself.,she,DON PEDRO,I would DON PEDRO had bestowed this dotage on me; I would have daffed all other respects and made her half myself.,male,7
MUCH ADO ABOUT NOTHING,2,3,DON PEDRO,I would she had bestowed this dotage on me; I would have daffed all other respects and made her half myself.,her,DON PEDRO,I would DON PEDRO had bestowed this dotage on me; I would have daffed all other respects and made DON PEDRO half myself.,male,7
MUCH ADO ABOUT NOTHING,2,3,DON PEDRO,"I pray you, tell Benedick of it, and hear what he will say.",it,Benedick,"I pray you, tell Benedick of Benedick, and hear what he will say.",male,7
MUCH ADO ABOUT NOTHING,2,3,DON PEDRO,"I pray you, tell Benedick of it, and hear what he will say.",he,Benedick,"I pray you, tell Benedick of Benedick, and hear what Benedick will say.",male,7
MUCH ADO ABOUT NOTHING,2,3,LEONATO,"Were it good, think you?",it,LEONATO,"Were LEONATO good, think you?",male,7
MUCH ADO ABOUT NOTHING,2,3,CLAUDIO,"Hero thinks surely she will die; for she says she will die if he love her not, and she will die ere",she,Hero,"Hero thinks surely Hero will die; for she says she will die if he love her not, and she will die ere",female,7
MUCH ADO ABOUT NOTHING,2,3,CLAUDIO,"Hero thinks surely she will die; for she says she will die if he love her not, and she will die ere",she,Hero,"Hero thinks surely Hero will die; for Hero says she will die if he love her not, and she will die ere",female,7
MUCH ADO ABOUT NOTHING,2,3,CLAUDIO,"Hero thinks surely she will die; for she says she will die if he love her not, and she will die ere",she,Hero,"Hero thinks surely Hero will die; for Hero says Hero will die if he love her not, and she will die ere",female,7
MUCH ADO ABOUT NOTHING,2,3,CLAUDIO,"Hero thinks surely she will die; for she says she will die if he love her not, and she will die ere",he,CLAUDIO,"Hero thinks surely Hero will die; for Hero says Hero will die if CLAUDIO love her not, and she will die ere",male,7
MUCH ADO ABOUT NOTHING,2,3,CLAUDIO,"Hero thinks surely she will die; for she says she will die if he love her not, and she will die ere",her,Hero,"Hero thinks surely Hero will die; for Hero says Hero will die if CLAUDIO love Hero not, and she will die ere",female,7
MUCH ADO ABOUT NOTHING,2,3,CLAUDIO,"Hero thinks surely she will die; for she says she will die if he love her not, and she will die ere",she,Hero,"Hero thinks surely Hero will die; for Hero says Hero will die if CLAUDIO love Hero not, and Hero will die ere",female,7
MUCH ADO ABOUT NOTHING,2,3,CLAUDIO,"she make her love known, and she will die if he woo her, rather than she will bate one breath of her accustomed crossnes",she,Hero,"Hero make her love known, and she will die if he woo her, rather than she will bate one breath of her accustomed crossne",female,7
MUCH ADO ABOUT NOTHING,2,3,CLAUDIO,"she make her love known, and she will die if he woo her, rather than she will bate one breath of her accustomed crossnes",her,Hero,"Hero make Hero love known, and she will die if he woo her, rather than she will bate one breath of her accustomed crossn",female,7
MUCH ADO ABOUT NOTHING,2,3,CLAUDIO,"she make her love known, and she will die if he woo her, rather than she will bate one breath of her accustomed crossnes",she,Hero,"Hero make Hero love known, and Hero will die if he woo her, rather than she will bate one breath of her accustomed cross",female,7
MUCH ADO ABOUT NOTHING,2,3,CLAUDIO,"she make her love known, and she will die if he woo her, rather than she will bate one breath of her accustomed crossnes",he,CLAUDIO,"Hero make Hero love known, and Hero will die if CLAUDIO woo her, rather than she will bate one breath of her accustomed ",male,7
MUCH ADO ABOUT NOTHING,2,3,CLAUDIO,"she make her love known, and she will die if he woo her, rather than she will bate one breath of her accustomed crossnes",her,Hero,"Hero make Hero love known, and Hero will die if CLAUDIO woo Hero, rather than she will bate one breath of her accustomed",female,7
MUCH ADO ABOUT NOTHING,2,3,CLAUDIO,"she make her love known, and she will die if he woo her, rather than she will bate one breath of her accustomed crossnes",she,Hero,"Hero make Hero love known, and Hero will die if CLAUDIO woo Hero, rather than Hero will bate one breath of her accustome",female,7
MUCH ADO ABOUT NOTHING,2,3,CLAUDIO,"she make her love known, and she will die if he woo her, rather than she will bate one breath of her accustomed crossnes",her,Hero,"Hero make Hero love known, and Hero will die if CLAUDIO woo Hero, rather than Hero will bate one breath of Hero accustom",female,7
MUCH ADO ABOUT NOTHING,2,3,DON PEDRO,"She doth well: if she should make tender of her love, 'tis very possible he'll scorn it; for the man,—as",She,Hero,"Hero doth well: if she should make tender of her love, 'tis very possible he'll scorn it; for the man,—as",female,7
MUCH ADO ABOUT NOTHING,2,3,DON PEDRO,"She doth well: if she should make tender of her love, 'tis very possible he'll scorn it; for the man,—as",she,Hero,"Hero doth well: if Hero should make tender of her love, 'tis very possible he'll scorn it; for the man,—as",female,7
MUCH ADO ABOUT NOTHING,2,3,DON PEDRO,"She doth well: if she should make tender of her love, 'tis very possible he'll scorn it; for the man,—as",her,Hero,"Hero doth well: if Hero should make tender of Hero love, 'tis very possible he'll scorn it; for the man,—as",female,7
MUCH ADO ABOUT NOTHING,2,3,DON PEDRO,"She doth well: if she should make tender of her love, 'tis very possible he'll scorn it; for the man,—as",he,DON PEDRO,"Hero doth well: if Hero should make tender of Hero love, 'tis very possible DON PEDRO'll scorn it; for the man,—as",male,7
MUCH ADO ABOUT NOTHING,2,3,DON PEDRO,"She doth well: if she should make tender of her love, 'tis very possible he'll scorn it; for the man,—as",it,DON PEDRO,"Hero doth well: if Hero should make tender of Hero love, 'tis very possible DON PEDRO'll scorn DON PEDRO; for the man,—a",male,7
MUCH ADO ABOUT NOTHING,2,3,CLAUDIO,He is a very proper man.,He,CLAUDIO,CLAUDIO is a very proper man.,male,7
MUCH ADO ABOUT NOTHING,2,3,DON PEDRO,He hath indeed a good outward happiness.,He,DON PEDRO,DON PEDRO hath indeed a good outward happiness.,male,7
MUCH ADO ABOUT NOTHING,2,3,DON PEDRO,He doth indeed show some sparks that are like wit.,He,DON PEDRO,DON PEDRO doth indeed show some sparks that are like wit.,male,7
MUCH ADO ABOUT NOTHING,2,3,CLAUDIO,And I take him to be valiant.,him,CLAUDIO,And I take CLAUDIO to be valiant.,male,7
MUCH ADO ABOUT NOTHING,2,3,DON PEDRO,"As Hector, I assure you: and in the managing of quarrels you may say he is wise; for either he avoids them with great di",he,DON PEDRO,"As Hector, I assure you: and in the managing of quarrels you may say DON PEDRO is wise; for either he avoids them with g",male,7
MUCH ADO ABOUT NOTHING,2,3,DON PEDRO,"As Hector, I assure you: and in the managing of quarrels you may say he is wise; for either he avoids them with great di",he,DON PEDRO,"As Hector, I assure you: and in the managing of quarrels you may say DON PEDRO is wise; for either DON PEDRO avoids them",male,7
MUCH ADO ABOUT NOTHING,2,3,DON PEDRO,"As Hector, I assure you: and in the managing of quarrels you may say he is wise; for either he avoids them with great di",them,DON PEDRO,"As Hector, I assure you: and in the managing of quarrels you may say DON PEDRO is wise; for either DON PEDRO avoids DON ",male,7
MUCH ADO ABOUT NOTHING,2,3,DON PEDRO,"As Hector, I assure you: and in the managing of quarrels you may say he is wise; for either he avoids them with great di",them,DON PEDRO,"As Hector, I assure you: and in the managing of quarrels you may say DON PEDRO is wise; for either DON PEDRO avoids DON ",male,7
MUCH ADO ABOUT NOTHING,2,3,LEONATO,"If he do fear God, a' must necessarily keep peace: if he break the peace, he ought to enter into a quarrel with fear and",he,LEONATO,"If LEONATO do fear God, a' must necessarily keep peace: if he break the peace, he ought to enter into a quarrel with fea",male,7
MUCH ADO ABOUT NOTHING,2,3,LEONATO,"If he do fear God, a' must necessarily keep peace: if he break the peace, he ought to enter into a quarrel with fear and",he,LEONATO,"If LEONATO do fear God, a' must necessarily keep peace: if LEONATO break the peace, he ought to enter into a quarrel wit",male,7
MUCH ADO ABOUT NOTHING,2,3,LEONATO,"If he do fear God, a' must necessarily keep peace: if he break the peace, he ought to enter into a quarrel with fear and",he,LEONATO,"If LEONATO do fear God, a' must necessarily keep peace: if LEONATO break the peace, LEONATO ought to enter into a quarre",male,7
MUCH ADO ABOUT NOTHING,2,3,DON PEDRO,"And so will he do; for the man doth fear God, howsoever it seems not in him by some large jests he will make.",he,DON PEDRO,"And so will DON PEDRO do; for the man doth fear God, howsoever it seems not in him by some large jests he will make.",male,7
MUCH ADO ABOUT NOTHING,2,3,DON PEDRO,"And so will he do; for the man doth fear God, howsoever it seems not in him by some large jests he will make.",it,DON PEDRO,"And so will DON PEDRO do; for the man doth fear God, howsoever DON PEDRO seems not in him by some large jests he will ma",male,7
MUCH ADO ABOUT NOTHING,2,3,DON PEDRO,"And so will he do; for the man doth fear God, howsoever it seems not in him by some large jests he will make.",him,DON PEDRO,"And so will DON PEDRO do; for the man doth fear God, howsoever DON PEDRO seems not in DON PEDRO by some large jests he w",male,7
MUCH ADO ABOUT NOTHING,2,3,DON PEDRO,"And so will he do; for the man doth fear God, howsoever it seems not in him by some large jests he will make.",he,DON PEDRO,"And so will DON PEDRO do; for the man doth fear God, howsoever DON PEDRO seems not in DON PEDRO by some large jests DON ",male,7
MUCH ADO ABOUT NOTHING,2,3,DON PEDRO,Shall we go seek Benedick and tell him of her love?,him,Benedick,Shall we go seek Benedick and tell Benedick of her love?,male,7
MUCH ADO ABOUT NOTHING,2,3,DON PEDRO,Shall we go seek Benedick and tell him of her love?,her,Hero,Shall we go seek Benedick and tell Benedick of Hero love?,female,7
MUCH ADO ABOUT NOTHING,2,3,CLAUDIO,"Never tell him, my lord: let her wear it out with good counsel.",him,CLAUDIO,"Never tell CLAUDIO, my lord: let her wear it out with good counsel.",male,7
MUCH ADO ABOUT NOTHING,2,3,CLAUDIO,"Never tell him, my lord: let her wear it out with good counsel.",her,Hero,"Never tell CLAUDIO, my lord: let Hero wear it out with good counsel.",female,7
MUCH ADO ABOUT NOTHING,2,3,CLAUDIO,"Never tell him, my lord: let her wear it out with good counsel.",it,CLAUDIO,"Never tell CLAUDIO, my lord: let Hero wear CLAUDIO out with good counsel.",male,7
MUCH ADO ABOUT NOTHING,2,3,LEONATO,"Nay, that's impossible: she may wear her heart out first.",she,Hero,"Nay, that's impossible: Hero may wear her heart out first.",female,7
MUCH ADO ABOUT NOTHING,2,3,LEONATO,"Nay, that's impossible: she may wear her heart out first.",her,Hero,"Nay, that's impossible: Hero may wear Hero heart out first.",female,7
MUCH ADO ABOUT NOTHING,2,3,DON PEDRO,"Well, we will hear further of it by your daughter: let it cool the while.",it,DON PEDRO,"Well, we will hear further of DON PEDRO by your daughter: let it cool the while.",male,7
MUCH ADO ABOUT NOTHING,2,3,DON PEDRO,"Well, we will hear further of it by your daughter: let it cool the while.",it,DON PEDRO,"Well, we will hear further of DON PEDRO by your daughter: let DON PEDRO cool the while.",male,7
MUCH ADO ABOUT NOTHING,2,3,DON PEDRO,"I love Benedick well, and I could wish he would modestly examine himself, to see how much he is unworthy so good a lady.",he,Benedick,"I love Benedick well, and I could wish Benedick would modestly examine himself, to see how much he is unworthy so good a",male,7
MUCH ADO ABOUT NOTHING,2,3,DON PEDRO,"I love Benedick well, and I could wish he would modestly examine himself, to see how much he is unworthy so good a lady.",himself,Benedick,"I love Benedick well, and I could wish Benedick would modestly examine Benedick, to see how much he is unworthy so good ",male,7
MUCH ADO ABOUT NOTHING,2,3,DON PEDRO,"I love Benedick well, and I could wish he would modestly examine himself, to see how much he is unworthy so good a lady.",he,Benedick,"I love Benedick well, and I could wish Benedick would modestly examine Benedick, to see how much Benedick is unworthy so",male,7
MUCH ADO ABOUT NOTHING,2,3,CLAUDIO,"Aside If he do not dote on her upon this, I will never trust my expectation.",he,CLAUDIO,"Aside If CLAUDIO do not dote on her upon this, I will never trust my expectation.",male,7
MUCH ADO ABOUT NOTHING,2,3,CLAUDIO,"Aside If he do not dote on her upon this, I will never trust my expectation.",her,CLAUDIO,"Aside If CLAUDIO do not dote on CLAUDIO upon this, I will never trust my expectation.",male,7
MUCH ADO ABOUT NOTHING,2,3,DON PEDRO,Aside Let there be the same net spread for her; and that must your daughter and her gentlewoman carry.,her,DON PEDRO,Aside Let there be the same net spread for DON PEDRO; and that must your daughter and her gentlewoman carry.,male,7
MUCH ADO ABOUT NOTHING,2,3,DON PEDRO,Aside Let there be the same net spread for her; and that must your daughter and her gentlewoman carry.,her,DON PEDRO,Aside Let there be the same net spread for DON PEDRO; and that must your daughter and DON PEDRO gentlewoman carry.,male,7
MUCH ADO ABOUT NOTHING,2,3,DON PEDRO,"The sport will be, when they hold one an opinion of another's dotage, and no such matter: that's the scene that I would ",they,DON PEDRO,"The sport will be, when DON PEDRO hold one an opinion of another's dotage, and no such matter: that's the scene that I w",male,7
MUCH ADO ABOUT NOTHING,2,3,DON PEDRO,Let us send her to call him in to dinner.,her,DON PEDRO,Let us send DON PEDRO to call him in to dinner.,male,7
MUCH ADO ABOUT NOTHING,2,3,DON PEDRO,Let us send her to call him in to dinner.,him,DON PEDRO,Let us send DON PEDRO to call DON PEDRO in to dinner.,male,7
MUCH ADO ABOUT NOTHING,2,3,BENEDICK,They have the truth of this from Hero.,They,Hero,Hero have the truth of this from Hero.,female,7
MUCH ADO ABOUT NOTHING,2,3,BENEDICK,They seem to pity the lady: it seems her affections have their full bent.,They,BENEDICK,BENEDICK seem to pity the lady: it seems her affections have their full bent.,male,7
MUCH ADO ABOUT NOTHING,2,3,BENEDICK,They seem to pity the lady: it seems her affections have their full bent.,it,BENEDICK,BENEDICK seem to pity the lady: BENEDICK seems her affections have their full bent.,male,7
MUCH ADO ABOUT NOTHING,2,3,BENEDICK,They seem to pity the lady: it seems her affections have their full bent.,her,Hero,BENEDICK seem to pity the lady: BENEDICK seems Hero affections have their full bent.,female,7
MUCH ADO ABOUT NOTHING,2,3,BENEDICK,They seem to pity the lady: it seems her affections have their full bent.,their,BENEDICK,BENEDICK seem to pity the lady: BENEDICK seems Hero affections have BENEDICK full bent.,male,7
MUCH ADO ABOUT NOTHING,2,3,BENEDICK,"why, it must be requited.",it,BENEDICK,"why, BENEDICK must be requited.",male,7
MUCH ADO ABOUT NOTHING,2,3,BENEDICK,"I hear how I am censured: they say I will bear myself proudly, if I perceive the love come from her; they say too that s",they,BENEDICK,"I hear how I am censured: BENEDICK say I will bear myself proudly, if I perceive the love come from her; they say too th",male,7
MUCH ADO ABOUT NOTHING,2,3,BENEDICK,"I hear how I am censured: they say I will bear myself proudly, if I perceive the love come from her; they say too that s",her,Hero,"I hear how I am censured: BENEDICK say I will bear myself proudly, if I perceive the love come from Hero; they say too t",female,7
MUCH ADO ABOUT NOTHING,2,3,BENEDICK,"I hear how I am censured: they say I will bear myself proudly, if I perceive the love come from her; they say too that s",they,BENEDICK,"I hear how I am censured: BENEDICK say I will bear myself proudly, if I perceive the love come from Hero; BENEDICK say t",male,7
MUCH ADO ABOUT NOTHING,2,3,BENEDICK,"I hear how I am censured: they say I will bear myself proudly, if I perceive the love come from her; they say too that s",she,Hero,"I hear how I am censured: BENEDICK say I will bear myself proudly, if I perceive the love come from Hero; BENEDICK say t",female,7
MUCH ADO ABOUT NOTHING,2,3,BENEDICK,"I did never think to marry: I must not seem proud: happy are they that hear their detractions, and can put them to mendi",they,BENEDICK,"I did never think to marry: I must not seem proud: happy are BENEDICK that hear their detractions, and can put them to m",male,7
MUCH ADO ABOUT NOTHING,2,3,BENEDICK,"I did never think to marry: I must not seem proud: happy are they that hear their detractions, and can put them to mendi",their,BENEDICK,"I did never think to marry: I must not seem proud: happy are BENEDICK that hear BENEDICK detractions, and can put them t",male,7
MUCH ADO ABOUT NOTHING,2,3,BENEDICK,"I did never think to marry: I must not seem proud: happy are they that hear their detractions, and can put them to mendi",them,BENEDICK,"I did never think to marry: I must not seem proud: happy are BENEDICK that hear BENEDICK detractions, and can put BENEDI",male,7
MUCH ADO ABOUT NOTHING,2,3,BENEDICK,"They say the lady is fair: 'tis a truth, I can bear them witness; and virtuous: 'tis so, I cannot reprove it; and wise, ",They,BENEDICK,"BENEDICK say the lady is fair: 'tis a truth, I can bear them witness; and virtuous: 'tis so, I cannot reprove it; and wi",male,7
MUCH ADO ABOUT NOTHING,2,3,BENEDICK,"They say the lady is fair: 'tis a truth, I can bear them witness; and virtuous: 'tis so, I cannot reprove it; and wise, ",them,BENEDICK,"BENEDICK say the lady is fair: 'tis a truth, I can bear BENEDICK witness; and virtuous: 'tis so, I cannot reprove it; an",male,7
MUCH ADO ABOUT NOTHING,2,3,BENEDICK,"They say the lady is fair: 'tis a truth, I can bear them witness; and virtuous: 'tis so, I cannot reprove it; and wise, ",it,BENEDICK,"BENEDICK say the lady is fair: 'tis a truth, I can bear BENEDICK witness; and virtuous: 'tis so, I cannot reprove BENEDI",male,7
MUCH ADO ABOUT NOTHING,2,3,BENEDICK,"They say the lady is fair: 'tis a truth, I can bear them witness; and virtuous: 'tis so, I cannot reprove it; and wise, ",it,BENEDICK,"BENEDICK say the lady is fair: 'tis a truth, I can bear BENEDICK witness; and virtuous: 'tis so, I cannot reprove BENEDI",male,7
MUCH ADO ABOUT NOTHING,2,3,BENEDICK,"They say the lady is fair: 'tis a truth, I can bear them witness; and virtuous: 'tis so, I cannot reprove it; and wise, ",her,Hero,"BENEDICK say the lady is fair: 'tis a truth, I can bear BENEDICK witness; and virtuous: 'tis so, I cannot reprove BENEDI",female,7
MUCH ADO ABOUT NOTHING,2,3,BENEDICK,"They say the lady is fair: 'tis a truth, I can bear them witness; and virtuous: 'tis so, I cannot reprove it; and wise, ",her,Hero,"BENEDICK say the lady is fair: 'tis a truth, I can bear BENEDICK witness; and virtuous: 'tis so, I cannot reprove BENEDI",female,7
MUCH ADO ABOUT NOTHING,2,3,BENEDICK,"They say the lady is fair: 'tis a truth, I can bear them witness; and virtuous: 'tis so, I cannot reprove it; and wise, ",her,Hero,"BENEDICK say the lady is fair: 'tis a truth, I can bear BENEDICK witness; and virtuous: 'tis so, I cannot reprove BENEDI",female,7
MUCH ADO ABOUT NOTHING,2,3,BENEDICK,A man loves the meat in his youth that he cannot endure in his age.,his,BENEDICK,A man loves the meat in BENEDICK youth that he cannot endure in his age.,male,7
MUCH ADO ABOUT NOTHING,2,3,BENEDICK,A man loves the meat in his youth that he cannot endure in his age.,he,BENEDICK,A man loves the meat in BENEDICK youth that BENEDICK cannot endure in his age.,male,7
MUCH ADO ABOUT NOTHING,2,3,BENEDICK,A man loves the meat in his youth that he cannot endure in his age.,his,BENEDICK,A man loves the meat in BENEDICK youth that BENEDICK cannot endure in BENEDICK age.,male,7
MUCH ADO ABOUT NOTHING,2,3,BENEDICK,Shall quips and sentences and these paper bullets of the brain awe a man from the career of his humour?,his,BENEDICK,Shall quips and sentences and these paper bullets of the brain awe a man from the career of BENEDICK humour?,male,7
MUCH ADO ABOUT NOTHING,2,3,BENEDICK,she's a fair lady: I do spy some marks of love in her.,she,Beatrice,Beatrice's a fair lady: I do spy some marks of love in her.,female,7
MUCH ADO ABOUT NOTHING,2,3,BENEDICK,she's a fair lady: I do spy some marks of love in her.,her,Beatrice,Beatrice's a fair lady: I do spy some marks of love in Beatrice.,female,7
MUCH ADO ABOUT NOTHING,2,3,BEATRICE,"I took no more pains for those thanks than you take pains to thank me: if it had been painful, I would not have come.",it,BEATRICE,"I took no more pains for those thanks than you take pains to thank me: if BEATRICE had been painful, I would not have co",female,7
MUCH ADO ABOUT NOTHING,2,3,BENEDICK,"If I do not take pity of her, I am a villain; if I do not love her, I am a Jew.",her,BEATRICE,"If I do not take pity of BEATRICE, I am a villain; if I do not love her, I am a Jew.",female,7
MUCH ADO ABOUT NOTHING,2,3,BENEDICK,"If I do not take pity of her, I am a villain; if I do not love her, I am a Jew.",her,BEATRICE,"If I do not take pity of BEATRICE, I am a villain; if I do not love BEATRICE, I am a Jew.",female,7
MUCH ADO ABOUT NOTHING,2,3,BENEDICK,I will go get her picture.,her,BEATRICE,I will go get BEATRICE picture.,female,7
MUCH ADO ABOUT NOTHING,3,1,HERO,"Good Margaret, run thee to the parlour; There shalt thou find my cousin Beatrice Proposing with the Prince and Claudio: ",her,Beatrice,"Good Margaret, run thee to the parlour; There shalt thou find my cousin Beatrice Proposing with the Prince and Claudio: ",female,4
MUCH ADO ABOUT NOTHING,3,1,HERO,"Good Margaret, run thee to the parlour; There shalt thou find my cousin Beatrice Proposing with the Prince and Claudio: ",her,Beatrice,"Good Margaret, run thee to the parlour; There shalt thou find my cousin Beatrice Proposing with the Prince and Claudio: ",female,4
MUCH ADO ABOUT NOTHING,3,1,HERO,"Good Margaret, run thee to the parlour; There shalt thou find my cousin Beatrice Proposing with the Prince and Claudio: ",her,Beatrice,"Good Margaret, run thee to the parlour; There shalt thou find my cousin Beatrice Proposing with the Prince and Claudio: ",female,4
MUCH ADO ABOUT NOTHING,3,1,HERO,"Good Margaret, run thee to the parlour; There shalt thou find my cousin Beatrice Proposing with the Prince and Claudio: ",her,Beatrice,"Good Margaret, run thee to the parlour; There shalt thou find my cousin Beatrice Proposing with the Prince and Claudio: ",female,4
MUCH ADO ABOUT NOTHING,3,1,HERO,"Good Margaret, run thee to the parlour; There shalt thou find my cousin Beatrice Proposing with the Prince and Claudio: ",their,Claudio,"Good Margaret, run thee to the parlour; There shalt thou find my cousin Beatrice Proposing with the Prince and Claudio: ",male,4
MUCH ADO ABOUT NOTHING,3,1,HERO,"Good Margaret, run thee to the parlour; There shalt thou find my cousin Beatrice Proposing with the Prince and Claudio: ",it,Claudio,"Good Margaret, run thee to the parlour; There shalt thou find my cousin Beatrice Proposing with the Prince and Claudio: ",male,4
MUCH ADO ABOUT NOTHING,3,1,HERO,"There will she hide her, To listen our propose.",she,HERO,"There will HERO hide her, To listen our propose.",female,5
MUCH ADO ABOUT NOTHING,3,1,HERO,"There will she hide her, To listen our propose.",her,HERO,"There will HERO hide HERO, To listen our propose.",female,5
MUCH ADO ABOUT NOTHING,3,1,HERO,This is thy office; Bear thee well in it and leave us alone.,it,HERO,This is thy office; Bear thee well in HERO and leave us alone.,female,6
MUCH ADO ABOUT NOTHING,3,1,MARGARET,"I'll make her come, I warrant you, presently.",her,MARGARET,"I'll make MARGARET come, I warrant you, presently.",female,7
MUCH ADO ABOUT NOTHING,3,1,HERO,"Now, Ursula, when Beatrice doth come, As we do trace this alley up and down, Our talk must only be of Benedick: When I d",him,Benedick,"Now, Ursula, when Beatrice doth come, As we do trace this alley up and down, Our talk must only be of Benedick: When I d",male,7
MUCH ADO ABOUT NOTHING,3,1,HERO,"Now, Ursula, when Beatrice doth come, As we do trace this alley up and down, Our talk must only be of Benedick: When I d",it,Benedick,"Now, Ursula, when Beatrice doth come, As we do trace this alley up and down, Our talk must only be of Benedick: When I d",male,7
MUCH ADO ABOUT NOTHING,3,1,HERO,"Now, Ursula, when Beatrice doth come, As we do trace this alley up and down, Our talk must only be of Benedick: When I d",him,Benedick,"Now, Ursula, when Beatrice doth come, As we do trace this alley up and down, Our talk must only be of Benedick: When I d",male,7
MUCH ADO ABOUT NOTHING,3,1,URSULA,"The pleasant'st angling is to see the fish Cut with her golden oars the silver stream, And greedily devour the treachero",her,Beatrice,"The pleasant'st angling is to see the fish Cut with Beatrice golden oars the silver stream, And greedily devour the trea",female,7
MUCH ADO ABOUT NOTHING,3,1,HERO,"Then go we near her, that her ear lose nothing Of the false sweet bait that we lay for it.",her,HERO,"Then go we near HERO, that her ear lose nothing Of the false sweet bait that we lay for it.",female,7
MUCH ADO ABOUT NOTHING,3,1,HERO,"Then go we near her, that her ear lose nothing Of the false sweet bait that we lay for it.",her,HERO,"Then go we near HERO, that HERO ear lose nothing Of the false sweet bait that we lay for it.",female,7
MUCH ADO ABOUT NOTHING,3,1,HERO,"Then go we near her, that her ear lose nothing Of the false sweet bait that we lay for it.",it,HERO,"Then go we near HERO, that HERO ear lose nothing Of the false sweet bait that we lay for HERO.",female,7
MUCH ADO ABOUT NOTHING,3,1,HERO,They advance to the bower.,They,HERO,HERO advance to the bower.,female,7
MUCH ADO ABOUT NOTHING,3,1,HERO,"No, truly, Ursula, she is too disdainful; I know her spirits are as coy and wild As haggards of the rock.",she,Ursula,"No, truly, Ursula, Ursula is too disdainful; I know her spirits are as coy and wild As haggards of the rock.",female,7
MUCH ADO ABOUT NOTHING,3,1,HERO,"No, truly, Ursula, she is too disdainful; I know her spirits are as coy and wild As haggards of the rock.",her,Ursula,"No, truly, Ursula, Ursula is too disdainful; I know Ursula spirits are as coy and wild As haggards of the rock.",female,7
MUCH ADO ABOUT NOTHING,3,1,URSULA,"And did they bid you tell her of it, madam?",they,URSULA,"And did URSULA bid you tell her of it, madam?",female,7
MUCH ADO ABOUT NOTHING,3,1,URSULA,"And did they bid you tell her of it, madam?",her,URSULA,"And did URSULA bid you tell URSULA of it, madam?",female,7
MUCH ADO ABOUT NOTHING,3,1,URSULA,"And did they bid you tell her of it, madam?",it,URSULA,"And did URSULA bid you tell URSULA of URSULA, madam?",female,7
MUCH ADO ABOUT NOTHING,3,1,HERO,"They did entreat me to acquaint her of it; But I persuaded them, if they lov'd Benedick, To wish him wrestle with affect",They,Beatrice,"Beatrice did entreat me to acquaint her of it; But I persuaded them, if they lov'd Benedick, To wish him wrestle with af",female,7
MUCH ADO ABOUT NOTHING,3,1,HERO,"They did entreat me to acquaint her of it; But I persuaded them, if they lov'd Benedick, To wish him wrestle with affect",her,Beatrice,"Beatrice did entreat me to acquaint Beatrice of it; But I persuaded them, if they lov'd Benedick, To wish him wrestle wi",female,7
MUCH ADO ABOUT NOTHING,3,1,HERO,"They did entreat me to acquaint her of it; But I persuaded them, if they lov'd Benedick, To wish him wrestle with affect",it,Beatrice,"Beatrice did entreat me to acquaint Beatrice of Beatrice; But I persuaded them, if they lov'd Benedick, To wish him wres",female,7
MUCH ADO ABOUT NOTHING,3,1,HERO,"They did entreat me to acquaint her of it; But I persuaded them, if they lov'd Benedick, To wish him wrestle with affect",them,Beatrice,"Beatrice did entreat me to acquaint Beatrice of Beatrice; But I persuaded Beatrice, if they lov'd Benedick, To wish him ",female,7
MUCH ADO ABOUT NOTHING,3,1,HERO,"They did entreat me to acquaint her of it; But I persuaded them, if they lov'd Benedick, To wish him wrestle with affect",they,Beatrice,"Beatrice did entreat me to acquaint Beatrice of Beatrice; But I persuaded Beatrice, if Beatrice lov'd Benedick, To wish ",female,7
MUCH ADO ABOUT NOTHING,3,1,HERO,"They did entreat me to acquaint her of it; But I persuaded them, if they lov'd Benedick, To wish him wrestle with affect",him,Benedick,"Beatrice did entreat me to acquaint Beatrice of Beatrice; But I persuaded Beatrice, if Beatrice lov'd Benedick, To wish ",male,7
MUCH ADO ABOUT NOTHING,3,1,HERO,"They did entreat me to acquaint her of it; But I persuaded them, if they lov'd Benedick, To wish him wrestle with affect",it,Beatrice,"Beatrice did entreat me to acquaint Beatrice of Beatrice; But I persuaded Beatrice, if Beatrice lov'd Benedick, To wish ",female,7
MUCH ADO ABOUT NOTHING,3,1,HERO,I know he doth deserve As much as may be yielded to a man; But Nature never fram'd a woman's heart Of prouder stuff than,he,Benedick,I know Benedick doth deserve As much as may be yielded to a man; But Nature never fram'd a woman's heart Of prouder stuf,male,7
MUCH ADO ABOUT NOTHING,3,1,HERO,I know he doth deserve As much as may be yielded to a man; But Nature never fram'd a woman's heart Of prouder stuff than,her,Beatrice,I know Benedick doth deserve As much as may be yielded to a man; But Nature never fram'd a woman's heart Of prouder stuf,female,7
MUCH ADO ABOUT NOTHING,3,1,HERO,I know he doth deserve As much as may be yielded to a man; But Nature never fram'd a woman's heart Of prouder stuff than,they,Beatrice,I know Benedick doth deserve As much as may be yielded to a man; But Nature never fram'd a woman's heart Of prouder stuf,female,7
MUCH ADO ABOUT NOTHING,3,1,HERO,I know he doth deserve As much as may be yielded to a man; But Nature never fram'd a woman's heart Of prouder stuff than,her,Beatrice,I know Benedick doth deserve As much as may be yielded to a man; But Nature never fram'd a woman's heart Of prouder stuf,female,7
MUCH ADO ABOUT NOTHING,3,1,HERO,I know he doth deserve As much as may be yielded to a man; But Nature never fram'd a woman's heart Of prouder stuff than,her,Beatrice,I know Benedick doth deserve As much as may be yielded to a man; But Nature never fram'd a woman's heart Of prouder stuf,female,7
MUCH ADO ABOUT NOTHING,3,1,HERO,"She cannot love, Nor take no shape nor project of affection, She is so self-endear'd.",She,HERO,"HERO cannot love, Nor take no shape nor project of affection, She is so self-endear'd.",female,7
MUCH ADO ABOUT NOTHING,3,1,HERO,"She cannot love, Nor take no shape nor project of affection, She is so self-endear'd.",She,HERO,"HERO cannot love, Nor take no shape nor project of affection, HERO is so self-endear'd.",female,7
MUCH ADO ABOUT NOTHING,3,1,URSULA,And therefore certainly it were not good,it,URSULA,And therefore certainly URSULA were not good,female,7
MUCH ADO ABOUT NOTHING,3,1,URSULA,"She knew his love, lest she make sport at it.",She,URSULA,"URSULA knew his love, lest she make sport at it.",female,7
MUCH ADO ABOUT NOTHING,3,1,URSULA,"She knew his love, lest she make sport at it.",his,Benedick,"URSULA knew Benedick love, lest she make sport at it.",male,7
MUCH ADO ABOUT NOTHING,3,1,URSULA,"She knew his love, lest she make sport at it.",she,URSULA,"URSULA knew Benedick love, lest URSULA make sport at it.",female,7
MUCH ADO ABOUT NOTHING,3,1,URSULA,"She knew his love, lest she make sport at it.",it,URSULA,"URSULA knew Benedick love, lest URSULA make sport at URSULA.",female,7
MUCH ADO ABOUT NOTHING,3,1,HERO,"I never yet saw man, How wise, how noble, young, how rarely featur'd, But she would spell him backward: if fair-fac'd, S",she,HERO,"I never yet saw man, How wise, how noble, young, how rarely featur'd, But HERO would spell him backward: if fair-fac'd, ",female,7
MUCH ADO ABOUT NOTHING,3,1,HERO,"I never yet saw man, How wise, how noble, young, how rarely featur'd, But she would spell him backward: if fair-fac'd, S",him,Benedick,"I never yet saw man, How wise, how noble, young, how rarely featur'd, But HERO would spell Benedick backward: if fair-fa",male,7
MUCH ADO ABOUT NOTHING,3,1,HERO,"I never yet saw man, How wise, how noble, young, how rarely featur'd, But she would spell him backward: if fair-fac'd, S",She,HERO,"I never yet saw man, How wise, how noble, young, how rarely featur'd, But HERO would spell Benedick backward: if fair-fa",female,7
MUCH ADO ABOUT NOTHING,3,1,HERO,"I never yet saw man, How wise, how noble, young, how rarely featur'd, But she would spell him backward: if fair-fac'd, S",her,HERO,"I never yet saw man, How wise, how noble, young, how rarely featur'd, But HERO would spell Benedick backward: if fair-fa",female,7
MUCH ADO ABOUT NOTHING,3,1,HERO,"So turns she every man the wrong side out, And never gives to truth and virtue that Which simpleness and merit purchaset",she,HERO,"So turns HERO every man the wrong side out, And never gives to truth and virtue that Which simpleness and merit purchase",female,7
MUCH ADO ABOUT NOTHING,3,1,HERO,But who dare tell her so?,her,HERO,But who dare tell HERO so?,female,7
MUCH ADO ABOUT NOTHING,3,1,HERO,"If I should speak, She would mock me into air:",She,HERO,"If I should speak, HERO would mock me into air:",female,7
MUCH ADO ABOUT NOTHING,3,1,HERO,"she would laugh me Out of myself, press me to death with wit.",she,HERO,"HERO would laugh me Out of myself, press me to death with wit.",female,7
MUCH ADO ABOUT NOTHING,3,1,HERO,"Therefore let Benedick, like cover'd fire, Consume away in sighs, waste inwardly: It were a better death than die with m",It,Benedick,"Therefore let Benedick, like cover'd fire, Consume away in sighs, waste inwardly: Benedick were a better death than die ",male,7
MUCH ADO ABOUT NOTHING,3,1,URSULA,Yet tell her of it: hear what she will say.,her,URSULA,Yet tell URSULA of it: hear what she will say.,female,7
MUCH ADO ABOUT NOTHING,3,1,URSULA,Yet tell her of it: hear what she will say.,it,URSULA,Yet tell URSULA of URSULA: hear what she will say.,female,7
MUCH ADO ABOUT NOTHING,3,1,URSULA,Yet tell her of it: hear what she will say.,she,URSULA,Yet tell URSULA of URSULA: hear what URSULA will say.,female,7
MUCH ADO ABOUT NOTHING,3,1,HERO,"No; rather I will go to Benedick, And counsel him to fight against his passion.",him,Benedick,"No; rather I will go to Benedick, And counsel Benedick to fight against his passion.",male,7
MUCH ADO ABOUT NOTHING,3,1,HERO,"No; rather I will go to Benedick, And counsel him to fight against his passion.",his,Benedick,"No; rather I will go to Benedick, And counsel Benedick to fight against Benedick passion.",male,7
MUCH ADO ABOUT NOTHING,3,1,URSULA,"She cannot be so much without true judgment,— Having so swift and excellent a wit As she is priz'd to have,—as to refuse",She,URSULA,"URSULA cannot be so much without true judgment,— Having so swift and excellent a wit As she is priz'd to have,—as to ref",female,7
MUCH ADO ABOUT NOTHING,3,1,URSULA,"She cannot be so much without true judgment,— Having so swift and excellent a wit As she is priz'd to have,—as to refuse",she,URSULA,"URSULA cannot be so much without true judgment,— Having so swift and excellent a wit As URSULA is priz'd to have,—as to ",female,7
MUCH ADO ABOUT NOTHING,3,1,HERO,"He is the only man of Italy, Always excepted my dear Claudio.",He,Claudio,"Claudio is the only man of Italy, Always excepted my dear Claudio.",male,7
MUCH ADO ABOUT NOTHING,3,1,HERO,"Indeed, he hath an excellent good name.",he,Benedick,"Indeed, Benedick hath an excellent good name.",male,7
MUCH ADO ABOUT NOTHING,3,1,URSULA,"His excellence did earn it, ere he had it.",His,Benedick,"Benedick excellence did earn it, ere he had it.",male,7
MUCH ADO ABOUT NOTHING,3,1,URSULA,"His excellence did earn it, ere he had it.",it,URSULA,"Benedick excellence did earn URSULA, ere he had it.",female,7
MUCH ADO ABOUT NOTHING,3,1,URSULA,"His excellence did earn it, ere he had it.",he,Benedick,"Benedick excellence did earn URSULA, ere Benedick had it.",male,7
MUCH ADO ABOUT NOTHING,3,1,URSULA,"His excellence did earn it, ere he had it.",it,URSULA,"Benedick excellence did earn URSULA, ere Benedick had URSULA.",female,7
MUCH ADO ABOUT NOTHING,3,1,URSULA,"She's lim'd, I warrant you, We have caught her, madam.",She,URSULA,"URSULA's lim'd, I warrant you, We have caught her, madam.",female,7
MUCH ADO ABOUT NOTHING,3,1,URSULA,"She's lim'd, I warrant you, We have caught her, madam.",her,URSULA,"URSULA's lim'd, I warrant you, We have caught URSULA, madam.",female,7
MUCH ADO ABOUT NOTHING,3,1,HERO,"If it prove so, then loving goes by haps: Some Cupid kills with arrows, some with traps.",it,HERO,"If HERO prove so, then loving goes by haps: Some Cupid kills with arrows, some with traps.",female,7
MUCH ADO ABOUT NOTHING,3,1,BEATRICE,"And, Benedick, love on; I will requite thee, Taming my wild heart to thy loving hand: If thou dost love, my kindness sha",it,Benedick,"And, Benedick, love on; I will requite thee, Taming my wild heart to thy loving hand: If thou dost love, my kindness sha",male,7
MUCH ADO ABOUT NOTHING,3,2,DON PEDRO,"Nay, that would be as great a soil in the new gloss of your marriage, as to show a child his new coat and forbid him to ",his,DON PEDRO,"Nay, that would be as great a soil in the new gloss of your marriage, as to show a child DON PEDRO new coat and forbid h",male,3
MUCH ADO ABOUT NOTHING,3,2,DON PEDRO,"Nay, that would be as great a soil in the new gloss of your marriage, as to show a child his new coat and forbid him to ",him,DON PEDRO,"Nay, that would be as great a soil in the new gloss of your marriage, as to show a child DON PEDRO new coat and forbid D",male,3
MUCH ADO ABOUT NOTHING,3,2,DON PEDRO,"Nay, that would be as great a soil in the new gloss of your marriage, as to show a child his new coat and forbid him to ",it,DON PEDRO,"Nay, that would be as great a soil in the new gloss of your marriage, as to show a child DON PEDRO new coat and forbid D",male,3
MUCH ADO ABOUT NOTHING,3,2,DON PEDRO,"I will only be bold with Benedick for his company; for, from the crown of his head to the sole of his foot, he is all mi",his,Benedick,"I will only be bold with Benedick for Benedick company; for, from the crown of his head to the sole of his foot, he is a",male,5
MUCH ADO ABOUT NOTHING,3,2,DON PEDRO,"I will only be bold with Benedick for his company; for, from the crown of his head to the sole of his foot, he is all mi",his,Benedick,"I will only be bold with Benedick for Benedick company; for, from the crown of Benedick head to the sole of his foot, he",male,5
MUCH ADO ABOUT NOTHING,3,2,DON PEDRO,"I will only be bold with Benedick for his company; for, from the crown of his head to the sole of his foot, he is all mi",his,Benedick,"I will only be bold with Benedick for Benedick company; for, from the crown of Benedick head to the sole of Benedick foo",male,5
MUCH ADO ABOUT NOTHING,3,2,DON PEDRO,"I will only be bold with Benedick for his company; for, from the crown of his head to the sole of his foot, he is all mi",he,Benedick,"I will only be bold with Benedick for Benedick company; for, from the crown of Benedick head to the sole of Benedick foo",male,5
MUCH ADO ABOUT NOTHING,3,2,DON PEDRO,"I will only be bold with Benedick for his company; for, from the crown of his head to the sole of his foot, he is all mi",he,Benedick,"I will only be bold with Benedick for Benedick company; for, from the crown of Benedick head to the sole of Benedick foo",male,5
MUCH ADO ABOUT NOTHING,3,2,DON PEDRO,"I will only be bold with Benedick for his company; for, from the crown of his head to the sole of his foot, he is all mi",him,Benedick,"I will only be bold with Benedick for Benedick company; for, from the crown of Benedick head to the sole of Benedick foo",male,5
MUCH ADO ABOUT NOTHING,3,2,DON PEDRO,"He hath a heart as sound as a bell, and his tongue is the clapper; for what his heart thinks, his tongue speaks.",He,DON PEDRO,"DON PEDRO hath a heart as sound as a bell, and his tongue is the clapper; for what his heart thinks, his tongue speaks.",male,6
MUCH ADO ABOUT NOTHING,3,2,DON PEDRO,"He hath a heart as sound as a bell, and his tongue is the clapper; for what his heart thinks, his tongue speaks.",his,DON PEDRO,"DON PEDRO hath a heart as sound as a bell, and DON PEDRO tongue is the clapper; for what his heart thinks, his tongue sp",male,6
MUCH ADO ABOUT NOTHING,3,2,DON PEDRO,"He hath a heart as sound as a bell, and his tongue is the clapper; for what his heart thinks, his tongue speaks.",his,DON PEDRO,"DON PEDRO hath a heart as sound as a bell, and DON PEDRO tongue is the clapper; for what DON PEDRO heart thinks, his ton",male,6
MUCH ADO ABOUT NOTHING,3,2,DON PEDRO,"He hath a heart as sound as a bell, and his tongue is the clapper; for what his heart thinks, his tongue speaks.",his,DON PEDRO,"DON PEDRO hath a heart as sound as a bell, and DON PEDRO tongue is the clapper; for what DON PEDRO heart thinks, DON PED",male,6
MUCH ADO ABOUT NOTHING,3,2,CLAUDIO,I hope he be in love.,he,CLAUDIO,I hope CLAUDIO be in love.,male,7
MUCH ADO ABOUT NOTHING,3,2,DON PEDRO,"Hang him, truant!",him,DON PEDRO,"Hang DON PEDRO, truant!",male,7
MUCH ADO ABOUT NOTHING,3,2,DON PEDRO,there's no true drop of blood in him to be truly touched with love.,him,DON PEDRO,there's no true drop of blood in DON PEDRO to be truly touched with love.,male,7
MUCH ADO ABOUT NOTHING,3,2,DON PEDRO,"If he be sad, he wants money.",he,DON PEDRO,"If DON PEDRO be sad, he wants money.",male,7
MUCH ADO ABOUT NOTHING,3,2,DON PEDRO,"If he be sad, he wants money.",he,DON PEDRO,"If DON PEDRO be sad, DON PEDRO wants money.",male,7
MUCH ADO ABOUT NOTHING,3,2,DON PEDRO,Draw it.,it,DON PEDRO,Draw DON PEDRO.,male,7
MUCH ADO ABOUT NOTHING,3,2,BENEDICK,Hang it.,it,BENEDICK,Hang BENEDICK.,male,7
MUCH ADO ABOUT NOTHING,3,2,CLAUDIO,"You must hang it first, and draw it afterwards.",it,CLAUDIO,"You must hang CLAUDIO first, and draw it afterwards.",male,7
MUCH ADO ABOUT NOTHING,3,2,CLAUDIO,"You must hang it first, and draw it afterwards.",it,CLAUDIO,"You must hang CLAUDIO first, and draw CLAUDIO afterwards.",male,7
MUCH ADO ABOUT NOTHING,3,2,BENEDICK,"Well, everyone can master a grief but he that has it.",he,BENEDICK,"Well, everyone can master a grief but BENEDICK that has it.",male,7
MUCH ADO ABOUT NOTHING,3,2,BENEDICK,"Well, everyone can master a grief but he that has it.",it,BENEDICK,"Well, everyone can master a grief but BENEDICK that has BENEDICK.",male,7
MUCH ADO ABOUT NOTHING,3,2,CLAUDIO,"Yet say I, he is in love.",he,CLAUDIO,"Yet say I, CLAUDIO is in love.",male,7
MUCH ADO ABOUT NOTHING,3,2,DON PEDRO,"There is no appearance of fancy in him, unless it be a fancy that he hath to strange disguises; as to be a Dutchman toda",him,DON PEDRO,"There is no appearance of fancy in DON PEDRO, unless it be a fancy that he hath to strange disguises; as to be a Dutchma",male,7
MUCH ADO ABOUT NOTHING,3,2,DON PEDRO,"There is no appearance of fancy in him, unless it be a fancy that he hath to strange disguises; as to be a Dutchman toda",it,DON PEDRO,"There is no appearance of fancy in DON PEDRO, unless DON PEDRO be a fancy that he hath to strange disguises; as to be a ",male,7
MUCH ADO ABOUT NOTHING,3,2,DON PEDRO,"There is no appearance of fancy in him, unless it be a fancy that he hath to strange disguises; as to be a Dutchman toda",he,DON PEDRO,"There is no appearance of fancy in DON PEDRO, unless DON PEDRO be a fancy that DON PEDRO hath to strange disguises; as t",male,7
MUCH ADO ABOUT NOTHING,3,2,DON PEDRO,"Unless he have a fancy to this foolery, as it appears he hath, he is no fool for fancy, as you would have it appear he i",he,DON PEDRO,"Unless DON PEDRO have a fancy to this foolery, as it appears he hath, he is no fool for fancy, as you would have it appe",male,7
MUCH ADO ABOUT NOTHING,3,2,DON PEDRO,"Unless he have a fancy to this foolery, as it appears he hath, he is no fool for fancy, as you would have it appear he i",it,DON PEDRO,"Unless DON PEDRO have a fancy to this foolery, as DON PEDRO appears he hath, he is no fool for fancy, as you would have ",male,7
MUCH ADO ABOUT NOTHING,3,2,DON PEDRO,"Unless he have a fancy to this foolery, as it appears he hath, he is no fool for fancy, as you would have it appear he i",he,DON PEDRO,"Unless DON PEDRO have a fancy to this foolery, as DON PEDRO appears DON PEDRO hath, he is no fool for fancy, as you woul",male,7
MUCH ADO ABOUT NOTHING,3,2,DON PEDRO,"Unless he have a fancy to this foolery, as it appears he hath, he is no fool for fancy, as you would have it appear he i",he,DON PEDRO,"Unless DON PEDRO have a fancy to this foolery, as DON PEDRO appears DON PEDRO hath, DON PEDRO is no fool for fancy, as y",male,7
MUCH ADO ABOUT NOTHING,3,2,DON PEDRO,"Unless he have a fancy to this foolery, as it appears he hath, he is no fool for fancy, as you would have it appear he i",it,DON PEDRO,"Unless DON PEDRO have a fancy to this foolery, as DON PEDRO appears DON PEDRO hath, DON PEDRO is no fool for fancy, as y",male,7
MUCH ADO ABOUT NOTHING,3,2,DON PEDRO,"Unless he have a fancy to this foolery, as it appears he hath, he is no fool for fancy, as you would have it appear he i",he,DON PEDRO,"Unless DON PEDRO have a fancy to this foolery, as DON PEDRO appears DON PEDRO hath, DON PEDRO is no fool for fancy, as y",male,7
MUCH ADO ABOUT NOTHING,3,2,CLAUDIO,"If he be not in love with some woman, there is no believing old signs: a' brushes his hat a mornings; what should that b",he,CLAUDIO,"If CLAUDIO be not in love with some woman, there is no believing old signs: a' brushes his hat a mornings; what should t",male,7
MUCH ADO ABOUT NOTHING,3,2,CLAUDIO,"If he be not in love with some woman, there is no believing old signs: a' brushes his hat a mornings; what should that b",his,CLAUDIO,"If CLAUDIO be not in love with some woman, there is no believing old signs: a' brushes CLAUDIO hat a mornings; what shou",male,7
MUCH ADO ABOUT NOTHING,3,2,DON PEDRO,Hath any man seen him at the barber's?,him,DON PEDRO,Hath any man seen DON PEDRO at the barber's?,male,7
MUCH ADO ABOUT NOTHING,3,2,CLAUDIO,"No, but the barber's man hath been seen with him; and the old ornament of his cheek hath already stuffed tennis balls.",him,CLAUDIO,"No, but the barber's man hath been seen with CLAUDIO; and the old ornament of his cheek hath already stuffed tennis ball",male,7
MUCH ADO ABOUT NOTHING,3,2,CLAUDIO,"No, but the barber's man hath been seen with him; and the old ornament of his cheek hath already stuffed tennis balls.",his,CLAUDIO,"No, but the barber's man hath been seen with CLAUDIO; and the old ornament of CLAUDIO cheek hath already stuffed tennis ",male,7
MUCH ADO ABOUT NOTHING,3,2,LEONATO,"Indeed he looks younger than he did, by the loss of a beard.",he,LEONATO,"Indeed LEONATO looks younger than he did, by the loss of a beard.",male,7
MUCH ADO ABOUT NOTHING,3,2,LEONATO,"Indeed he looks younger than he did, by the loss of a beard.",he,LEONATO,"Indeed LEONATO looks younger than LEONATO did, by the loss of a beard.",male,7
MUCH ADO ABOUT NOTHING,3,2,DON PEDRO,"Nay, a' rubs himself with civet: can you smell him out by that?",himself,DON PEDRO,"Nay, a' rubs DON PEDRO with civet: can you smell him out by that?",male,7
MUCH ADO ABOUT NOTHING,3,2,DON PEDRO,"Nay, a' rubs himself with civet: can you smell him out by that?",him,DON PEDRO,"Nay, a' rubs DON PEDRO with civet: can you smell DON PEDRO out by that?",male,7
MUCH ADO ABOUT NOTHING,3,2,DON PEDRO,The greatest note of it is his melancholy.,it,DON PEDRO,The greatest note of DON PEDRO is his melancholy.,male,7
MUCH ADO ABOUT NOTHING,3,2,DON PEDRO,The greatest note of it is his melancholy.,his,DON PEDRO,The greatest note of DON PEDRO is DON PEDRO melancholy.,male,7
MUCH ADO ABOUT NOTHING,3,2,CLAUDIO,And when was he wont to wash his face?,he,CLAUDIO,And when was CLAUDIO wont to wash his face?,male,7
MUCH ADO ABOUT NOTHING,3,2,CLAUDIO,And when was he wont to wash his face?,his,CLAUDIO,And when was CLAUDIO wont to wash CLAUDIO face?,male,7
MUCH ADO ABOUT NOTHING,3,2,DON PEDRO,"Yea, or to paint himself?",himself,DON PEDRO,"Yea, or to paint DON PEDRO?",male,7
MUCH ADO ABOUT NOTHING,3,2,DON PEDRO,"for the which, I hear what they say of him.",they,DON PEDRO,"for the which, I hear what DON PEDRO say of him.",male,7
MUCH ADO ABOUT NOTHING,3,2,DON PEDRO,"for the which, I hear what they say of him.",him,DON PEDRO,"for the which, I hear what DON PEDRO say of DON PEDRO.",male,7
MUCH ADO ABOUT NOTHING,3,2,CLAUDIO,"Nay, but his jesting spirit; which is now crept into a lute-string, and now governed by stops.",his,CLAUDIO,"Nay, but CLAUDIO jesting spirit; which is now crept into a lute-string, and now governed by stops.",male,7
MUCH ADO ABOUT NOTHING,3,2,DON PEDRO,"Indeed, that tells a heavy tale for him.",him,DON PEDRO,"Indeed, that tells a heavy tale for DON PEDRO.",male,7
MUCH ADO ABOUT NOTHING,3,2,DON PEDRO,"Conclude, conclude he is in love.",he,DON PEDRO,"Conclude, conclude DON PEDRO is in love.",male,7
MUCH ADO ABOUT NOTHING,3,2,CLAUDIO,"Nay, but I know who loves him.",him,CLAUDIO,"Nay, but I know who loves CLAUDIO.",male,7
MUCH ADO ABOUT NOTHING,3,2,DON PEDRO,"That would I know too: I warrant, one that knows him not.",him,DON PEDRO,"That would I know too: I warrant, one that knows DON PEDRO not.",male,7
MUCH ADO ABOUT NOTHING,3,2,CLAUDIO,"Yes, and his ill conditions; and in despite of all, dies for him.",his,CLAUDIO,"Yes, and CLAUDIO ill conditions; and in despite of all, dies for him.",male,7
MUCH ADO ABOUT NOTHING,3,2,CLAUDIO,"Yes, and his ill conditions; and in despite of all, dies for him.",him,CLAUDIO,"Yes, and CLAUDIO ill conditions; and in despite of all, dies for CLAUDIO.",male,7
MUCH ADO ABOUT NOTHING,3,2,DON PEDRO,She shall be buried with her face upwards.,She,DON PEDRO,DON PEDRO shall be buried with her face upwards.,male,7
MUCH ADO ABOUT NOTHING,3,2,DON PEDRO,She shall be buried with her face upwards.,her,DON PEDRO,DON PEDRO shall be buried with DON PEDRO face upwards.,male,7
MUCH ADO ABOUT NOTHING,3,2,DON PEDRO,"For my life, to break with him about Beatrice.",him,DON PEDRO,"For my life, to break with DON PEDRO about Beatrice.",male,7
MUCH ADO ABOUT NOTHING,3,2,CLAUDIO,"Hero and Margaret have by this played their parts with Beatrice, and then the two bears will not bite one another when t",their,Beatrice,"Hero and Margaret have by this played Beatrice parts with Beatrice, and then the two bears will not bite one another whe",female,7
MUCH ADO ABOUT NOTHING,3,2,CLAUDIO,"Hero and Margaret have by this played their parts with Beatrice, and then the two bears will not bite one another when t",they,Beatrice,"Hero and Margaret have by this played Beatrice parts with Beatrice, and then the two bears will not bite one another whe",female,7
MUCH ADO ABOUT NOTHING,3,2,DON JOHN,"If it please you; yet Count Claudio may hear, for what I would speak of concerns him.",it,Claudio,"If Claudio please you; yet Count Claudio may hear, for what I would speak of concerns him.",male,7
MUCH ADO ABOUT NOTHING,3,2,DON JOHN,"If it please you; yet Count Claudio may hear, for what I would speak of concerns him.",him,Claudio,"If Claudio please you; yet Count Claudio may hear, for what I would speak of concerns Claudio.",male,7
MUCH ADO ABOUT NOTHING,3,2,DON PEDRO,You know he does.,he,DON PEDRO,You know DON PEDRO does.,male,7
MUCH ADO ABOUT NOTHING,3,2,DON JOHN,"I know not that, when he knows what I know.",he,DON JOHN,"I know not that, when DON JOHN knows what I know.",male,7
MUCH ADO ABOUT NOTHING,3,2,CLAUDIO,"If there be any impediment, I pray you discover it.",it,CLAUDIO,"If there be any impediment, I pray you discover CLAUDIO.",male,7
MUCH ADO ABOUT NOTHING,3,2,DON JOHN,"For my brother, I think he holds you well, and in dearness of heart hath holp to effect your ensuing marriage; surely su",he,DON JOHN,"For my brother, I think DON JOHN holds you well, and in dearness of heart hath holp to effect your ensuing marriage; sur",male,7
MUCH ADO ABOUT NOTHING,3,2,DON JOHN,"I came hither to tell you; and circumstances shortened,—for she has been too long a talking of,—the lady is disloyal.",she,Beatrice,"I came hither to tell you; and circumstances shortened,—for Beatrice has been too long a talking of,—the lady is disloya",female,7
MUCH ADO ABOUT NOTHING,3,2,DON JOHN,"Even she: Leonato's Hero, your Hero, every man's Hero.",she,Hero,"Even Hero: Leonato's Hero, your Hero, every man's Hero.",female,7
MUCH ADO ABOUT NOTHING,3,2,DON JOHN,"The word's too good to paint out her wickedness; I could say, she were worse: think you of a worse title, and I will fit",her,Hero,"The word's too good to paint out Hero wickedness; I could say, she were worse: think you of a worse title, and I will fi",female,7
MUCH ADO ABOUT NOTHING,3,2,DON JOHN,"The word's too good to paint out her wickedness; I could say, she were worse: think you of a worse title, and I will fit",she,Hero,"The word's too good to paint out Hero wickedness; I could say, Hero were worse: think you of a worse title, and I will f",female,7
MUCH ADO ABOUT NOTHING,3,2,DON JOHN,"The word's too good to paint out her wickedness; I could say, she were worse: think you of a worse title, and I will fit",her,Hero,"The word's too good to paint out Hero wickedness; I could say, Hero were worse: think you of a worse title, and I will f",female,7
MUCH ADO ABOUT NOTHING,3,2,DON JOHN,"The word's too good to paint out her wickedness; I could say, she were worse: think you of a worse title, and I will fit",it,DON JOHN,"The word's too good to paint out Hero wickedness; I could say, Hero were worse: think you of a worse title, and I will f",male,7
MUCH ADO ABOUT NOTHING,3,2,DON JOHN,"Wonder not till further warrant: go but with me tonight, you shall see her chamber window entered, even the night before",her,Hero,"Wonder not till further warrant: go but with me tonight, you shall see Hero chamber window entered, even the night befor",female,7
MUCH ADO ABOUT NOTHING,3,2,DON JOHN,"Wonder not till further warrant: go but with me tonight, you shall see her chamber window entered, even the night before",her,Hero,"Wonder not till further warrant: go but with me tonight, you shall see Hero chamber window entered, even the night befor",female,7
MUCH ADO ABOUT NOTHING,3,2,DON JOHN,"Wonder not till further warrant: go but with me tonight, you shall see her chamber window entered, even the night before",her,Hero,"Wonder not till further warrant: go but with me tonight, you shall see Hero chamber window entered, even the night befor",female,7
MUCH ADO ABOUT NOTHING,3,2,DON JOHN,"Wonder not till further warrant: go but with me tonight, you shall see her chamber window entered, even the night before",her,Hero,"Wonder not till further warrant: go but with me tonight, you shall see Hero chamber window entered, even the night befor",female,7
MUCH ADO ABOUT NOTHING,3,2,DON JOHN,"Wonder not till further warrant: go but with me tonight, you shall see her chamber window entered, even the night before",it,DON JOHN,"Wonder not till further warrant: go but with me tonight, you shall see Hero chamber window entered, even the night befor",male,7
MUCH ADO ABOUT NOTHING,3,2,DON PEDRO,I will not think it.,it,DON PEDRO,I will not think DON PEDRO.,male,7
MUCH ADO ABOUT NOTHING,3,2,CLAUDIO,"If I see anything tonight why I should not marry her tomorrow, in the congregation, where I should wed, there will I sha",her,Hero,"If I see anything tonight why I should not marry Hero tomorrow, in the congregation, where I should wed, there will I sh",female,7
MUCH ADO ABOUT NOTHING,3,2,CLAUDIO,"If I see anything tonight why I should not marry her tomorrow, in the congregation, where I should wed, there will I sha",her,Hero,"If I see anything tonight why I should not marry Hero tomorrow, in the congregation, where I should wed, there will I sh",female,7
MUCH ADO ABOUT NOTHING,3,2,DON PEDRO,"And, as I wooed for thee to obtain her, I will join with thee to disgrace her.",her,Hero,"And, as I wooed for thee to obtain Hero, I will join with thee to disgrace her.",female,7
MUCH ADO ABOUT NOTHING,3,2,DON PEDRO,"And, as I wooed for thee to obtain her, I will join with thee to disgrace her.",her,Hero,"And, as I wooed for thee to obtain Hero, I will join with thee to disgrace Hero.",female,7
MUCH ADO ABOUT NOTHING,3,2,DON JOHN,"I will disparage her no farther till you are my witnesses: bear it coldly but till midnight, and let the issue show itse",her,Hero,"I will disparage Hero no farther till you are my witnesses: bear it coldly but till midnight, and let the issue show its",female,7
MUCH ADO ABOUT NOTHING,3,2,DON JOHN,"I will disparage her no farther till you are my witnesses: bear it coldly but till midnight, and let the issue show itse",it,DON JOHN,"I will disparage Hero no farther till you are my witnesses: bear DON JOHN coldly but till midnight, and let the issue sh",male,7
MUCH ADO ABOUT NOTHING,3,3,VERGES,"Yea, or else it were pity",it,VERGES,"Yea, or else VERGES were pity",male,2
MUCH ADO ABOUT NOTHING,3,3,VERGES,"but they should suffer salvation, body and soul.",they,VERGES,"but VERGES should suffer salvation, body and soul.",male,3
MUCH ADO ABOUT NOTHING,3,3,DOGBERRY,"Nay, that were a punishment too good for them, if they should have any allegiance in them, being chosen for the Prince's",them,DOGBERRY,"Nay, that were a punishment too good for DOGBERRY, if they should have any allegiance in them, being chosen for the Prin",male,4
MUCH ADO ABOUT NOTHING,3,3,DOGBERRY,"Nay, that were a punishment too good for them, if they should have any allegiance in them, being chosen for the Prince's",they,DOGBERRY,"Nay, that were a punishment too good for DOGBERRY, if DOGBERRY should have any allegiance in them, being chosen for the ",male,4
MUCH ADO ABOUT NOTHING,3,3,DOGBERRY,"Nay, that were a punishment too good for them, if they should have any allegiance in them, being chosen for the Prince's",them,DOGBERRY,"Nay, that were a punishment too good for DOGBERRY, if DOGBERRY should have any allegiance in DOGBERRY, being chosen for ",male,4
MUCH ADO ABOUT NOTHING,3,3,VERGES,"Well, give them their charge, neighbour Dogberry.",them,Dogberry,"Well, give Dogberry their charge, neighbour Dogberry.",male,6
MUCH ADO ABOUT NOTHING,3,3,VERGES,"Well, give them their charge, neighbour Dogberry.",their,Dogberry,"Well, give Dogberry Dogberry charge, neighbour Dogberry.",male,6
MUCH ADO ABOUT NOTHING,3,3,FIRST WATCH,"Hugh Oatcake, sir, or George Seacoal; for they can write and read.",they,FIRST WATCH,"Hugh Oatcake, sir, or George Seacoal; for FIRST WATCH can write and read.",neutral,7
MUCH ADO ABOUT NOTHING,3,3,DOGBERRY,You have: I knew it would be your answer.,it,DOGBERRY,You have: I knew DOGBERRY would be your answer.,male,7
MUCH ADO ABOUT NOTHING,3,3,DOGBERRY,"Well, for your favour, sir, why, give God thanks, and make no boast of it; and for your writing and reading, let that ap",it,DOGBERRY,"Well, for your favour, sir, why, give God thanks, and make no boast of DOGBERRY; and for your writing and reading, let t",male,7
MUCH ADO ABOUT NOTHING,3,3,DOGBERRY,"Why, then, take no note of him, but let him go; and presently call the rest of the watch together, and thank God you are",him,DOGBERRY,"Why, then, take no note of DOGBERRY, but let him go; and presently call the rest of the watch together, and thank God yo",male,7
MUCH ADO ABOUT NOTHING,3,3,DOGBERRY,"Why, then, take no note of him, but let him go; and presently call the rest of the watch together, and thank God you are",him,DOGBERRY,"Why, then, take no note of DOGBERRY, but let DOGBERRY go; and presently call the rest of the watch together, and thank G",male,7
MUCH ADO ABOUT NOTHING,3,3,VERGES,"If he will not stand when he is bidden, he is none of the Prince's subjects.",he,VERGES,"If VERGES will not stand when he is bidden, he is none of the Prince's subjects.",male,7
MUCH ADO ABOUT NOTHING,3,3,VERGES,"If he will not stand when he is bidden, he is none of the Prince's subjects.",he,VERGES,"If VERGES will not stand when VERGES is bidden, he is none of the Prince's subjects.",male,7
MUCH ADO ABOUT NOTHING,3,3,VERGES,"If he will not stand when he is bidden, he is none of the Prince's subjects.",he,VERGES,"If VERGES will not stand when VERGES is bidden, VERGES is none of the Prince's subjects.",male,7
MUCH ADO ABOUT NOTHING,3,3,DOGBERRY,"True, and they are to meddle with none but the Prince's subjects.",they,DOGBERRY,"True, and DOGBERRY are to meddle with none but the Prince's subjects.",male,7
MUCH ADO ABOUT NOTHING,3,3,DOGBERRY,"Well, you are to call at all the alehouses, and bid those that are drunk get them to bed.",them,DOGBERRY,"Well, you are to call at all the alehouses, and bid those that are drunk get DOGBERRY to bed.",male,7
MUCH ADO ABOUT NOTHING,3,3,SECOND WATCH,How if they will not?,they,SECOND WATCH,How if SECOND WATCH will not?,neutral,7
MUCH ADO ABOUT NOTHING,3,3,DOGBERRY,"Why then, let them alone till they are sober: if they make you not then the better answer, you may say they are not the ",them,DOGBERRY,"Why then, let DOGBERRY alone till they are sober: if they make you not then the better answer, you may say they are not ",male,7
MUCH ADO ABOUT NOTHING,3,3,DOGBERRY,"Why then, let them alone till they are sober: if they make you not then the better answer, you may say they are not the ",they,DOGBERRY,"Why then, let DOGBERRY alone till DOGBERRY are sober: if they make you not then the better answer, you may say they are ",male,7
MUCH ADO ABOUT NOTHING,3,3,DOGBERRY,"Why then, let them alone till they are sober: if they make you not then the better answer, you may say they are not the ",they,DOGBERRY,"Why then, let DOGBERRY alone till DOGBERRY are sober: if DOGBERRY make you not then the better answer, you may say they ",male,7
MUCH ADO ABOUT NOTHING,3,3,DOGBERRY,"Why then, let them alone till they are sober: if they make you not then the better answer, you may say they are not the ",they,DOGBERRY,"Why then, let DOGBERRY alone till DOGBERRY are sober: if DOGBERRY make you not then the better answer, you may say DOGBE",male,7
MUCH ADO ABOUT NOTHING,3,3,DOGBERRY,"Why then, let them alone till they are sober: if they make you not then the better answer, you may say they are not the ",them,DOGBERRY,"Why then, let DOGBERRY alone till DOGBERRY are sober: if DOGBERRY make you not then the better answer, you may say DOGBE",male,7
MUCH ADO ABOUT NOTHING,3,3,DOGBERRY,"If you meet a thief, you may suspect him, by virtue of your office, to be no true man; and, for such kind of men, the le",him,DOGBERRY,"If you meet a thief, you may suspect DOGBERRY, by virtue of your office, to be no true man; and, for such kind of men, t",male,7
MUCH ADO ABOUT NOTHING,3,3,DOGBERRY,"If you meet a thief, you may suspect him, by virtue of your office, to be no true man; and, for such kind of men, the le",them,DOGBERRY,"If you meet a thief, you may suspect DOGBERRY, by virtue of your office, to be no true man; and, for such kind of men, t",male,7
MUCH ADO ABOUT NOTHING,3,3,SECOND WATCH,"If we know him to be a thief, shall we not lay hands on him?",him,DOGBERRY,"If we know DOGBERRY to be a thief, shall we not lay hands on him?",male,7
MUCH ADO ABOUT NOTHING,3,3,SECOND WATCH,"If we know him to be a thief, shall we not lay hands on him?",him,DOGBERRY,"If we know DOGBERRY to be a thief, shall we not lay hands on DOGBERRY?",male,7
MUCH ADO ABOUT NOTHING,3,3,DOGBERRY,"Truly, by your office, you may; but I think they that touch pitch will be defiled.",they,DOGBERRY,"Truly, by your office, you may; but I think DOGBERRY that touch pitch will be defiled.",male,7
MUCH ADO ABOUT NOTHING,3,3,DOGBERRY,"The most peaceable way for you, if you do take a thief, is to let him show himself what he is and steal out of your comp",him,DOGBERRY,"The most peaceable way for you, if you do take a thief, is to let DOGBERRY show himself what he is and steal out of your",male,7
MUCH ADO ABOUT NOTHING,3,3,DOGBERRY,"The most peaceable way for you, if you do take a thief, is to let him show himself what he is and steal out of your comp",himself,DOGBERRY,"The most peaceable way for you, if you do take a thief, is to let DOGBERRY show DOGBERRY what he is and steal out of you",male,7
MUCH ADO ABOUT NOTHING,3,3,DOGBERRY,"The most peaceable way for you, if you do take a thief, is to let him show himself what he is and steal out of your comp",he,DOGBERRY,"The most peaceable way for you, if you do take a thief, is to let DOGBERRY show DOGBERRY what DOGBERRY is and steal out ",male,7
MUCH ADO ABOUT NOTHING,3,3,DOGBERRY,"Truly, I would not hang a dog by my will, much more a man who hath any honesty in him.",him,DOGBERRY,"Truly, I would not hang a dog by my will, much more a man who hath any honesty in DOGBERRY.",male,7
MUCH ADO ABOUT NOTHING,3,3,VERGES,"If you hear a child cry in the night, you must call to the nurse and bid her still it.",her,VERGES,"If you hear a child cry in the night, you must call to the nurse and bid VERGES still it.",male,7
MUCH ADO ABOUT NOTHING,3,3,VERGES,"If you hear a child cry in the night, you must call to the nurse and bid her still it.",it,VERGES,"If you hear a child cry in the night, you must call to the nurse and bid VERGES still VERGES.",male,7
MUCH ADO ABOUT NOTHING,3,3,DOGBERRY,"Why then, depart in peace, and let the child wake her with crying; for the ewe that will not hear her lamb when it baes,",her,DOGBERRY,"Why then, depart in peace, and let the child wake DOGBERRY with crying; for the ewe that will not hear her lamb when it ",male,7
MUCH ADO ABOUT NOTHING,3,3,DOGBERRY,"Why then, depart in peace, and let the child wake her with crying; for the ewe that will not hear her lamb when it baes,",her,DOGBERRY,"Why then, depart in peace, and let the child wake DOGBERRY with crying; for the ewe that will not hear DOGBERRY lamb whe",male,7
MUCH ADO ABOUT NOTHING,3,3,DOGBERRY,"Why then, depart in peace, and let the child wake her with crying; for the ewe that will not hear her lamb when it baes,",it,DOGBERRY,"Why then, depart in peace, and let the child wake DOGBERRY with crying; for the ewe that will not hear DOGBERRY lamb whe",male,7
MUCH ADO ABOUT NOTHING,3,3,DOGBERRY,"Why then, depart in peace, and let the child wake her with crying; for the ewe that will not hear her lamb when it baes,",he,DOGBERRY,"Why then, depart in peace, and let the child wake DOGBERRY with crying; for the ewe that will not hear DOGBERRY lamb whe",male,7
MUCH ADO ABOUT NOTHING,3,3,DOGBERRY,"You constable, are to present the Prince's own person: if you meet the Prince in the night, you may stay him.",him,DOGBERRY,"You constable, are to present the Prince's own person: if you meet the Prince in the night, you may stay DOGBERRY.",male,7
MUCH ADO ABOUT NOTHING,3,3,DOGBERRY,"Five shillings to one on't, with any man that knows the statutes, he may stay him: marry, not without the Prince be will",he,DOGBERRY,"Five shillings to one on't, with any man that knows the statutes, DOGBERRY may stay him: marry, not without the Prince b",male,7
MUCH ADO ABOUT NOTHING,3,3,DOGBERRY,"Five shillings to one on't, with any man that knows the statutes, he may stay him: marry, not without the Prince be will",him,DOGBERRY,"Five shillings to one on't, with any man that knows the statutes, DOGBERRY may stay DOGBERRY: marry, not without the Pri",male,7
MUCH ADO ABOUT NOTHING,3,3,DOGBERRY,"Five shillings to one on't, with any man that knows the statutes, he may stay him: marry, not without the Prince be will",it,DOGBERRY,"Five shillings to one on't, with any man that knows the statutes, DOGBERRY may stay DOGBERRY: marry, not without the Pri",male,7
MUCH ADO ABOUT NOTHING,3,3,DOGBERRY,"Five shillings to one on't, with any man that knows the statutes, he may stay him: marry, not without the Prince be will",his,DOGBERRY,"Five shillings to one on't, with any man that knows the statutes, DOGBERRY may stay DOGBERRY: marry, not without the Pri",male,7
MUCH ADO ABOUT NOTHING,3,3,VERGES,"By'r lady, I think it be so.",it,VERGES,"By'r lady, I think VERGES be so.",male,7
MUCH ADO ABOUT NOTHING,3,3,BORACHIO,"Stand thee close then under this penthouse, for it drizzles rain, and I will, like a true drunkard, utter all to thee.",it,BORACHIO,"Stand thee close then under this penthouse, for BORACHIO drizzles rain, and I will, like a true drunkard, utter all to t",male,7
MUCH ADO ABOUT NOTHING,3,3,CONRADE,Is it possible that any villainy should be so dear?,it,CONRADE,Is CONRADE possible that any villainy should be so dear?,male,7
MUCH ADO ABOUT NOTHING,3,3,BORACHIO,Thou shouldst rather ask if it were possible any villainy should be so rich; for when rich villains have need of poor on,it,BORACHIO,Thou shouldst rather ask if BORACHIO were possible any villainy should be so rich; for when rich villains have need of p,male,7
MUCH ADO ABOUT NOTHING,3,3,BORACHIO,Thou shouldst rather ask if it were possible any villainy should be so rich; for when rich villains have need of poor on,they,BORACHIO,Thou shouldst rather ask if BORACHIO were possible any villainy should be so rich; for when rich villains have need of p,male,7
MUCH ADO ABOUT NOTHING,3,3,CONRADE,I wonder at it.,it,CONRADE,I wonder at CONRADE.,male,7
MUCH ADO ABOUT NOTHING,3,3,CONRADE,"Yes, it is apparel.",it,CONRADE,"Yes, CONRADE is apparel.",male,7
MUCH ADO ABOUT NOTHING,3,3,WATCH,Aside I know that Deformed; a' has been a vile thief this seven years; a' goes up and down like a gentleman: I remember ,his,BORACHIO,Aside I know that Deformed; a' has been a vile thief this seven years; a' goes up and down like a gentleman: I remember ,male,7
MUCH ADO ABOUT NOTHING,3,3,BORACHIO,how giddily he turns about all the hot bloods between fourteen and five-and-thirty?,he,BORACHIO,how giddily BORACHIO turns about all the hot bloods between fourteen and five-and-thirty?,male,7
MUCH ADO ABOUT NOTHING,3,3,BORACHIO,sometime fashioning them like Pharaoh's soldiers in the reechy painting; sometime like god Bel's priests in the old chur,them,Hercules,sometime fashioning Hercules like Pharaoh's soldiers in the reechy painting; sometime like god Bel's priests in the old ,neutral,7
MUCH ADO ABOUT NOTHING,3,3,BORACHIO,sometime fashioning them like Pharaoh's soldiers in the reechy painting; sometime like god Bel's priests in the old chur,his,BORACHIO,sometime fashioning Hercules like Pharaoh's soldiers in the reechy painting; sometime like god Bel's priests in the old ,male,7
MUCH ADO ABOUT NOTHING,3,3,BORACHIO,sometime fashioning them like Pharaoh's soldiers in the reechy painting; sometime like god Bel's priests in the old chur,his,BORACHIO,sometime fashioning Hercules like Pharaoh's soldiers in the reechy painting; sometime like god Bel's priests in the old ,male,7
MUCH ADO ABOUT NOTHING,3,3,BORACHIO,"Not so neither; but know, that I have tonight wooed Margaret, the Lady Hero's gentlewoman, by the name of Hero: she lean",she,Hero,"Not so neither; but know, that I have tonight wooed Margaret, the Lady Hero's gentlewoman, by the name of Hero: Hero lea",female,7
MUCH ADO ABOUT NOTHING,3,3,BORACHIO,"Not so neither; but know, that I have tonight wooed Margaret, the Lady Hero's gentlewoman, by the name of Hero: she lean",her,Hero,"Not so neither; but know, that I have tonight wooed Margaret, the Lady Hero's gentlewoman, by the name of Hero: Hero lea",female,7
MUCH ADO ABOUT NOTHING,3,3,CONRADE,And thought they Margaret was Hero?,they,Hero,And thought Hero Margaret was Hero?,female,7
MUCH ADO ABOUT NOTHING,3,3,BORACHIO,"Two of them did, the Prince and Claudio; but the devil my master, knew she was Margaret; and partly by his oaths, which ",them,Claudio,"Two of Claudio did, the Prince and Claudio; but the devil my master, knew she was Margaret; and partly by his oaths, whi",male,7
MUCH ADO ABOUT NOTHING,3,3,BORACHIO,"Two of them did, the Prince and Claudio; but the devil my master, knew she was Margaret; and partly by his oaths, which ",she,Margaret,"Two of Claudio did, the Prince and Claudio; but the devil my master, knew Margaret was Margaret; and partly by his oaths",female,7
MUCH ADO ABOUT NOTHING,3,3,BORACHIO,"Two of them did, the Prince and Claudio; but the devil my master, knew she was Margaret; and partly by his oaths, which ",his,Claudio,"Two of Claudio did, the Prince and Claudio; but the devil my master, knew Margaret was Margaret; and partly by Claudio o",male,7
MUCH ADO ABOUT NOTHING,3,3,BORACHIO,"Two of them did, the Prince and Claudio; but the devil my master, knew she was Margaret; and partly by his oaths, which ",them,Claudio,"Two of Claudio did, the Prince and Claudio; but the devil my master, knew Margaret was Margaret; and partly by Claudio o",male,7
MUCH ADO ABOUT NOTHING,3,3,BORACHIO,"Two of them did, the Prince and Claudio; but the devil my master, knew she was Margaret; and partly by his oaths, which ",them,Claudio,"Two of Claudio did, the Prince and Claudio; but the devil my master, knew Margaret was Margaret; and partly by Claudio o",male,7
MUCH ADO ABOUT NOTHING,3,3,BORACHIO,"Two of them did, the Prince and Claudio; but the devil my master, knew she was Margaret; and partly by his oaths, which ",he,Claudio,"Two of Claudio did, the Prince and Claudio; but the devil my master, knew Margaret was Margaret; and partly by Claudio o",male,7
MUCH ADO ABOUT NOTHING,3,3,BORACHIO,"Two of them did, the Prince and Claudio; but the devil my master, knew she was Margaret; and partly by his oaths, which ",her,Margaret,"Two of Claudio did, the Prince and Claudio; but the devil my master, knew Margaret was Margaret; and partly by Claudio o",female,7
MUCH ADO ABOUT NOTHING,3,3,BORACHIO,"Two of them did, the Prince and Claudio; but the devil my master, knew she was Margaret; and partly by his oaths, which ",he,Claudio,"Two of Claudio did, the Prince and Claudio; but the devil my master, knew Margaret was Margaret; and partly by Claudio o",male,7
MUCH ADO ABOUT NOTHING,3,3,BORACHIO,"Two of them did, the Prince and Claudio; but the devil my master, knew she was Margaret; and partly by his oaths, which ",her,Margaret,"Two of Claudio did, the Prince and Claudio; but the devil my master, knew Margaret was Margaret; and partly by Claudio o",female,7
MUCH ADO ABOUT NOTHING,3,3,BORACHIO,"Two of them did, the Prince and Claudio; but the devil my master, knew she was Margaret; and partly by his oaths, which ",he,Claudio,"Two of Claudio did, the Prince and Claudio; but the devil my master, knew Margaret was Margaret; and partly by Claudio o",male,7
MUCH ADO ABOUT NOTHING,3,3,BORACHIO,"Two of them did, the Prince and Claudio; but the devil my master, knew she was Margaret; and partly by his oaths, which ",her,Margaret,"Two of Claudio did, the Prince and Claudio; but the devil my master, knew Margaret was Margaret; and partly by Claudio o",female,7
MUCH ADO ABOUT NOTHING,3,3,FIRST WATCH,"And one Deformed is one of them: I know him, a' wears a lock.",them,FIRST WATCH,"And one Deformed is one of FIRST WATCH: I know him, a' wears a lock.",neutral,7
MUCH ADO ABOUT NOTHING,3,3,FIRST WATCH,"And one Deformed is one of them: I know him, a' wears a lock.",him,Claudio,"And one Deformed is one of FIRST WATCH: I know Claudio, a' wears a lock.",male,7
MUCH ADO ABOUT NOTHING,3,4,HERO,"Good Ursula, wake my cousin Beatrice, and desire her to rise.",her,Beatrice,"Good Ursula, wake my cousin Beatrice, and desire Beatrice to rise.",female,3
MUCH ADO ABOUT NOTHING,3,4,HERO,And bid her come hither.,her,HERO,And bid HERO come hither.,female,5
MUCH ADO ABOUT NOTHING,3,4,MARGARET,I saw the Duchess of Milan's gown that they praise so.,they,MARGARET,I saw the Duchess of Milan's gown that MARGARET praise so.,female,7
MUCH ADO ABOUT NOTHING,3,4,HERO,"that exceeds, they say.",they,HERO,"that exceeds, HERO say.",female,7
MUCH ADO ABOUT NOTHING,3,4,HERO,God give me joy to wear it!,it,HERO,God give me joy to wear HERO!,female,7
MUCH ADO ABOUT NOTHING,3,4,MARGARET,"None, I think, and it be the right husband and the right wife; otherwise 'tis light, and not heavy: ask my Lady Beatrice",it,Lady Beatrice,"None, I think, and Lady Beatrice be the right husband and the right wife; otherwise 'tis light, and not heavy: ask my La",female,7
MUCH ADO ABOUT NOTHING,3,4,MARGARET,"None, I think, and it be the right husband and the right wife; otherwise 'tis light, and not heavy: ask my Lady Beatrice",she,Lady Beatrice,"None, I think, and Lady Beatrice be the right husband and the right wife; otherwise 'tis light, and not heavy: ask my La",female,7
MUCH ADO ABOUT NOTHING,3,4,MARGARET,"Clap's into 'Light o' love'; that goes without a burden: do you sing it, and I'll dance it.",it,MARGARET,"Clap's into 'Light o' love'; that goes without a burden: do you sing MARGARET, and I'll dance it.",female,7
MUCH ADO ABOUT NOTHING,3,4,MARGARET,"Clap's into 'Light o' love'; that goes without a burden: do you sing it, and I'll dance it.",it,MARGARET,"Clap's into 'Light o' love'; that goes without a burden: do you sing MARGARET, and I'll dance MARGARET.",female,7
MUCH ADO ABOUT NOTHING,3,4,BEATRICE,"then, if your husband have stables enough, you'll see he shall lack no barnes.",he,BEATRICE,"then, if your husband have stables enough, you'll see BEATRICE shall lack no barnes.",female,7
MUCH ADO ABOUT NOTHING,3,4,BEATRICE,"For the letter that begins them all, H.",them,BEATRICE,"For the letter that begins BEATRICE all, H.",female,7
MUCH ADO ABOUT NOTHING,3,4,MARGARET,Nothing I; but God send everyone their heart's desire!,their,MARGARET,Nothing I; but God send everyone MARGARET heart's desire!,female,7
MUCH ADO ABOUT NOTHING,3,4,HERO,These gloves the Count sent me; they are an excellent perfume.,they,HERO,These gloves the Count sent me; HERO are an excellent perfume.,female,7
MUCH ADO ABOUT NOTHING,3,4,MARGARET,Ever since you left it.,it,MARGARET,Ever since you left MARGARET.,female,7
MUCH ADO ABOUT NOTHING,3,4,BEATRICE,"It is not seen enough, you should wear it in your cap.",It,BEATRICE,"BEATRICE is not seen enough, you should wear it in your cap.",female,7
MUCH ADO ABOUT NOTHING,3,4,BEATRICE,"It is not seen enough, you should wear it in your cap.",it,BEATRICE,"BEATRICE is not seen enough, you should wear BEATRICE in your cap.",female,7
MUCH ADO ABOUT NOTHING,3,4,MARGARET,"Get you some of this distilled Carduus benedictus, and lay it to your heart: it is the only thing for a qualm.",it,benedictus,"Get you some of this distilled Carduus benedictus, and lay benedictus to your heart: it is the only thing for a qualm.",neutral,7
MUCH ADO ABOUT NOTHING,3,4,MARGARET,"Get you some of this distilled Carduus benedictus, and lay it to your heart: it is the only thing for a qualm.",it,benedictus,"Get you some of this distilled Carduus benedictus, and lay benedictus to your heart: benedictus is the only thing for a ",neutral,7
MUCH ADO ABOUT NOTHING,3,4,HERO,There thou prick'st her with a thistle.,her,HERO,There thou prick'st HERO with a thistle.,female,7
MUCH ADO ABOUT NOTHING,3,4,MARGARET,"Yet Benedick was such another, and now is he become a man: he swore he would never marry; and yet now, in despite of his",he,Benedick,"Yet Benedick was such another, and now is Benedick become a man: he swore he would never marry; and yet now, in despite ",male,7
MUCH ADO ABOUT NOTHING,3,4,MARGARET,"Yet Benedick was such another, and now is he become a man: he swore he would never marry; and yet now, in despite of his",he,Benedick,"Yet Benedick was such another, and now is Benedick become a man: Benedick swore he would never marry; and yet now, in de",male,7
MUCH ADO ABOUT NOTHING,3,4,MARGARET,"Yet Benedick was such another, and now is he become a man: he swore he would never marry; and yet now, in despite of his",he,Benedick,"Yet Benedick was such another, and now is Benedick become a man: Benedick swore Benedick would never marry; and yet now,",male,7
MUCH ADO ABOUT NOTHING,3,4,MARGARET,"Yet Benedick was such another, and now is he become a man: he swore he would never marry; and yet now, in despite of his",his,Benedick,"Yet Benedick was such another, and now is Benedick become a man: Benedick swore Benedick would never marry; and yet now,",male,7
MUCH ADO ABOUT NOTHING,3,4,MARGARET,"Yet Benedick was such another, and now is he become a man: he swore he would never marry; and yet now, in despite of his",he,Benedick,"Yet Benedick was such another, and now is Benedick become a man: Benedick swore Benedick would never marry; and yet now,",male,7
MUCH ADO ABOUT NOTHING,3,4,MARGARET,"Yet Benedick was such another, and now is he become a man: he swore he would never marry; and yet now, in despite of his",his,Benedick,"Yet Benedick was such another, and now is Benedick become a man: Benedick swore Benedick would never marry; and yet now,",male,7
MUCH ADO ABOUT NOTHING,3,5,LEONATO,"Brief, I pray you; for you see it is a busy time with me.",it,LEONATO,"Brief, I pray you; for you see LEONATO is a busy time with me.",male,3
MUCH ADO ABOUT NOTHING,3,5,DOGBERRY,"Marry, this it is, sir.",it,DOGBERRY,"Marry, this DOGBERRY is, sir.",male,4
MUCH ADO ABOUT NOTHING,3,5,VERGES,"Yes, in truth it is, sir.",it,VERGES,"Yes, in truth VERGES is, sir.",male,5
MUCH ADO ABOUT NOTHING,3,5,LEONATO,"What is it, my good friends?",it,LEONATO,"What is LEONATO, my good friends?",male,6
MUCH ADO ABOUT NOTHING,3,5,DOGBERRY,"Goodman Verges, sir, speaks a little off the matter: an old man, sir, and his wits are not so blunt as, God help, I woul",his,Verges,"Goodman Verges, sir, speaks a little off the matter: an old man, sir, and Verges wits are not so blunt as, God help, I w",male,7
MUCH ADO ABOUT NOTHING,3,5,DOGBERRY,"Goodman Verges, sir, speaks a little off the matter: an old man, sir, and his wits are not so blunt as, God help, I woul",they,Verges,"Goodman Verges, sir, speaks a little off the matter: an old man, sir, and Verges wits are not so blunt as, God help, I w",male,7
MUCH ADO ABOUT NOTHING,3,5,DOGBERRY,"Goodman Verges, sir, speaks a little off the matter: an old man, sir, and his wits are not so blunt as, God help, I woul",his,Verges,"Goodman Verges, sir, speaks a little off the matter: an old man, sir, and Verges wits are not so blunt as, God help, I w",male,7
MUCH ADO ABOUT NOTHING,3,5,DOGBERRY,"It pleases your worship to say so, but we are the poor Duke's officers; but truly, for mine own part, if I were as tedio",It,DOGBERRY,"DOGBERRY pleases your worship to say so, but we are the poor Duke's officers; but truly, for mine own part, if I were as",male,7
MUCH ADO ABOUT NOTHING,3,5,DOGBERRY,"It pleases your worship to say so, but we are the poor Duke's officers; but truly, for mine own part, if I were as tedio",it,DOGBERRY,"DOGBERRY pleases your worship to say so, but we are the poor Duke's officers; but truly, for mine own part, if I were as",male,7
MUCH ADO ABOUT NOTHING,3,5,DOGBERRY,"Yea, and 'twere a thousand pound more than 'tis; for I hear as good exclamation on your worship, as of any man in the ci",it,DOGBERRY,"Yea, and 'twere a thousand pound more than 'tis; for I hear as good exclamation on your worship, as of any man in the ci",male,7
MUCH ADO ABOUT NOTHING,3,5,DOGBERRY,"A good old man, sir; he will be talking; as they say, 'when the age is in, the wit is out.'",he,DOGBERRY,"A good old man, sir; DOGBERRY will be talking; as they say, 'when the age is in, the wit is out.'",male,7
MUCH ADO ABOUT NOTHING,3,5,DOGBERRY,"A good old man, sir; he will be talking; as they say, 'when the age is in, the wit is out.'",they,DOGBERRY,"A good old man, sir; DOGBERRY will be talking; as DOGBERRY say, 'when the age is in, the wit is out.'",male,7
MUCH ADO ABOUT NOTHING,3,5,DOGBERRY,it is a world to see!,it,DOGBERRY,DOGBERRY is a world to see!,male,7
MUCH ADO ABOUT NOTHING,3,5,DOGBERRY,"An honest soul, i' faith, sir; by my troth he is, as ever broke bread; but God is to be worshipped: all men are not alik",he,DOGBERRY,"An honest soul, i' faith, sir; by my troth DOGBERRY is, as ever broke bread; but God is to be worshipped: all men are no",male,7
MUCH ADO ABOUT NOTHING,3,5,LEONATO,"Indeed, neighbour, he comes too short of you.",he,LEONATO,"Indeed, neighbour, LEONATO comes too short of you.",male,7
MUCH ADO ABOUT NOTHING,3,5,DOGBERRY,"One word, sir: our watch, sir, have indeed comprehended two aspicious persons, and we would have them this morning exami",them,DOGBERRY,"One word, sir: our watch, sir, have indeed comprehended two aspicious persons, and we would have DOGBERRY this morning e",male,7
MUCH ADO ABOUT NOTHING,3,5,LEONATO,"Take their examination yourself, and bring it me: I am now in great haste, as may appear unto you.",their,LEONATO,"Take LEONATO examination yourself, and bring it me: I am now in great haste, as may appear unto you.",male,7
MUCH ADO ABOUT NOTHING,3,5,LEONATO,"Take their examination yourself, and bring it me: I am now in great haste, as may appear unto you.",it,LEONATO,"Take LEONATO examination yourself, and bring LEONATO me: I am now in great haste, as may appear unto you.",male,7
MUCH ADO ABOUT NOTHING,3,5,DOGBERRY,It shall be suffigance.,It,DOGBERRY,DOGBERRY shall be suffigance.,male,7
MUCH ADO ABOUT NOTHING,3,5,MESSENGER,"My lord, they stay for you to give your daughter to her husband.",they,MESSENGER,"My lord, MESSENGER stay for you to give your daughter to her husband.",neutral,7
MUCH ADO ABOUT NOTHING,3,5,MESSENGER,"My lord, they stay for you to give your daughter to her husband.",her,MESSENGER,"My lord, MESSENGER stay for you to give your daughter to MESSENGER husband.",neutral,7
MUCH ADO ABOUT NOTHING,3,5,LEONATO,I'll wait upon them: I am ready.,them,LEONATO,I'll wait upon LEONATO: I am ready.,male,7
MUCH ADO ABOUT NOTHING,3,5,DOGBERRY,"Go, good partner, go get you to Francis Seacoal; bid him bring his pen and inkhorn to the gaol: we are now to examinatio",him,DOGBERRY,"Go, good partner, go get you to Francis Seacoal; bid DOGBERRY bring his pen and inkhorn to the gaol: we are now to exami",male,7
MUCH ADO ABOUT NOTHING,3,5,DOGBERRY,"Go, good partner, go get you to Francis Seacoal; bid him bring his pen and inkhorn to the gaol: we are now to examinatio",his,DOGBERRY,"Go, good partner, go get you to Francis Seacoal; bid DOGBERRY bring DOGBERRY pen and inkhorn to the gaol: we are now to ",male,7
MUCH ADO ABOUT NOTHING,3,5,VERGES,And we must do it wisely.,it,VERGES,And we must do VERGES wisely.,male,7
MUCH ADO ABOUT NOTHING,3,5,DOGBERRY,"We will spare for no wit, I warrant you; here's that shall drive some of them to a non-come: only get the learned writer",them,DOGBERRY,"We will spare for no wit, I warrant you; here's that shall drive some of DOGBERRY to a non-come: only get the learned wr",male,7
MUCH ADO ABOUT NOTHING,4,1,LEONATO,"Come, Friar Francis, be brief: only to the plain form of marriage, and you shall recount their particular duties afterwa",their,Friar Francis,"Come, Friar Francis, be brief: only to the plain form of marriage, and you shall recount Friar Francis particular duties",male,2
MUCH ADO ABOUT NOTHING,4,1,LEONATO,"To be married to her, friar; you come to marry her.",her,LEONATO,"To be married to LEONATO, friar; you come to marry her.",male,5
MUCH ADO ABOUT NOTHING,4,1,LEONATO,"To be married to her, friar; you come to marry her.",her,LEONATO,"To be married to LEONATO, friar; you come to marry LEONATO.",male,5
MUCH ADO ABOUT NOTHING,4,1,FRIAR,"If either of you know any inward impediment, why you should not be conjoined, I charge you, on your souls, to utter it.",it,FRIAR,"If either of you know any inward impediment, why you should not be conjoined, I charge you, on your souls, to utter FRIA",neutral,7
MUCH ADO ABOUT NOTHING,4,1,LEONATO,I dare make his answer; none.,his,LEONATO,I dare make LEONATO answer; none.,male,7
MUCH ADO ABOUT NOTHING,4,1,CLAUDIO,"what men daily do, not knowing what they do!",they,CLAUDIO,"what men daily do, not knowing what CLAUDIO do!",male,7
MUCH ADO ABOUT NOTHING,4,1,BENEDICK,he!,he,BENEDICK,BENEDICK!,male,7
MUCH ADO ABOUT NOTHING,4,1,LEONATO,"As freely, son, as God did give her me.",her,HERO,"As freely, son, as God did give HERO me.",female,7
MUCH ADO ABOUT NOTHING,4,1,DON PEDRO,"Nothing, unless you render her again.",her,HERO,"Nothing, unless you render HERO again.",female,7
MUCH ADO ABOUT NOTHING,4,1,CLAUDIO,"There, Leonato, take her back again: Give not this rotten orange to your friend; She's but the sign and semblance of her",her,HERO,"There, Leonato, take HERO back again: Give not this rotten orange to your friend; She's but the sign and semblance of he",female,7
MUCH ADO ABOUT NOTHING,4,1,CLAUDIO,"There, Leonato, take her back again: Give not this rotten orange to your friend; She's but the sign and semblance of her",She,HERO,"There, Leonato, take HERO back again: Give not this rotten orange to your friend; HERO's but the sign and semblance of h",female,7
MUCH ADO ABOUT NOTHING,4,1,CLAUDIO,"There, Leonato, take her back again: Give not this rotten orange to your friend; She's but the sign and semblance of her",her,HERO,"There, Leonato, take HERO back again: Give not this rotten orange to your friend; HERO's but the sign and semblance of H",female,7
MUCH ADO ABOUT NOTHING,4,1,CLAUDIO,how like a maid she blushes here.,she,CLAUDIO,how like a maid CLAUDIO blushes here.,male,7
MUCH ADO ABOUT NOTHING,4,1,CLAUDIO,"Would you not swear, All you that see her, that she were a maid, By these exterior shows?",her,CLAUDIO,"Would you not swear, All you that see CLAUDIO, that she were a maid, By these exterior shows?",male,7
MUCH ADO ABOUT NOTHING,4,1,CLAUDIO,"Would you not swear, All you that see her, that she were a maid, By these exterior shows?",she,CLAUDIO,"Would you not swear, All you that see CLAUDIO, that CLAUDIO were a maid, By these exterior shows?",male,7
MUCH ADO ABOUT NOTHING,4,1,CLAUDIO,"But she is none: She knows the heat of a luxurious bed; Her blush is guiltiness, not modesty.",she,CLAUDIO,"But CLAUDIO is none: She knows the heat of a luxurious bed; Her blush is guiltiness, not modesty.",male,7
MUCH ADO ABOUT NOTHING,4,1,CLAUDIO,"But she is none: She knows the heat of a luxurious bed; Her blush is guiltiness, not modesty.",She,CLAUDIO,"But CLAUDIO is none: CLAUDIO knows the heat of a luxurious bed; Her blush is guiltiness, not modesty.",male,7
MUCH ADO ABOUT NOTHING,4,1,CLAUDIO,"But she is none: She knows the heat of a luxurious bed; Her blush is guiltiness, not modesty.",Her,CLAUDIO,"But CLAUDIO is none: CLAUDIO knows the heat of a luxurious bed; CLAUDIO blush is guiltiness, not modesty.",male,7
MUCH ADO ABOUT NOTHING,4,1,LEONATO,"Dear my lord, if you, in your own proof, Have vanquish'd the resistance of her youth, And made defeat of her virginity,—",her,LEONATO,"Dear my lord, if you, in your own proof, Have vanquish'd the resistance of LEONATO youth, And made defeat of her virgini",male,7
MUCH ADO ABOUT NOTHING,4,1,LEONATO,"Dear my lord, if you, in your own proof, Have vanquish'd the resistance of her youth, And made defeat of her virginity,—",her,LEONATO,"Dear my lord, if you, in your own proof, Have vanquish'd the resistance of LEONATO youth, And made defeat of LEONATO vir",male,7
MUCH ADO ABOUT NOTHING,4,1,CLAUDIO,"I know what you would say: if I have known her, You will say she did embrace me as a husband, And so extenuate the foreh",her,CLAUDIO,"I know what you would say: if I have known CLAUDIO, You will say she did embrace me as a husband, And so extenuate the f",male,7
MUCH ADO ABOUT NOTHING,4,1,CLAUDIO,"I know what you would say: if I have known her, You will say she did embrace me as a husband, And so extenuate the foreh",she,CLAUDIO,"I know what you would say: if I have known CLAUDIO, You will say CLAUDIO did embrace me as a husband, And so extenuate t",male,7
MUCH ADO ABOUT NOTHING,4,1,CLAUDIO,"No, Leonato, I never tempted her with word too large; But as a brother to his sister show'd Bashful sincerity and comely",her,Leonato,"No, Leonato, I never tempted Leonato with word too large; But as a brother to his sister show'd Bashful sincerity and co",male,7
MUCH ADO ABOUT NOTHING,4,1,CLAUDIO,"No, Leonato, I never tempted her with word too large; But as a brother to his sister show'd Bashful sincerity and comely",his,Leonato,"No, Leonato, I never tempted Leonato with word too large; But as a brother to Leonato sister show'd Bashful sincerity an",male,7
MUCH ADO ABOUT NOTHING,4,1,CLAUDIO,"I will write against it: You seem to me as Dian in her orb, As chaste as is the bud ere it be blown; But you are more in",it,CLAUDIO,"I will write against CLAUDIO: You seem to me as Dian in her orb, As chaste as is the bud ere it be blown; But you are mo",male,7
MUCH ADO ABOUT NOTHING,4,1,CLAUDIO,"I will write against it: You seem to me as Dian in her orb, As chaste as is the bud ere it be blown; But you are more in",her,HERO,"I will write against CLAUDIO: You seem to me as Dian in HERO orb, As chaste as is the bud ere it be blown; But you are m",female,7
MUCH ADO ABOUT NOTHING,4,1,CLAUDIO,"I will write against it: You seem to me as Dian in her orb, As chaste as is the bud ere it be blown; But you are more in",it,CLAUDIO,"I will write against CLAUDIO: You seem to me as Dian in HERO orb, As chaste as is the bud ere CLAUDIO be blown; But you ",male,7
MUCH ADO ABOUT NOTHING,4,1,HERO,"Is my lord well, that he doth speak so wide?",he,CLAUDIO,"Is my lord well, that CLAUDIO doth speak so wide?",male,7
MUCH ADO ABOUT NOTHING,4,1,DON JOHN,"Sir, they are spoken, and these things are true.",they,DON JOHN,"Sir, DON JOHN are spoken, and these things are true.",male,7
MUCH ADO ABOUT NOTHING,4,1,CLAUDIO,"Let me but move one question to your daughter, And by that fatherly and kindly power That you have in her, bid her answe",her,Hero,"Let me but move one question to your daughter, And by that fatherly and kindly power That you have in Hero, bid her answ",female,7
MUCH ADO ABOUT NOTHING,4,1,CLAUDIO,"Let me but move one question to your daughter, And by that fatherly and kindly power That you have in her, bid her answe",her,Hero,"Let me but move one question to your daughter, And by that fatherly and kindly power That you have in Hero, bid Hero ans",female,7
MUCH ADO ABOUT NOTHING,4,1,HERO,Is it not Hero?,it,Hero,Is Hero not Hero?,female,7
MUCH ADO ABOUT NOTHING,4,1,CLAUDIO,"What man was he talk'd with you yesternight Out at your window, betwixt twelve and one?",he,CLAUDIO,"What man was CLAUDIO talk'd with you yesternight Out at your window, betwixt twelve and one?",male,7
MUCH ADO ABOUT NOTHING,4,1,DON PEDRO,"Leonato, I am sorry you must hear: upon my honour, Myself, my brother, and this grieved Count, Did see her, hear her, at",her,HERO,"Leonato, I am sorry you must hear: upon my honour, Myself, my brother, and this grieved Count, Did see HERO, hear her, a",female,7
MUCH ADO ABOUT NOTHING,4,1,DON PEDRO,"Leonato, I am sorry you must hear: upon my honour, Myself, my brother, and this grieved Count, Did see her, hear her, at",her,HERO,"Leonato, I am sorry you must hear: upon my honour, Myself, my brother, and this grieved Count, Did see HERO, hear HERO, ",female,7
MUCH ADO ABOUT NOTHING,4,1,DON PEDRO,"Leonato, I am sorry you must hear: upon my honour, Myself, my brother, and this grieved Count, Did see her, hear her, at",her,HERO,"Leonato, I am sorry you must hear: upon my honour, Myself, my brother, and this grieved Count, Did see HERO, hear HERO, ",female,7
MUCH ADO ABOUT NOTHING,4,1,DON PEDRO,"Leonato, I am sorry you must hear: upon my honour, Myself, my brother, and this grieved Count, Did see her, hear her, at",they,Leonato,"Leonato, I am sorry you must hear: upon my honour, Myself, my brother, and this grieved Count, Did see HERO, hear HERO, ",male,7
MUCH ADO ABOUT NOTHING,4,1,DON JOHN,"they are not to be nam'd, my lord, Not to be spoke of; There is not chastity enough in language Without offence to utter",they,DON JOHN,"DON JOHN are not to be nam'd, my lord, Not to be spoke of; There is not chastity enough in language Without offence to u",male,7
MUCH ADO ABOUT NOTHING,4,1,DON JOHN,"they are not to be nam'd, my lord, Not to be spoke of; There is not chastity enough in language Without offence to utter",them,DON JOHN,"DON JOHN are not to be nam'd, my lord, Not to be spoke of; There is not chastity enough in language Without offence to u",male,7
MUCH ADO ABOUT NOTHING,4,1,CLAUDIO,"For thee I'll lock up all the gates of love, And on my eyelids shall conjecture hang, To turn all beauty into thoughts o",it,CLAUDIO,"For thee I'll lock up all the gates of love, And on my eyelids shall conjecture hang, To turn all beauty into thoughts o",male,7
MUCH ADO ABOUT NOTHING,4,1,DON JOHN,"These things, come thus to light, Smother her spirits up.",her,BEATRICE,"These things, come thus to light, Smother BEATRICE spirits up.",female,7
MUCH ADO ABOUT NOTHING,4,1,LEONATO,take not away thy heavy hand: Death is the fairest cover for her shame That may be wish'd for.,her,BEATRICE,take not away thy heavy hand: Death is the fairest cover for BEATRICE shame That may be wish'd for.,female,7
MUCH ADO ABOUT NOTHING,4,1,FRIAR,Yea; wherefore should she not?,she,Hero,Yea; wherefore should Hero not?,female,7
MUCH ADO ABOUT NOTHING,4,1,LEONATO,"Why, doth not every earthly thing Cry shame upon her?",her,Hero,"Why, doth not every earthly thing Cry shame upon Hero?",female,7
MUCH ADO ABOUT NOTHING,4,1,LEONATO,Could she here deny The story that is printed in her blood?,she,Hero,Could Hero here deny The story that is printed in her blood?,female,7
MUCH ADO ABOUT NOTHING,4,1,LEONATO,Could she here deny The story that is printed in her blood?,her,Hero,Could Hero here deny The story that is printed in Hero blood?,female,7
MUCH ADO ABOUT NOTHING,4,1,LEONATO,"Why had I not with charitable hand Took up a beggar's issue at my gates, Who smirched thus, and mir'd with infamy, I mig",it,LEONATO,"Why had I not with charitable hand Took up a beggar's issue at my gates, Who smirched thus, and mir'd with infamy, I mig",male,7
MUCH ADO ABOUT NOTHING,4,1,LEONATO,"But mine, and mine I lov'd, and mine I prais'd, And mine that I was proud on, mine so much That I myself was to myself n",her,Hero,"But mine, and mine I lov'd, and mine I prais'd, And mine that I was proud on, mine so much That I myself was to myself n",female,7
MUCH ADO ABOUT NOTHING,4,1,LEONATO,"But mine, and mine I lov'd, and mine I prais'd, And mine that I was proud on, mine so much That I myself was to myself n",she,Hero,"But mine, and mine I lov'd, and mine I prais'd, And mine that I was proud on, mine so much That I myself was to myself n",female,7
MUCH ADO ABOUT NOTHING,4,1,LEONATO,"she is fallen Into a pit of ink, that the wide sea Hath drops too few to wash her clean again, And salt too little which",she,Hero,"Hero is fallen Into a pit of ink, that the wide sea Hath drops too few to wash her clean again, And salt too little whic",female,7
MUCH ADO ABOUT NOTHING,4,1,LEONATO,"she is fallen Into a pit of ink, that the wide sea Hath drops too few to wash her clean again, And salt too little which",her,Hero,"Hero is fallen Into a pit of ink, that the wide sea Hath drops too few to wash Hero clean again, And salt too little whi",female,7
MUCH ADO ABOUT NOTHING,4,1,LEONATO,"she is fallen Into a pit of ink, that the wide sea Hath drops too few to wash her clean again, And salt too little which",her,Hero,"Hero is fallen Into a pit of ink, that the wide sea Hath drops too few to wash Hero clean again, And salt too little whi",female,7
MUCH ADO ABOUT NOTHING,4,1,BENEDICK,"Lady, were you her bedfellow last night?",her,BEATRICE,"Lady, were you BEATRICE bedfellow last night?",female,7
MUCH ADO ABOUT NOTHING,4,1,BEATRICE,"No, truly, not; although, until last night, I have this twelvemonth been her bedfellow.",her,BEATRICE,"No, truly, not; although, until last night, I have this twelvemonth been BEATRICE bedfellow.",female,7
MUCH ADO ABOUT NOTHING,4,1,LEONATO,"and Claudio lie, Who lov'd her so, that, speaking of her foulness, Wash'd it with tears?",her,BEATRICE,"and Claudio lie, Who lov'd BEATRICE so, that, speaking of her foulness, Wash'd it with tears?",female,7
MUCH ADO ABOUT NOTHING,4,1,LEONATO,"and Claudio lie, Who lov'd her so, that, speaking of her foulness, Wash'd it with tears?",her,BEATRICE,"and Claudio lie, Who lov'd BEATRICE so, that, speaking of BEATRICE foulness, Wash'd it with tears?",female,7
MUCH ADO ABOUT NOTHING,4,1,LEONATO,"and Claudio lie, Who lov'd her so, that, speaking of her foulness, Wash'd it with tears?",it,Claudio,"and Claudio lie, Who lov'd BEATRICE so, that, speaking of BEATRICE foulness, Wash'd Claudio with tears?",male,7
MUCH ADO ABOUT NOTHING,4,1,LEONATO,Hence from her!,her,BEATRICE,Hence from BEATRICE!,female,7
MUCH ADO ABOUT NOTHING,4,1,LEONATO,let her die.,her,BEATRICE,let BEATRICE die.,female,7
MUCH ADO ABOUT NOTHING,4,1,FRIAR,"For I have only been silent so long, And given way unto this course of fortune, By noting of the lady: I have mark'd A t",her,BEATRICE,"For I have only been silent so long, And given way unto this course of fortune, By noting of the lady: I have mark'd A t",female,7
MUCH ADO ABOUT NOTHING,4,1,FRIAR,"For I have only been silent so long, And given way unto this course of fortune, By noting of the lady: I have mark'd A t",her,BEATRICE,"For I have only been silent so long, And given way unto this course of fortune, By noting of the lady: I have mark'd A t",female,7
MUCH ADO ABOUT NOTHING,4,1,FRIAR,"For I have only been silent so long, And given way unto this course of fortune, By noting of the lady: I have mark'd A t",her,BEATRICE,"For I have only been silent so long, And given way unto this course of fortune, By noting of the lady: I have mark'd A t",female,7
MUCH ADO ABOUT NOTHING,4,1,LEONATO,"Friar, it cannot be.",it,LEONATO,"Friar, LEONATO cannot be.",male,7
MUCH ADO ABOUT NOTHING,4,1,LEONATO,Thou seest that all the grace that she hath left Is that she will not add to her damnation A sin of perjury: she not den,she,BEATRICE,Thou seest that all the grace that BEATRICE hath left Is that she will not add to her damnation A sin of perjury: she no,female,7
MUCH ADO ABOUT NOTHING,4,1,LEONATO,Thou seest that all the grace that she hath left Is that she will not add to her damnation A sin of perjury: she not den,she,BEATRICE,Thou seest that all the grace that BEATRICE hath left Is that BEATRICE will not add to her damnation A sin of perjury: s,female,7
MUCH ADO ABOUT NOTHING,4,1,LEONATO,Thou seest that all the grace that she hath left Is that she will not add to her damnation A sin of perjury: she not den,her,BEATRICE,Thou seest that all the grace that BEATRICE hath left Is that BEATRICE will not add to BEATRICE damnation A sin of perju,female,7
MUCH ADO ABOUT NOTHING,4,1,LEONATO,Thou seest that all the grace that she hath left Is that she will not add to her damnation A sin of perjury: she not den,she,BEATRICE,Thou seest that all the grace that BEATRICE hath left Is that BEATRICE will not add to BEATRICE damnation A sin of perju,female,7
MUCH ADO ABOUT NOTHING,4,1,LEONATO,Thou seest that all the grace that she hath left Is that she will not add to her damnation A sin of perjury: she not den,it,LEONATO,Thou seest that all the grace that BEATRICE hath left Is that BEATRICE will not add to BEATRICE damnation A sin of perju,male,7
MUCH ADO ABOUT NOTHING,4,1,FRIAR,"Lady, what man is he you are accus'd of?",he,LEONATO,"Lady, what man is LEONATO you are accus'd of?",male,7
MUCH ADO ABOUT NOTHING,4,1,HERO,"They know that do accuse me, I know none; If I know more of any man alive Than that which maiden modesty doth warrant, L",They,HERO,"HERO know that do accuse me, I know none; If I know more of any man alive Than that which maiden modesty doth warrant, L",female,7
MUCH ADO ABOUT NOTHING,4,1,BENEDICK,"Two of them have the very bent of honour; And if their wisdoms be misled in this, The practice of it lives in John the b",them,BENEDICK,"Two of BENEDICK have the very bent of honour; And if their wisdoms be misled in this, The practice of it lives in John t",male,7
MUCH ADO ABOUT NOTHING,4,1,BENEDICK,"Two of them have the very bent of honour; And if their wisdoms be misled in this, The practice of it lives in John the b",their,BENEDICK,"Two of BENEDICK have the very bent of honour; And if BENEDICK wisdoms be misled in this, The practice of it lives in Joh",male,7
MUCH ADO ABOUT NOTHING,4,1,BENEDICK,"Two of them have the very bent of honour; And if their wisdoms be misled in this, The practice of it lives in John the b",it,BENEDICK,"Two of BENEDICK have the very bent of honour; And if BENEDICK wisdoms be misled in this, The practice of BENEDICK lives ",male,7
MUCH ADO ABOUT NOTHING,4,1,LEONATO,"If they speak but truth of her, These hands shall tear her; if they wrong her honour, The proudest of them shall well he",they,LEONATO,"If LEONATO speak but truth of her, These hands shall tear her; if they wrong her honour, The proudest of them shall well",male,7
MUCH ADO ABOUT NOTHING,4,1,LEONATO,"If they speak but truth of her, These hands shall tear her; if they wrong her honour, The proudest of them shall well he",her,HERO,"If LEONATO speak but truth of HERO, These hands shall tear her; if they wrong her honour, The proudest of them shall wel",female,7
MUCH ADO ABOUT NOTHING,4,1,LEONATO,"If they speak but truth of her, These hands shall tear her; if they wrong her honour, The proudest of them shall well he",her,HERO,"If LEONATO speak but truth of HERO, These hands shall tear HERO; if they wrong her honour, The proudest of them shall we",female,7
MUCH ADO ABOUT NOTHING,4,1,LEONATO,"If they speak but truth of her, These hands shall tear her; if they wrong her honour, The proudest of them shall well he",they,LEONATO,"If LEONATO speak but truth of HERO, These hands shall tear HERO; if LEONATO wrong her honour, The proudest of them shall",male,7
MUCH ADO ABOUT NOTHING,4,1,LEONATO,"If they speak but truth of her, These hands shall tear her; if they wrong her honour, The proudest of them shall well he",her,HERO,"If LEONATO speak but truth of HERO, These hands shall tear HERO; if LEONATO wrong HERO honour, The proudest of them shal",female,7
MUCH ADO ABOUT NOTHING,4,1,LEONATO,"If they speak but truth of her, These hands shall tear her; if they wrong her honour, The proudest of them shall well he",them,LEONATO,"If LEONATO speak but truth of HERO, These hands shall tear HERO; if LEONATO wrong HERO honour, The proudest of LEONATO s",male,7
MUCH ADO ABOUT NOTHING,4,1,LEONATO,"If they speak but truth of her, These hands shall tear her; if they wrong her honour, The proudest of them shall well he",it,LEONATO,"If LEONATO speak but truth of HERO, These hands shall tear HERO; if LEONATO wrong HERO honour, The proudest of LEONATO s",male,7
MUCH ADO ABOUT NOTHING,4,1,LEONATO,"Time hath not yet so dried this blood of mine, Nor age so eat up my invention, Nor fortune made such havoc of my means, ",they,LEONATO,"Time hath not yet so dried this blood of mine, Nor age so eat up my invention, Nor fortune made such havoc of my means, ",male,7
MUCH ADO ABOUT NOTHING,4,1,LEONATO,"Time hath not yet so dried this blood of mine, Nor age so eat up my invention, Nor fortune made such havoc of my means, ",them,LEONATO,"Time hath not yet so dried this blood of mine, Nor age so eat up my invention, Nor fortune made such havoc of my means, ",male,7
MUCH ADO ABOUT NOTHING,4,1,FRIAR,"Your daughter here the princes left for dead; Let her awhile be secretly kept in, And publish it that she is dead indeed",her,HERO,"Your daughter here the princes left for dead; Let HERO awhile be secretly kept in, And publish it that she is dead indee",female,7
MUCH ADO ABOUT NOTHING,4,1,FRIAR,"Your daughter here the princes left for dead; Let her awhile be secretly kept in, And publish it that she is dead indeed",it,FRIAR,"Your daughter here the princes left for dead; Let HERO awhile be secretly kept in, And publish FRIAR that she is dead in",neutral,7
MUCH ADO ABOUT NOTHING,4,1,FRIAR,"Your daughter here the princes left for dead; Let her awhile be secretly kept in, And publish it that she is dead indeed",she,HERO,"Your daughter here the princes left for dead; Let HERO awhile be secretly kept in, And publish FRIAR that HERO is dead i",female,7
MUCH ADO ABOUT NOTHING,4,1,FRIAR,"Marry, this well carried shall on her behalf Change slander to remorse; that is some good.",her,HERO,"Marry, this well carried shall on HERO behalf Change slander to remorse; that is some good.",female,7
MUCH ADO ABOUT NOTHING,4,1,FRIAR,"She dying, as it must be so maintain'd, Upon the instant that she was accus'd, Shall be lamented, pitied and excus'd Of ",She,HERO,"HERO dying, as it must be so maintain'd, Upon the instant that she was accus'd, Shall be lamented, pitied and excus'd Of",female,7
MUCH ADO ABOUT NOTHING,4,1,FRIAR,"She dying, as it must be so maintain'd, Upon the instant that she was accus'd, Shall be lamented, pitied and excus'd Of ",it,FRIAR,"HERO dying, as FRIAR must be so maintain'd, Upon the instant that she was accus'd, Shall be lamented, pitied and excus'd",neutral,7
MUCH ADO ABOUT NOTHING,4,1,FRIAR,"She dying, as it must be so maintain'd, Upon the instant that she was accus'd, Shall be lamented, pitied and excus'd Of ",she,HERO,"HERO dying, as FRIAR must be so maintain'd, Upon the instant that HERO was accus'd, Shall be lamented, pitied and excus'",female,7
MUCH ADO ABOUT NOTHING,4,1,FRIAR,"She dying, as it must be so maintain'd, Upon the instant that she was accus'd, Shall be lamented, pitied and excus'd Of ",it,FRIAR,"HERO dying, as FRIAR must be so maintain'd, Upon the instant that HERO was accus'd, Shall be lamented, pitied and excus'",neutral,7
MUCH ADO ABOUT NOTHING,4,1,FRIAR,"Whiles we enjoy it, but being lack'd and lost, Why, then we rack the value, then we find The virtue that possession woul",it,FRIAR,"Whiles we enjoy FRIAR, but being lack'd and lost, Why, then we rack the value, then we find The virtue that possession w",neutral,7
MUCH ADO ABOUT NOTHING,4,1,FRIAR,"Whiles we enjoy it, but being lack'd and lost, Why, then we rack the value, then we find The virtue that possession woul",it,FRIAR,"Whiles we enjoy FRIAR, but being lack'd and lost, Why, then we rack the value, then we find The virtue that possession w",neutral,7
MUCH ADO ABOUT NOTHING,4,1,FRIAR,"So will it fare with Claudio: When he shall hear she died upon his words, The idea of her life shall sweetly creep Into ",it,Claudio,"So will Claudio fare with Claudio: When he shall hear she died upon his words, The idea of her life shall sweetly creep ",male,7
MUCH ADO ABOUT NOTHING,4,1,FRIAR,"So will it fare with Claudio: When he shall hear she died upon his words, The idea of her life shall sweetly creep Into ",he,Claudio,"So will Claudio fare with Claudio: When Claudio shall hear she died upon his words, The idea of her life shall sweetly c",male,7
MUCH ADO ABOUT NOTHING,4,1,FRIAR,"So will it fare with Claudio: When he shall hear she died upon his words, The idea of her life shall sweetly creep Into ",she,HERO,"So will Claudio fare with Claudio: When Claudio shall hear HERO died upon his words, The idea of her life shall sweetly ",female,7
MUCH ADO ABOUT NOTHING,4,1,FRIAR,"So will it fare with Claudio: When he shall hear she died upon his words, The idea of her life shall sweetly creep Into ",his,Claudio,"So will Claudio fare with Claudio: When Claudio shall hear HERO died upon Claudio words, The idea of her life shall swee",male,7
MUCH ADO ABOUT NOTHING,4,1,FRIAR,"So will it fare with Claudio: When he shall hear she died upon his words, The idea of her life shall sweetly creep Into ",her,HERO,"So will Claudio fare with Claudio: When Claudio shall hear HERO died upon Claudio words, The idea of HERO life shall swe",female,7
MUCH ADO ABOUT NOTHING,4,1,FRIAR,"So will it fare with Claudio: When he shall hear she died upon his words, The idea of her life shall sweetly creep Into ",his,Claudio,"So will Claudio fare with Claudio: When Claudio shall hear HERO died upon Claudio words, The idea of HERO life shall swe",male,7
MUCH ADO ABOUT NOTHING,4,1,FRIAR,"So will it fare with Claudio: When he shall hear she died upon his words, The idea of her life shall sweetly creep Into ",her,HERO,"So will Claudio fare with Claudio: When Claudio shall hear HERO died upon Claudio words, The idea of HERO life shall swe",female,7
MUCH ADO ABOUT NOTHING,4,1,FRIAR,"So will it fare with Claudio: When he shall hear she died upon his words, The idea of her life shall sweetly creep Into ",his,Claudio,"So will Claudio fare with Claudio: When Claudio shall hear HERO died upon Claudio words, The idea of HERO life shall swe",male,7
MUCH ADO ABOUT NOTHING,4,1,FRIAR,"So will it fare with Claudio: When he shall hear she died upon his words, The idea of her life shall sweetly creep Into ",she,HERO,"So will Claudio fare with Claudio: When Claudio shall hear HERO died upon Claudio words, The idea of HERO life shall swe",female,7
MUCH ADO ABOUT NOTHING,4,1,FRIAR,"So will it fare with Claudio: When he shall hear she died upon his words, The idea of her life shall sweetly creep Into ",he,Claudio,"So will Claudio fare with Claudio: When Claudio shall hear HERO died upon Claudio words, The idea of HERO life shall swe",male,7
MUCH ADO ABOUT NOTHING,4,1,FRIAR,"So will it fare with Claudio: When he shall hear she died upon his words, The idea of her life shall sweetly creep Into ",his,Claudio,"So will Claudio fare with Claudio: When Claudio shall hear HERO died upon Claudio words, The idea of HERO life shall swe",male,7
MUCH ADO ABOUT NOTHING,4,1,FRIAR,"So will it fare with Claudio: When he shall hear she died upon his words, The idea of her life shall sweetly creep Into ",he,Claudio,"So will Claudio fare with Claudio: When Claudio shall hear HERO died upon Claudio words, The idea of HERO life shall swe",male,7
MUCH ADO ABOUT NOTHING,4,1,FRIAR,"So will it fare with Claudio: When he shall hear she died upon his words, The idea of her life shall sweetly creep Into ",her,HERO,"So will Claudio fare with Claudio: When Claudio shall hear HERO died upon Claudio words, The idea of HERO life shall swe",female,7
MUCH ADO ABOUT NOTHING,4,1,FRIAR,"So will it fare with Claudio: When he shall hear she died upon his words, The idea of her life shall sweetly creep Into ",he,Claudio,"So will Claudio fare with Claudio: When Claudio shall hear HERO died upon Claudio words, The idea of HERO life shall swe",male,7
MUCH ADO ABOUT NOTHING,4,1,FRIAR,"So will it fare with Claudio: When he shall hear she died upon his words, The idea of her life shall sweetly creep Into ",his,Claudio,"So will Claudio fare with Claudio: When Claudio shall hear HERO died upon Claudio words, The idea of HERO life shall swe",male,7
MUCH ADO ABOUT NOTHING,4,1,FRIAR,"Let this be so, and doubt not but success Will fashion the event in better shape Than I can lay it down in likelihood.",it,FRIAR,"Let this be so, and doubt not but success Will fashion the event in better shape Than I can lay FRIAR down in likelihood",neutral,7
MUCH ADO ABOUT NOTHING,4,1,FRIAR,"But if all aim but this be levell'd false, The supposition of the lady's death Will quench the wonder of her infamy:",her,HERO,"But if all aim but this be levell'd false, The supposition of the lady's death Will quench the wonder of HERO infamy:",female,7
MUCH ADO ABOUT NOTHING,4,1,FRIAR,"And if it sort not well, you may conceal her,— As best befits her wounded reputation,— In some reclusive and religious l",it,FRIAR,"And if FRIAR sort not well, you may conceal her,— As best befits her wounded reputation,— In some reclusive and religiou",neutral,7
MUCH ADO ABOUT NOTHING,4,1,FRIAR,"And if it sort not well, you may conceal her,— As best befits her wounded reputation,— In some reclusive and religious l",her,HERO,"And if FRIAR sort not well, you may conceal HERO,— As best befits her wounded reputation,— In some reclusive and religio",female,7
MUCH ADO ABOUT NOTHING,4,1,FRIAR,"And if it sort not well, you may conceal her,— As best befits her wounded reputation,— In some reclusive and religious l",her,HERO,"And if FRIAR sort not well, you may conceal HERO,— As best befits HERO wounded reputation,— In some reclusive and religi",female,7
MUCH ADO ABOUT NOTHING,4,1,FRIAR,'Tis well consented: presently away; For to strange sores strangely they strain the cure.,they,FRIAR,'Tis well consented: presently away; For to strange sores strangely FRIAR strain the cure.,neutral,7
MUCH ADO ABOUT NOTHING,4,1,BEATRICE,You have no reason; I do it freely.,it,BEATRICE,You have no reason; I do BEATRICE freely.,female,7
MUCH ADO ABOUT NOTHING,4,1,BEATRICE,how much might the man deserve of me that would right her.,her,BEATRICE,how much might the man deserve of me that would right BEATRICE.,female,7
MUCH ADO ABOUT NOTHING,4,1,BENEDICK,May a man do it?,it,BENEDICK,May a man do BENEDICK?,male,7
MUCH ADO ABOUT NOTHING,4,1,BEATRICE,"It is a man's office, but not yours.",It,BEATRICE,"BEATRICE is a man's office, but not yours.",female,7
MUCH ADO ABOUT NOTHING,4,1,BEATRICE,"It were as possible for me to say I loved nothing so well as you; but believe me not, and yet I lie not; I confess nothi",It,BEATRICE,"BEATRICE were as possible for me to say I loved nothing so well as you; but believe me not, and yet I lie not; I confess",female,7
MUCH ADO ABOUT NOTHING,4,1,BEATRICE,"Do not swear by it, and eat it.",it,BEATRICE,"Do not swear by BEATRICE, and eat it.",female,7
MUCH ADO ABOUT NOTHING,4,1,BEATRICE,"Do not swear by it, and eat it.",it,BEATRICE,"Do not swear by BEATRICE, and eat BEATRICE.",female,7
MUCH ADO ABOUT NOTHING,4,1,BENEDICK,I will swear by it that you love me; and I will make him eat it that says I love not you.,it,BENEDICK,I will swear by BENEDICK that you love me; and I will make him eat it that says I love not you.,male,7
MUCH ADO ABOUT NOTHING,4,1,BENEDICK,I will swear by it that you love me; and I will make him eat it that says I love not you.,him,BENEDICK,I will swear by BENEDICK that you love me; and I will make BENEDICK eat it that says I love not you.,male,7
MUCH ADO ABOUT NOTHING,4,1,BENEDICK,I will swear by it that you love me; and I will make him eat it that says I love not you.,it,BENEDICK,I will swear by BENEDICK that you love me; and I will make BENEDICK eat BENEDICK that says I love not you.,male,7
MUCH ADO ABOUT NOTHING,4,1,BENEDICK,With no sauce that can be devised to it.,it,BENEDICK,With no sauce that can be devised to BENEDICK.,male,7
MUCH ADO ABOUT NOTHING,4,1,BENEDICK,And do it with all thy heart.,it,BENEDICK,And do BENEDICK with all thy heart.,male,7
MUCH ADO ABOUT NOTHING,4,1,BEATRICE,You kill me to deny it.,it,BEATRICE,You kill me to deny BEATRICE.,female,7
MUCH ADO ABOUT NOTHING,4,1,BEATRICE,"Is he not approved in the height a villain, that hath slandered, scorned, dishonoured my kinswoman?",he,Claudio,"Is Claudio not approved in the height a villain, that hath slandered, scorned, dishonoured my kinswoman?",male,7
MUCH ADO ABOUT NOTHING,4,1,BEATRICE,"What! bear her in hand until they come to take hands, and then, with public accusation, uncovered slander, unmitigated r",her,BEATRICE,"What! bear BEATRICE in hand until they come to take hands, and then, with public accusation, uncovered slander, unmitiga",female,7
MUCH ADO ABOUT NOTHING,4,1,BEATRICE,"What! bear her in hand until they come to take hands, and then, with public accusation, uncovered slander, unmitigated r",they,BEATRICE,"What! bear BEATRICE in hand until BEATRICE come to take hands, and then, with public accusation, uncovered slander, unmi",female,7
MUCH ADO ABOUT NOTHING,4,1,BEATRICE,I would eat his heart in the market-place.,his,Claudio,I would eat Claudio heart in the market-place.,male,7
MUCH ADO ABOUT NOTHING,4,1,BEATRICE,"she is wronged, she is slandered, she is undone.",she,BEATRICE,"BEATRICE is wronged, she is slandered, she is undone.",female,7
MUCH ADO ABOUT NOTHING,4,1,BEATRICE,"she is wronged, she is slandered, she is undone.",she,BEATRICE,"BEATRICE is wronged, BEATRICE is slandered, she is undone.",female,7
MUCH ADO ABOUT NOTHING,4,1,BEATRICE,"she is wronged, she is slandered, she is undone.",she,BEATRICE,"BEATRICE is wronged, BEATRICE is slandered, BEATRICE is undone.",female,7
MUCH ADO ABOUT NOTHING,4,1,BEATRICE,"that I were a man for his sake, or that I had any friend would be a man for my sake!",his,BENEDICK,"that I were a man for BENEDICK sake, or that I had any friend would be a man for my sake!",male,7
MUCH ADO ABOUT NOTHING,4,1,BEATRICE,"But manhood is melted into curtsies, valour into compliment, and men are only turned into tongue, and trim ones too: he ",he,BENEDICK,"But manhood is melted into curtsies, valour into compliment, and men are only turned into tongue, and trim ones too: BEN",male,7
MUCH ADO ABOUT NOTHING,4,1,BEATRICE,"But manhood is melted into curtsies, valour into compliment, and men are only turned into tongue, and trim ones too: he ",it,Hercules,"But manhood is melted into curtsies, valour into compliment, and men are only turned into tongue, and trim ones too: BEN",neutral,7
MUCH ADO ABOUT NOTHING,4,1,BEATRICE,Use it for my love some other way than swearing by it.,it,BEATRICE,Use BEATRICE for my love some other way than swearing by it.,female,7
MUCH ADO ABOUT NOTHING,4,1,BEATRICE,Use it for my love some other way than swearing by it.,it,BEATRICE,Use BEATRICE for my love some other way than swearing by BEATRICE.,female,7
MUCH ADO ABOUT NOTHING,4,1,BENEDICK,"I am engaged, I will challenge him.",him,BENEDICK,"I am engaged, I will challenge BENEDICK.",male,7
MUCH ADO ABOUT NOTHING,4,1,BENEDICK,"Go, comfort your cousin: I must say she is dead; and so, farewell.",she,BEATRICE,"Go, comfort your cousin: I must say BEATRICE is dead; and so, farewell.",female,7
MUCH ADO ABOUT NOTHING,4,2,SEXTON,let them come before Master Constable.,them,SEXTON,let SEXTON come before Master Constable.,neutral,7
MUCH ADO ABOUT NOTHING,4,2,DOGBERRY,"Yea, marry, let them come before me.",them,DOGBERRY,"Yea, marry, let DOGBERRY come before me.",male,7
MUCH ADO ABOUT NOTHING,4,2,DOGBERRY,Write down that they hope they serve God: and write God first; for God defend,they,DOGBERRY,Write down that DOGBERRY hope they serve God: and write God first; for God defend,male,7
MUCH ADO ABOUT NOTHING,4,2,DOGBERRY,Write down that they hope they serve God: and write God first; for God defend,they,DOGBERRY,Write down that DOGBERRY hope DOGBERRY serve God: and write God first; for God defend,male,7
MUCH ADO ABOUT NOTHING,4,2,DOGBERRY,"Masters, it is proved already that you are little better than false knaves, and it will go near to be thought so shortly",it,DOGBERRY,"Masters, DOGBERRY is proved already that you are little better than false knaves, and it will go near to be thought so s",male,7
MUCH ADO ABOUT NOTHING,4,2,DOGBERRY,"Masters, it is proved already that you are little better than false knaves, and it will go near to be thought so shortly",it,DOGBERRY,"Masters, DOGBERRY is proved already that you are little better than false knaves, and DOGBERRY will go near to be though",male,7
MUCH ADO ABOUT NOTHING,4,2,DOGBERRY,"A marvellous witty fellow, I assure you; but I will go about with him.",him,DOGBERRY,"A marvellous witty fellow, I assure you; but I will go about with DOGBERRY.",male,7
MUCH ADO ABOUT NOTHING,4,2,DOGBERRY,"Come you hither, sirrah; a word in your ear: sir, I say to you, it is thought you are false knaves.",it,DOGBERRY,"Come you hither, sirrah; a word in your ear: sir, I say to you, DOGBERRY is thought you are false knaves.",male,7
MUCH ADO ABOUT NOTHING,4,2,DOGBERRY,"Fore God, they are both in a tale.",they,DOGBERRY,"Fore God, DOGBERRY are both in a tale.",male,7
MUCH ADO ABOUT NOTHING,4,2,DOGBERRY,"Have you writ down, that they are none?",they,DOGBERRY,"Have you writ down, that DOGBERRY are none?",male,7
MUCH ADO ABOUT NOTHING,4,2,SEXTON,"Master Constable, you go not the way to examine: you must call forth the watch that are their accusers.",their,SEXTON,"Master Constable, you go not the way to examine: you must call forth the watch that are SEXTON accusers.",neutral,7
MUCH ADO ABOUT NOTHING,4,2,SEXTON,What heard you him say else?,him,DOGBERRY,What heard you DOGBERRY say else?,male,7
MUCH ADO ABOUT NOTHING,4,2,SECOND WATCH,"Marry, that he had received a thousand ducats of Don John for accusing the Lady Hero wrongfully.",he,Don John,"Marry, that Don John had received a thousand ducats of Don John for accusing the Lady Hero wrongfully.",male,7
MUCH ADO ABOUT NOTHING,4,2,VERGES,"Yea, by the mass, that it is.",it,VERGES,"Yea, by the mass, that VERGES is.",male,7
MUCH ADO ABOUT NOTHING,4,2,FIRST WATCH,"And that Count Claudio did mean, upon his words, to disgrace Hero before the whole assembly, and not marry her.",his,Claudio,"And that Count Claudio did mean, upon Claudio words, to disgrace Hero before the whole assembly, and not marry her.",male,7
MUCH ADO ABOUT NOTHING,4,2,FIRST WATCH,"And that Count Claudio did mean, upon his words, to disgrace Hero before the whole assembly, and not marry her.",her,Hero,"And that Count Claudio did mean, upon Claudio words, to disgrace Hero before the whole assembly, and not marry Hero.",female,7
MUCH ADO ABOUT NOTHING,4,2,SEXTON,"Master Constable, let these men be bound, and brought to Leonato's: I will go before and show him their examination.",him,Leonato,"Master Constable, let these men be bound, and brought to Leonato's: I will go before and show Leonato their examination.",male,7
MUCH ADO ABOUT NOTHING,4,2,SEXTON,"Master Constable, let these men be bound, and brought to Leonato's: I will go before and show him their examination.",their,Leonato,"Master Constable, let these men be bound, and brought to Leonato's: I will go before and show Leonato Leonato examinatio",male,7
MUCH ADO ABOUT NOTHING,4,2,DOGBERRY,"Come, let them be opinioned.",them,DOGBERRY,"Come, let DOGBERRY be opinioned.",male,7
MUCH ADO ABOUT NOTHING,4,2,VERGES,Let them be in the hands—,them,VERGES,Let VERGES be in the hands—,male,7
MUCH ADO ABOUT NOTHING,4,2,DOGBERRY,let him write down the Prince's officer coxcomb.,him,DOGBERRY,let DOGBERRY write down the Prince's officer coxcomb.,male,7
MUCH ADO ABOUT NOTHING,4,2,DOGBERRY,"Come, bind them.",them,DOGBERRY,"Come, bind DOGBERRY.",male,7
MUCH ADO ABOUT NOTHING,4,2,DOGBERRY,O that he were here to write me down an ass!,he,DOGBERRY,O that DOGBERRY were here to write me down an ass!,male,7
MUCH ADO ABOUT NOTHING,4,2,DOGBERRY,"but, masters, remember that I am an ass; though it be not written down, yet forget not that I am an ass.",it,DOGBERRY,"but, masters, remember that I am an ass; though DOGBERRY be not written down, yet forget not that I am an ass.",male,7
MUCH ADO ABOUT NOTHING,4,2,DOGBERRY,"I am a wise fellow; and, which is more, an officer; and, which is more, a householder; and, which is more, as pretty a p",him,DOGBERRY,"I am a wise fellow; and, which is more, an officer; and, which is more, a householder; and, which is more, as pretty a p",male,7
MUCH ADO ABOUT NOTHING,4,2,DOGBERRY,Bring him away.,him,DOGBERRY,Bring DOGBERRY away.,male,7
MUCH ADO ABOUT NOTHING,5,1,LEONATO,"But such a one whose wrongs do suit with mine: Bring me a father that so lov'd his child, Whose joy of her is overwhelm'",his,LEONATO,"But such a one whose wrongs do suit with mine: Bring me a father that so lov'd LEONATO child, Whose joy of her is overwh",male,3
MUCH ADO ABOUT NOTHING,5,1,LEONATO,"But such a one whose wrongs do suit with mine: Bring me a father that so lov'd his child, Whose joy of her is overwhelm'",her,LEONATO,"But such a one whose wrongs do suit with mine: Bring me a father that so lov'd LEONATO child, Whose joy of LEONATO is ov",male,3
MUCH ADO ABOUT NOTHING,5,1,LEONATO,"But such a one whose wrongs do suit with mine: Bring me a father that so lov'd his child, Whose joy of her is overwhelm'",him,LEONATO,"But such a one whose wrongs do suit with mine: Bring me a father that so lov'd LEONATO child, Whose joy of LEONATO is ov",male,3
MUCH ADO ABOUT NOTHING,5,1,LEONATO,"But such a one whose wrongs do suit with mine: Bring me a father that so lov'd his child, Whose joy of her is overwhelm'",his,LEONATO,"But such a one whose wrongs do suit with mine: Bring me a father that so lov'd LEONATO child, Whose joy of LEONATO is ov",male,3
MUCH ADO ABOUT NOTHING,5,1,LEONATO,"But such a one whose wrongs do suit with mine: Bring me a father that so lov'd his child, Whose joy of her is overwhelm'",it,LEONATO,"But such a one whose wrongs do suit with mine: Bring me a father that so lov'd LEONATO child, Whose joy of LEONATO is ov",male,3
MUCH ADO ABOUT NOTHING,5,1,LEONATO,"But such a one whose wrongs do suit with mine: Bring me a father that so lov'd his child, Whose joy of her is overwhelm'",his,LEONATO,"But such a one whose wrongs do suit with mine: Bring me a father that so lov'd LEONATO child, Whose joy of LEONATO is ov",male,3
MUCH ADO ABOUT NOTHING,5,1,LEONATO,"But such a one whose wrongs do suit with mine: Bring me a father that so lov'd his child, Whose joy of her is overwhelm'",he,LEONATO,"But such a one whose wrongs do suit with mine: Bring me a father that so lov'd LEONATO child, Whose joy of LEONATO is ov",male,3
MUCH ADO ABOUT NOTHING,5,1,LEONATO,"But such a one whose wrongs do suit with mine: Bring me a father that so lov'd his child, Whose joy of her is overwhelm'",him,LEONATO,"But such a one whose wrongs do suit with mine: Bring me a father that so lov'd LEONATO child, Whose joy of LEONATO is ov",male,3
MUCH ADO ABOUT NOTHING,5,1,LEONATO,"But such a one whose wrongs do suit with mine: Bring me a father that so lov'd his child, Whose joy of her is overwhelm'",him,LEONATO,"But such a one whose wrongs do suit with mine: Bring me a father that so lov'd LEONATO child, Whose joy of LEONATO is ov",male,3
MUCH ADO ABOUT NOTHING,5,1,LEONATO,"But there is no such man; for, brother, men Can counsel and speak comfort to that grief Which they themselves not feel; ",they,LEONATO,"But there is no such man; for, brother, men Can counsel and speak comfort to that grief Which LEONATO themselves not fee",male,4
MUCH ADO ABOUT NOTHING,5,1,LEONATO,"But there is no such man; for, brother, men Can counsel and speak comfort to that grief Which they themselves not feel; ",themselves,LEONATO,"But there is no such man; for, brother, men Can counsel and speak comfort to that grief Which LEONATO LEONATO not feel; ",male,4
MUCH ADO ABOUT NOTHING,5,1,LEONATO,"But there is no such man; for, brother, men Can counsel and speak comfort to that grief Which they themselves not feel; ",it,LEONATO,"But there is no such man; for, brother, men Can counsel and speak comfort to that grief Which LEONATO LEONATO not feel; ",male,4
MUCH ADO ABOUT NOTHING,5,1,LEONATO,"But there is no such man; for, brother, men Can counsel and speak comfort to that grief Which they themselves not feel; ",Their,LEONATO,"But there is no such man; for, brother, men Can counsel and speak comfort to that grief Which LEONATO LEONATO not feel; ",male,4
MUCH ADO ABOUT NOTHING,5,1,LEONATO,"No, no; 'tis all men's office to speak patience To those that wring under the load of sorrow, But no man's virtue nor su",he,LEONATO,"No, no; 'tis all men's office to speak patience To those that wring under the load of sorrow, But no man's virtue nor su",male,5
MUCH ADO ABOUT NOTHING,5,1,LEONATO,"No, no; 'tis all men's office to speak patience To those that wring under the load of sorrow, But no man's virtue nor su",himself,LEONATO,"No, no; 'tis all men's office to speak patience To those that wring under the load of sorrow, But no man's virtue nor su",male,5
MUCH ADO ABOUT NOTHING,5,1,LEONATO,"For there was never yet philosopher That could endure the toothache patiently, However they have writ the style of gods ",they,LEONATO,"For there was never yet philosopher That could endure the toothache patiently, However LEONATO have writ the style of go",male,7
MUCH ADO ABOUT NOTHING,5,1,LEONATO,"My soul doth tell me Hero is belied; And that shall Claudio know; so shall the Prince, And all of them that thus dishono",them,Claudio,"My soul doth tell me Hero is belied; And that shall Claudio know; so shall the Prince, And all of Claudio that thus dish",male,7
MUCH ADO ABOUT NOTHING,5,1,LEONATO,"My soul doth tell me Hero is belied; And that shall Claudio know; so shall the Prince, And all of them that thus dishono",her,Hero,"My soul doth tell me Hero is belied; And that shall Claudio know; so shall the Prince, And all of Claudio that thus dish",female,7
MUCH ADO ABOUT NOTHING,5,1,ANTONIO,"If he could right himself with quarrelling, Some of us would lie low.",he,ANTONIO,"If ANTONIO could right himself with quarrelling, Some of us would lie low.",male,7
MUCH ADO ABOUT NOTHING,5,1,ANTONIO,"If he could right himself with quarrelling, Some of us would lie low.",himself,ANTONIO,"If ANTONIO could right ANTONIO with quarrelling, Some of us would lie low.",male,7
MUCH ADO ABOUT NOTHING,5,1,CLAUDIO,Who wrongs him?,him,CLAUDIO,Who wrongs CLAUDIO?,male,7
MUCH ADO ABOUT NOTHING,5,1,CLAUDIO,"Marry, beshrew my hand, If it should give your age such cause of fear.",it,CLAUDIO,"Marry, beshrew my hand, If CLAUDIO should give your age such cause of fear.",male,7
MUCH ADO ABOUT NOTHING,5,1,LEONATO,"I say thou hast belied mine innocent child: Thy slander hath gone through and through her heart, And she lies buried wit",her,LEONATO,"I say thou hast belied mine innocent child: Thy slander hath gone through and through LEONATO heart, And she lies buried",male,7
MUCH ADO ABOUT NOTHING,5,1,LEONATO,"I say thou hast belied mine innocent child: Thy slander hath gone through and through her heart, And she lies buried wit",she,LEONATO,"I say thou hast belied mine innocent child: Thy slander hath gone through and through LEONATO heart, And LEONATO lies bu",male,7
MUCH ADO ABOUT NOTHING,5,1,LEONATO,"I say thou hast belied mine innocent child: Thy slander hath gone through and through her heart, And she lies buried wit",her,LEONATO,"I say thou hast belied mine innocent child: Thy slander hath gone through and through LEONATO heart, And LEONATO lies bu",male,7
MUCH ADO ABOUT NOTHING,5,1,LEONATO,"in a tomb where never scandal slept, Save this of hers, fram'd by thy villainy!",hers,LEONATO,"in a tomb where never scandal slept, Save this of LEONATO, fram'd by thy villainy!",male,7
MUCH ADO ABOUT NOTHING,5,1,LEONATO,"My lord, my lord, I'll prove it on his body, if he dare, Despite his nice fence and his active practice, His May of yout",it,LEONATO,"My lord, my lord, I'll prove LEONATO on his body, if he dare, Despite his nice fence and his active practice, His May of",male,7
MUCH ADO ABOUT NOTHING,5,1,LEONATO,"My lord, my lord, I'll prove it on his body, if he dare, Despite his nice fence and his active practice, His May of yout",his,LEONATO,"My lord, my lord, I'll prove LEONATO on LEONATO body, if he dare, Despite his nice fence and his active practice, His Ma",male,7
MUCH ADO ABOUT NOTHING,5,1,LEONATO,"My lord, my lord, I'll prove it on his body, if he dare, Despite his nice fence and his active practice, His May of yout",he,LEONATO,"My lord, my lord, I'll prove LEONATO on LEONATO body, if LEONATO dare, Despite his nice fence and his active practice, H",male,7
MUCH ADO ABOUT NOTHING,5,1,LEONATO,"My lord, my lord, I'll prove it on his body, if he dare, Despite his nice fence and his active practice, His May of yout",his,LEONATO,"My lord, my lord, I'll prove LEONATO on LEONATO body, if LEONATO dare, Despite LEONATO nice fence and his active practic",male,7
MUCH ADO ABOUT NOTHING,5,1,LEONATO,"My lord, my lord, I'll prove it on his body, if he dare, Despite his nice fence and his active practice, His May of yout",his,LEONATO,"My lord, my lord, I'll prove LEONATO on LEONATO body, if LEONATO dare, Despite LEONATO nice fence and LEONATO active pra",male,7
MUCH ADO ABOUT NOTHING,5,1,LEONATO,"My lord, my lord, I'll prove it on his body, if he dare, Despite his nice fence and his active practice, His May of yout",His,LEONATO,"My lord, my lord, I'll prove LEONATO on LEONATO body, if LEONATO dare, Despite LEONATO nice fence and LEONATO active pra",male,7
MUCH ADO ABOUT NOTHING,5,1,ANTONIO,"He shall kill two of us, and men indeed:",He,ANTONIO,"ANTONIO shall kill two of us, and men indeed:",male,7
MUCH ADO ABOUT NOTHING,5,1,ANTONIO,But that's no matter; let him kill one first: Win me and wear me; let him answer me.,him,ANTONIO,But that's no matter; let ANTONIO kill one first: Win me and wear me; let him answer me.,male,7
MUCH ADO ABOUT NOTHING,5,1,ANTONIO,But that's no matter; let him kill one first: Win me and wear me; let him answer me.,him,ANTONIO,But that's no matter; let ANTONIO kill one first: Win me and wear me; let ANTONIO answer me.,male,7
MUCH ADO ABOUT NOTHING,5,1,ANTONIO,"God knows I lov'd my niece; And she is dead, slander'd to death by villains, That dare as well answer a man indeed As I ",she,ANTONIO,"God knows I lov'd my niece; And ANTONIO is dead, slander'd to death by villains, That dare as well answer a man indeed A",male,7
MUCH ADO ABOUT NOTHING,5,1,ANTONIO,"I know them, yea, And what they weigh, even to the utmost scruple, Scambling, out-facing, fashion-monging boys, That lie",them,ANTONIO,"I know ANTONIO, yea, And what they weigh, even to the utmost scruple, Scambling, out-facing, fashion-monging boys, That ",male,7
MUCH ADO ABOUT NOTHING,5,1,ANTONIO,"I know them, yea, And what they weigh, even to the utmost scruple, Scambling, out-facing, fashion-monging boys, That lie",they,ANTONIO,"I know ANTONIO, yea, And what ANTONIO weigh, even to the utmost scruple, Scambling, out-facing, fashion-monging boys, Th",male,7
MUCH ADO ABOUT NOTHING,5,1,ANTONIO,"I know them, yea, And what they weigh, even to the utmost scruple, Scambling, out-facing, fashion-monging boys, That lie",they,ANTONIO,"I know ANTONIO, yea, And what ANTONIO weigh, even to the utmost scruple, Scambling, out-facing, fashion-monging boys, Th",male,7
MUCH ADO ABOUT NOTHING,5,1,ANTONIO,"I know them, yea, And what they weigh, even to the utmost scruple, Scambling, out-facing, fashion-monging boys, That lie",their,ANTONIO,"I know ANTONIO, yea, And what ANTONIO weigh, even to the utmost scruple, Scambling, out-facing, fashion-monging boys, Th",male,7
MUCH ADO ABOUT NOTHING,5,1,ANTONIO,"I know them, yea, And what they weigh, even to the utmost scruple, Scambling, out-facing, fashion-monging boys, That lie",they,ANTONIO,"I know ANTONIO, yea, And what ANTONIO weigh, even to the utmost scruple, Scambling, out-facing, fashion-monging boys, Th",male,7
MUCH ADO ABOUT NOTHING,5,1,DON PEDRO,"My heart is sorry for your daughter's death; But, on my honour, she was charg'd with nothing But what was true and very ",she,DON PEDRO,"My heart is sorry for your daughter's death; But, on my honour, DON PEDRO was charg'd with nothing But what was true and",male,7
MUCH ADO ABOUT NOTHING,5,1,ANTONIO,"And shall, or some of us will smart for it.",it,ANTONIO,"And shall, or some of us will smart for ANTONIO.",male,7
MUCH ADO ABOUT NOTHING,5,1,DON PEDRO,Leonato and his brother.,his,Leonato,Leonato and Leonato brother.,male,7
MUCH ADO ABOUT NOTHING,5,1,DON PEDRO,"Had we fought, I doubt we should have been too young for them.",them,DON PEDRO,"Had we fought, I doubt we should have been too young for DON PEDRO.",male,7
MUCH ADO ABOUT NOTHING,5,1,CLAUDIO,"We have been up and down to seek thee; for we are high-proof melancholy, and would fain have it beaten away.",it,CLAUDIO,"We have been up and down to seek thee; for we are high-proof melancholy, and would fain have CLAUDIO beaten away.",male,7
MUCH ADO ABOUT NOTHING,5,1,BENEDICK,It is in my scabbard; shall I draw it?,It,BENEDICK,BENEDICK is in my scabbard; shall I draw it?,male,7
MUCH ADO ABOUT NOTHING,5,1,BENEDICK,It is in my scabbard; shall I draw it?,it,BENEDICK,BENEDICK is in my scabbard; shall I draw BENEDICK?,male,7
MUCH ADO ABOUT NOTHING,5,1,CLAUDIO,"Never any did so, though very many have been beside their wit.",their,CLAUDIO,"Never any did so, though very many have been beside CLAUDIO wit.",male,7
MUCH ADO ABOUT NOTHING,5,1,DON PEDRO,"As I am an honest man, he looks pale.",he,DON PEDRO,"As I am an honest man, DON PEDRO looks pale.",male,7
MUCH ADO ABOUT NOTHING,5,1,BENEDICK,"Sir, I shall meet your wit in the career, and you charge it against me.",it,BENEDICK,"Sir, I shall meet your wit in the career, and you charge BENEDICK against me.",male,7
MUCH ADO ABOUT NOTHING,5,1,CLAUDIO,"Nay then, give him another staff: this last was broke cross.",him,CLAUDIO,"Nay then, give CLAUDIO another staff: this last was broke cross.",male,7
MUCH ADO ABOUT NOTHING,5,1,DON PEDRO,"By this light, he changes more and more: I think he be angry indeed.",he,DON PEDRO,"By this light, DON PEDRO changes more and more: I think he be angry indeed.",male,7
MUCH ADO ABOUT NOTHING,5,1,DON PEDRO,"By this light, he changes more and more: I think he be angry indeed.",he,DON PEDRO,"By this light, DON PEDRO changes more and more: I think DON PEDRO be angry indeed.",male,7
MUCH ADO ABOUT NOTHING,5,1,CLAUDIO,"If he be, he knows how to turn his girdle.",he,CLAUDIO,"If CLAUDIO be, he knows how to turn his girdle.",male,7
MUCH ADO ABOUT NOTHING,5,1,CLAUDIO,"If he be, he knows how to turn his girdle.",he,CLAUDIO,"If CLAUDIO be, CLAUDIO knows how to turn his girdle.",male,7
MUCH ADO ABOUT NOTHING,5,1,CLAUDIO,"If he be, he knows how to turn his girdle.",his,CLAUDIO,"If CLAUDIO be, CLAUDIO knows how to turn CLAUDIO girdle.",male,7
MUCH ADO ABOUT NOTHING,5,1,BENEDICK,"You are a villain, I jest not: I will make it good how you dare, with what you dare, and when you dare.",it,BENEDICK,"You are a villain, I jest not: I will make BENEDICK good how you dare, with what you dare, and when you dare.",male,7
MUCH ADO ABOUT NOTHING,5,1,BENEDICK,"You have killed a sweet lady, and her death shall fall heavy on you.",her,BENEDICK,"You have killed a sweet lady, and BENEDICK death shall fall heavy on you.",male,7
MUCH ADO ABOUT NOTHING,5,1,CLAUDIO,"I' faith, I thank him; he hath bid me to a calf's-head and a capon, the which if I do not carve most curiously, say my k",him,CLAUDIO,"I' faith, I thank CLAUDIO; he hath bid me to a calf's-head and a capon, the which if I do not carve most curiously, say ",male,7
MUCH ADO ABOUT NOTHING,5,1,CLAUDIO,"I' faith, I thank him; he hath bid me to a calf's-head and a capon, the which if I do not carve most curiously, say my k",he,CLAUDIO,"I' faith, I thank CLAUDIO; CLAUDIO hath bid me to a calf's-head and a capon, the which if I do not carve most curiously,",male,7
MUCH ADO ABOUT NOTHING,5,1,BENEDICK,"Sir, your wit ambles well; it goes easily.",it,BENEDICK,"Sir, your wit ambles well; BENEDICK goes easily.",male,7
MUCH ADO ABOUT NOTHING,5,1,DON PEDRO,"True,' says she, 'a fine little one.'",she,Beatrice,"True,' says Beatrice, 'a fine little one.'",female,7
MUCH ADO ABOUT NOTHING,5,1,DON PEDRO,"'Right,' said she, 'a great gross one.'",she,Beatrice,"'Right,' said Beatrice, 'a great gross one.'",female,7
MUCH ADO ABOUT NOTHING,5,1,DON PEDRO,"'Just,' said she, 'it hurts nobody.'",she,Beatrice,"'Just,' said Beatrice, 'it hurts nobody.'",female,7
MUCH ADO ABOUT NOTHING,5,1,DON PEDRO,"'Just,' said she, 'it hurts nobody.'",it,DON PEDRO,"'Just,' said Beatrice, 'DON PEDRO hurts nobody.'",male,7
MUCH ADO ABOUT NOTHING,5,1,DON PEDRO,"'Certain,' said she, 'a wise gentleman.'",she,Beatrice,"'Certain,' said Beatrice, 'a wise gentleman.'",female,7
MUCH ADO ABOUT NOTHING,5,1,DON PEDRO,"'Nay,' said I, 'he hath the tongues.'",he,DON PEDRO,"'Nay,' said I, 'DON PEDRO hath the tongues.'",male,7
MUCH ADO ABOUT NOTHING,5,1,DON PEDRO,"'That I believe' said she, 'for he swore a thing to me on Monday night, which he forswore on Tuesday morning: there's a ",she,Beatrice,"'That I believe' said Beatrice, 'for he swore a thing to me on Monday night, which he forswore on Tuesday morning: there",female,7
MUCH ADO ABOUT NOTHING,5,1,DON PEDRO,"'That I believe' said she, 'for he swore a thing to me on Monday night, which he forswore on Tuesday morning: there's a ",he,DON PEDRO,"'That I believe' said Beatrice, 'for DON PEDRO swore a thing to me on Monday night, which he forswore on Tuesday morning",male,7
MUCH ADO ABOUT NOTHING,5,1,DON PEDRO,"'That I believe' said she, 'for he swore a thing to me on Monday night, which he forswore on Tuesday morning: there's a ",he,DON PEDRO,"'That I believe' said Beatrice, 'for DON PEDRO swore a thing to me on Monday night, which DON PEDRO forswore on Tuesday ",male,7
MUCH ADO ABOUT NOTHING,5,1,DON PEDRO,"Thus did she, an hour together, trans-shape thy particular virtues; yet at last she concluded with a sigh, thou wast the",she,Beatrice,"Thus did Beatrice, an hour together, trans-shape thy particular virtues; yet at last she concluded with a sigh, thou was",female,7
MUCH ADO ABOUT NOTHING,5,1,DON PEDRO,"Thus did she, an hour together, trans-shape thy particular virtues; yet at last she concluded with a sigh, thou wast the",she,Beatrice,"Thus did Beatrice, an hour together, trans-shape thy particular virtues; yet at last Beatrice concluded with a sigh, tho",female,7
MUCH ADO ABOUT NOTHING,5,1,CLAUDIO,For the which she wept heartily and said she cared not.,she,Beatrice,For the which Beatrice wept heartily and said she cared not.,female,7
MUCH ADO ABOUT NOTHING,5,1,CLAUDIO,For the which she wept heartily and said she cared not.,she,Beatrice,For the which Beatrice wept heartily and said Beatrice cared not.,female,7
MUCH ADO ABOUT NOTHING,5,1,DON PEDRO,"Yea, that she did; but yet, for all that, an if she did not hate him deadly, she would love him dearly.",she,Beatrice,"Yea, that Beatrice did; but yet, for all that, an if she did not hate him deadly, she would love him dearly.",female,7
MUCH ADO ABOUT NOTHING,5,1,DON PEDRO,"Yea, that she did; but yet, for all that, an if she did not hate him deadly, she would love him dearly.",she,Beatrice,"Yea, that Beatrice did; but yet, for all that, an if Beatrice did not hate him deadly, she would love him dearly.",female,7
MUCH ADO ABOUT NOTHING,5,1,DON PEDRO,"Yea, that she did; but yet, for all that, an if she did not hate him deadly, she would love him dearly.",him,DON PEDRO,"Yea, that Beatrice did; but yet, for all that, an if Beatrice did not hate DON PEDRO deadly, she would love him dearly.",male,7
MUCH ADO ABOUT NOTHING,5,1,DON PEDRO,"Yea, that she did; but yet, for all that, an if she did not hate him deadly, she would love him dearly.",she,Beatrice,"Yea, that Beatrice did; but yet, for all that, an if Beatrice did not hate DON PEDRO deadly, Beatrice would love him dea",female,7
MUCH ADO ABOUT NOTHING,5,1,DON PEDRO,"Yea, that she did; but yet, for all that, an if she did not hate him deadly, she would love him dearly.",him,DON PEDRO,"Yea, that Beatrice did; but yet, for all that, an if Beatrice did not hate DON PEDRO deadly, Beatrice would love DON PED",male,7
MUCH ADO ABOUT NOTHING,5,1,CLAUDIO,"All, all; and moreover, God saw him when he was hid in the garden.",him,CLAUDIO,"All, all; and moreover, God saw CLAUDIO when he was hid in the garden.",male,7
MUCH ADO ABOUT NOTHING,5,1,CLAUDIO,"All, all; and moreover, God saw him when he was hid in the garden.",he,CLAUDIO,"All, all; and moreover, God saw CLAUDIO when CLAUDIO was hid in the garden.",male,7
MUCH ADO ABOUT NOTHING,5,1,BENEDICK,"I will leave you now to your gossip-like humour; you break jests as braggarts do their blades, which, God be thanked, hu",their,BENEDICK,"I will leave you now to your gossip-like humour; you break jests as braggarts do BENEDICK blades, which, God be thanked,",male,7
MUCH ADO ABOUT NOTHING,5,1,BENEDICK,"For my Lord Lack-beard there, he and I shall meet; and till then, peace be with him.",he,BENEDICK,"For my Lord Lack-beard there, BENEDICK and I shall meet; and till then, peace be with him.",male,7
MUCH ADO ABOUT NOTHING,5,1,BENEDICK,"For my Lord Lack-beard there, he and I shall meet; and till then, peace be with him.",him,BENEDICK,"For my Lord Lack-beard there, BENEDICK and I shall meet; and till then, peace be with BENEDICK.",male,7
MUCH ADO ABOUT NOTHING,5,1,DON PEDRO,He is in earnest.,He,DON PEDRO,DON PEDRO is in earnest.,male,7
MUCH ADO ABOUT NOTHING,5,1,DON PEDRO,What a pretty thing man is when he goes in his doublet and hose and leaves off his wit!,he,DON PEDRO,What a pretty thing man is when DON PEDRO goes in his doublet and hose and leaves off his wit!,male,7
MUCH ADO ABOUT NOTHING,5,1,DON PEDRO,What a pretty thing man is when he goes in his doublet and hose and leaves off his wit!,his,DON PEDRO,What a pretty thing man is when DON PEDRO goes in DON PEDRO doublet and hose and leaves off his wit!,male,7
MUCH ADO ABOUT NOTHING,5,1,DON PEDRO,What a pretty thing man is when he goes in his doublet and hose and leaves off his wit!,his,DON PEDRO,What a pretty thing man is when DON PEDRO goes in DON PEDRO doublet and hose and leaves off DON PEDRO wit!,male,7
MUCH ADO ABOUT NOTHING,5,1,CLAUDIO,He is then a giant to an ape; but then is an ape a doctor to such a man.,He,CLAUDIO,CLAUDIO is then a giant to an ape; but then is an ape a doctor to such a man.,male,7
MUCH ADO ABOUT NOTHING,5,1,DON PEDRO,Did he not say my brother was fled?,he,DON PEDRO,Did DON PEDRO not say my brother was fled?,male,7
MUCH ADO ABOUT NOTHING,5,1,DOGBERRY,"Come you, sir: if justice cannot tame you, she shall ne'er weigh more reasons in her balance.",she,Beatrice,"Come you, sir: if justice cannot tame you, Beatrice shall ne'er weigh more reasons in her balance.",female,7
MUCH ADO ABOUT NOTHING,5,1,DOGBERRY,"Come you, sir: if justice cannot tame you, she shall ne'er weigh more reasons in her balance.",her,Beatrice,"Come you, sir: if justice cannot tame you, Beatrice shall ne'er weigh more reasons in Beatrice balance.",female,7
MUCH ADO ABOUT NOTHING,5,1,CLAUDIO,"Hearken after their offence, my lord.",their,CLAUDIO,"Hearken after CLAUDIO offence, my lord.",male,7
MUCH ADO ABOUT NOTHING,5,1,DOGBERRY,"Marry, sir, they have committed false report; moreover, they have spoken untruths; secondarily, they are slanders; sixth",they,DOGBERRY,"Marry, sir, DOGBERRY have committed false report; moreover, they have spoken untruths; secondarily, they are slanders; s",male,7
MUCH ADO ABOUT NOTHING,5,1,DOGBERRY,"Marry, sir, they have committed false report; moreover, they have spoken untruths; secondarily, they are slanders; sixth",they,DOGBERRY,"Marry, sir, DOGBERRY have committed false report; moreover, DOGBERRY have spoken untruths; secondarily, they are slander",male,7
MUCH ADO ABOUT NOTHING,5,1,DOGBERRY,"Marry, sir, they have committed false report; moreover, they have spoken untruths; secondarily, they are slanders; sixth",they,DOGBERRY,"Marry, sir, DOGBERRY have committed false report; moreover, DOGBERRY have spoken untruths; secondarily, DOGBERRY are sla",male,7
MUCH ADO ABOUT NOTHING,5,1,DOGBERRY,"Marry, sir, they have committed false report; moreover, they have spoken untruths; secondarily, they are slanders; sixth",they,DOGBERRY,"Marry, sir, DOGBERRY have committed false report; moreover, DOGBERRY have spoken untruths; secondarily, DOGBERRY are sla",male,7
MUCH ADO ABOUT NOTHING,5,1,DOGBERRY,"Marry, sir, they have committed false report; moreover, they have spoken untruths; secondarily, they are slanders; sixth",they,DOGBERRY,"Marry, sir, DOGBERRY have committed false report; moreover, DOGBERRY have spoken untruths; secondarily, DOGBERRY are sla",male,7
MUCH ADO ABOUT NOTHING,5,1,DOGBERRY,"Marry, sir, they have committed false report; moreover, they have spoken untruths; secondarily, they are slanders; sixth",they,DOGBERRY,"Marry, sir, DOGBERRY have committed false report; moreover, DOGBERRY have spoken untruths; secondarily, DOGBERRY are sla",male,7
MUCH ADO ABOUT NOTHING,5,1,DON PEDRO,"First, I ask thee what they have done; thirdly, I ask thee what's their offence; sixth and lastly, why they are committe",they,DON PEDRO,"First, I ask thee what DON PEDRO have done; thirdly, I ask thee what's their offence; sixth and lastly, why they are com",male,7
MUCH ADO ABOUT NOTHING,5,1,DON PEDRO,"First, I ask thee what they have done; thirdly, I ask thee what's their offence; sixth and lastly, why they are committe",their,DON PEDRO,"First, I ask thee what DON PEDRO have done; thirdly, I ask thee what's DON PEDRO offence; sixth and lastly, why they are",male,7
MUCH ADO ABOUT NOTHING,5,1,DON PEDRO,"First, I ask thee what they have done; thirdly, I ask thee what's their offence; sixth and lastly, why they are committe",they,DON PEDRO,"First, I ask thee what DON PEDRO have done; thirdly, I ask thee what's DON PEDRO offence; sixth and lastly, why DON PEDR",male,7
MUCH ADO ABOUT NOTHING,5,1,DON PEDRO,"First, I ask thee what they have done; thirdly, I ask thee what's their offence; sixth and lastly, why they are committe",their,DON PEDRO,"First, I ask thee what DON PEDRO have done; thirdly, I ask thee what's DON PEDRO offence; sixth and lastly, why DON PEDR",male,7
MUCH ADO ABOUT NOTHING,5,1,CLAUDIO,"Rightly reasoned, and in his own division; and, by my troth, there's one meaning well suited.",his,CLAUDIO,"Rightly reasoned, and in CLAUDIO own division; and, by my troth, there's one meaning well suited.",male,7
MUCH ADO ABOUT NOTHING,5,1,BORACHIO,"I have deceived even your very eyes: what your wisdoms could not discover, these shallow fools have brought to light; wh",her,Hero,"I have deceived even your very eyes: what your wisdoms could not discover, these shallow fools have brought to light; wh",female,7
MUCH ADO ABOUT NOTHING,5,1,BORACHIO,"I have deceived even your very eyes: what your wisdoms could not discover, these shallow fools have brought to light; wh",her,Hero,"I have deceived even your very eyes: what your wisdoms could not discover, these shallow fools have brought to light; wh",female,7
MUCH ADO ABOUT NOTHING,5,1,BORACHIO,My villainy they have upon record; which I had rather seal with my death than repeat over to my shame.,they,BORACHIO,My villainy BORACHIO have upon record; which I had rather seal with my death than repeat over to my shame.,male,7
MUCH ADO ABOUT NOTHING,5,1,CLAUDIO,I have drunk poison whiles he utter'd it.,he,CLAUDIO,I have drunk poison whiles CLAUDIO utter'd it.,male,7
MUCH ADO ABOUT NOTHING,5,1,CLAUDIO,I have drunk poison whiles he utter'd it.,it,CLAUDIO,I have drunk poison whiles CLAUDIO utter'd CLAUDIO.,male,7
MUCH ADO ABOUT NOTHING,5,1,BORACHIO,Yea; and paid me richly for the practice of it.,it,BORACHIO,Yea; and paid me richly for the practice of BORACHIO.,male,7
MUCH ADO ABOUT NOTHING,5,1,DON PEDRO,He is compos'd and fram'd of treachery: And fled he is upon this villainy.,He,DON PEDRO,DON PEDRO is compos'd and fram'd of treachery: And fled he is upon this villainy.,male,7
MUCH ADO ABOUT NOTHING,5,1,DON PEDRO,He is compos'd and fram'd of treachery: And fled he is upon this villainy.,he,DON PEDRO,DON PEDRO is compos'd and fram'd of treachery: And fled DON PEDRO is upon this villainy.,male,7
MUCH ADO ABOUT NOTHING,5,1,CLAUDIO,now thy image doth appear In the rare semblance that I lov'd it first.,it,CLAUDIO,now thy image doth appear In the rare semblance that I lov'd CLAUDIO first.,male,7
MUCH ADO ABOUT NOTHING,5,1,LEONATO,"Let me see his eyes, That, when I note another man like him, I may avoid him.",his,LEONATO,"Let me see LEONATO eyes, That, when I note another man like him, I may avoid him.",male,7
MUCH ADO ABOUT NOTHING,5,1,LEONATO,"Let me see his eyes, That, when I note another man like him, I may avoid him.",him,LEONATO,"Let me see LEONATO eyes, That, when I note another man like LEONATO, I may avoid him.",male,7
MUCH ADO ABOUT NOTHING,5,1,LEONATO,"Let me see his eyes, That, when I note another man like him, I may avoid him.",him,LEONATO,"Let me see LEONATO eyes, That, when I note another man like LEONATO, I may avoid LEONATO.",male,7
MUCH ADO ABOUT NOTHING,5,1,LEONATO,Which of these is he?,he,LEONATO,Which of these is LEONATO?,male,7
MUCH ADO ABOUT NOTHING,5,1,LEONATO,"No, not so, villain; thou beliest thyself: Here stand a pair of honourable men; A third is fled, that had a hand in it.",it,LEONATO,"No, not so, villain; thou beliest thyself: Here stand a pair of honourable men; A third is fled, that had a hand in LEON",male,7
MUCH ADO ABOUT NOTHING,5,1,LEONATO,Record it with your high and worthy deeds.,it,LEONATO,Record LEONATO with your high and worthy deeds.,male,7
MUCH ADO ABOUT NOTHING,5,1,LEONATO,"'Twas bravely done, if you bethink you of it.",it,LEONATO,"'Twas bravely done, if you bethink you of LEONATO.",male,7
MUCH ADO ABOUT NOTHING,5,1,DON PEDRO,"By my soul, nor I: And yet, to satisfy this good old man, I would bend under any heavy weight That he'll enjoin me to.",he,DON PEDRO,"By my soul, nor I: And yet, to satisfy this good old man, I would bend under any heavy weight That DON PEDRO'll enjoin m",male,7
MUCH ADO ABOUT NOTHING,5,1,LEONATO,"I cannot bid you bid my daughter live; That were impossible; but, I pray you both, Possess the people in Messina here Ho",she,LEONATO,"I cannot bid you bid my daughter live; That were impossible; but, I pray you both, Possess the people in Messina here Ho",male,7
MUCH ADO ABOUT NOTHING,5,1,LEONATO,"I cannot bid you bid my daughter live; That were impossible; but, I pray you both, Possess the people in Messina here Ho",her,LEONATO,"I cannot bid you bid my daughter live; That were impossible; but, I pray you both, Possess the people in Messina here Ho",male,7
MUCH ADO ABOUT NOTHING,5,1,LEONATO,"I cannot bid you bid my daughter live; That were impossible; but, I pray you both, Possess the people in Messina here Ho",her,LEONATO,"I cannot bid you bid my daughter live; That were impossible; but, I pray you both, Possess the people in Messina here Ho",male,7
MUCH ADO ABOUT NOTHING,5,1,LEONATO,"I cannot bid you bid my daughter live; That were impossible; but, I pray you both, Possess the people in Messina here Ho",it,LEONATO,"I cannot bid you bid my daughter live; That were impossible; but, I pray you both, Possess the people in Messina here Ho",male,7
MUCH ADO ABOUT NOTHING,5,1,LEONATO,"I cannot bid you bid my daughter live; That were impossible; but, I pray you both, Possess the people in Messina here Ho",her,LEONATO,"I cannot bid you bid my daughter live; That were impossible; but, I pray you both, Possess the people in Messina here Ho",male,7
MUCH ADO ABOUT NOTHING,5,1,LEONATO,"I cannot bid you bid my daughter live; That were impossible; but, I pray you both, Possess the people in Messina here Ho",it,LEONATO,"I cannot bid you bid my daughter live; That were impossible; but, I pray you both, Possess the people in Messina here Ho",male,7
MUCH ADO ABOUT NOTHING,5,1,LEONATO,"My brother hath a daughter, Almost the copy of my child that's dead, And she alone is heir to both of us: Give her the r",she,LEONATO,"My brother hath a daughter, Almost the copy of my child that's dead, And LEONATO alone is heir to both of us: Give her t",male,7
MUCH ADO ABOUT NOTHING,5,1,LEONATO,"My brother hath a daughter, Almost the copy of my child that's dead, And she alone is heir to both of us: Give her the r",her,LEONATO,"My brother hath a daughter, Almost the copy of my child that's dead, And LEONATO alone is heir to both of us: Give LEONA",male,7
MUCH ADO ABOUT NOTHING,5,1,LEONATO,"My brother hath a daughter, Almost the copy of my child that's dead, And she alone is heir to both of us: Give her the r",her,LEONATO,"My brother hath a daughter, Almost the copy of my child that's dead, And LEONATO alone is heir to both of us: Give LEONA",male,7
MUCH ADO ABOUT NOTHING,5,1,LEONATO,"This naughty man Shall face to face be brought to Margaret, Who, I believe, was pack'd in all this wrong, Hir'd to it by",it,Margaret,"This naughty man Shall face to face be brought to Margaret, Who, I believe, was pack'd in all this wrong, Hir'd to Marga",female,7
MUCH ADO ABOUT NOTHING,5,1,BORACHIO,"No, by my soul she was not; Nor knew not what she did when she spoke to me; But always hath been just and virtuous In an",she,Margaret,"No, by my soul Margaret was not; Nor knew not what she did when she spoke to me; But always hath been just and virtuous ",female,7
MUCH ADO ABOUT NOTHING,5,1,BORACHIO,"No, by my soul she was not; Nor knew not what she did when she spoke to me; But always hath been just and virtuous In an",she,Margaret,"No, by my soul Margaret was not; Nor knew not what Margaret did when she spoke to me; But always hath been just and virt",female,7
MUCH ADO ABOUT NOTHING,5,1,BORACHIO,"No, by my soul she was not; Nor knew not what she did when she spoke to me; But always hath been just and virtuous In an",she,Margaret,"No, by my soul Margaret was not; Nor knew not what Margaret did when Margaret spoke to me; But always hath been just and",female,7
MUCH ADO ABOUT NOTHING,5,1,BORACHIO,"No, by my soul she was not; Nor knew not what she did when she spoke to me; But always hath been just and virtuous In an",her,Margaret,"No, by my soul Margaret was not; Nor knew not what Margaret did when Margaret spoke to me; But always hath been just and",female,7
MUCH ADO ABOUT NOTHING,5,1,DOGBERRY,"Moreover, sir,—which, indeed, is not under white and black,— this plaintiff here, the offender, did call me ass: I besee",it,DOGBERRY,"Moreover, sir,—which, indeed, is not under white and black,— this plaintiff here, the offender, did call me ass: I besee",male,7
MUCH ADO ABOUT NOTHING,5,1,DOGBERRY,"Moreover, sir,—which, indeed, is not under white and black,— this plaintiff here, the offender, did call me ass: I besee",his,DOGBERRY,"Moreover, sir,—which, indeed, is not under white and black,— this plaintiff here, the offender, did call me ass: I besee",male,7
MUCH ADO ABOUT NOTHING,5,1,DOGBERRY,"And also, the watch heard them talk of one Deformed: they say he wears a key in his ear and a lock hanging by it, and bo",them,DOGBERRY,"And also, the watch heard DOGBERRY talk of one Deformed: they say he wears a key in his ear and a lock hanging by it, an",male,7
MUCH ADO ABOUT NOTHING,5,1,DOGBERRY,"And also, the watch heard them talk of one Deformed: they say he wears a key in his ear and a lock hanging by it, and bo",they,DOGBERRY,"And also, the watch heard DOGBERRY talk of one Deformed: DOGBERRY say he wears a key in his ear and a lock hanging by it",male,7
MUCH ADO ABOUT NOTHING,5,1,DOGBERRY,"And also, the watch heard them talk of one Deformed: they say he wears a key in his ear and a lock hanging by it, and bo",he,DOGBERRY,"And also, the watch heard DOGBERRY talk of one Deformed: DOGBERRY say DOGBERRY wears a key in his ear and a lock hanging",male,7
MUCH ADO ABOUT NOTHING,5,1,DOGBERRY,"And also, the watch heard them talk of one Deformed: they say he wears a key in his ear and a lock hanging by it, and bo",his,DOGBERRY,"And also, the watch heard DOGBERRY talk of one Deformed: DOGBERRY say DOGBERRY wears a key in DOGBERRY ear and a lock ha",male,7
MUCH ADO ABOUT NOTHING,5,1,DOGBERRY,"And also, the watch heard them talk of one Deformed: they say he wears a key in his ear and a lock hanging by it, and bo",it,DOGBERRY,"And also, the watch heard DOGBERRY talk of one Deformed: DOGBERRY say DOGBERRY wears a key in DOGBERRY ear and a lock ha",male,7
MUCH ADO ABOUT NOTHING,5,1,DOGBERRY,"And also, the watch heard them talk of one Deformed: they say he wears a key in his ear and a lock hanging by it, and bo",he,DOGBERRY,"And also, the watch heard DOGBERRY talk of one Deformed: DOGBERRY say DOGBERRY wears a key in DOGBERRY ear and a lock ha",male,7
MUCH ADO ABOUT NOTHING,5,1,DOGBERRY,"Pray you, examine him upon that point.",him,DOGBERRY,"Pray you, examine DOGBERRY upon that point.",male,7
MUCH ADO ABOUT NOTHING,5,1,DOGBERRY,"I humbly give you leave to depart, and if a merry meeting may be wished, God prohibit it!",it,DOGBERRY,"I humbly give you leave to depart, and if a merry meeting may be wished, God prohibit DOGBERRY!",male,7
MUCH ADO ABOUT NOTHING,5,1,LEONATO,"We'll talk with Margaret, How her acquaintance grew with this lewd fellow.",her,Margaret,"We'll talk with Margaret, How Margaret acquaintance grew with this lewd fellow.",female,7
MUCH ADO ABOUT NOTHING,5,2,BENEDICK,"In so high a style, Margaret, that no man living shall come over it; for, in most comely truth, thou deservest it.",it,Margaret,"In so high a style, Margaret, that no man living shall come over Margaret; for, in most comely truth, thou deservest it.",female,6
MUCH ADO ABOUT NOTHING,5,2,BENEDICK,"In so high a style, Margaret, that no man living shall come over it; for, in most comely truth, thou deservest it.",it,Margaret,"In so high a style, Margaret, that no man living shall come over Margaret; for, in most comely truth, thou deservest Mar",female,6
MUCH ADO ABOUT NOTHING,5,2,BENEDICK,Thy wit is as quick as the greyhound's mouth; it catches.,it,BENEDICK,Thy wit is as quick as the greyhound's mouth; BENEDICK catches.,male,7
MUCH ADO ABOUT NOTHING,5,2,BENEDICK,"A most manly wit, Margaret; it will not hurt a woman: and so, I pray thee, call Beatrice.",it,Beatrice,"A most manly wit, Margaret; Beatrice will not hurt a woman: and so, I pray thee, call Beatrice.",female,7
MUCH ADO ABOUT NOTHING,5,2,BENEDICK,"If you use them, Margaret, you must put in the pikes with a vice; and they are dangerous weapons for maids.",them,Margaret,"If you use Margaret, Margaret, you must put in the pikes with a vice; and they are dangerous weapons for maids.",female,7
MUCH ADO ABOUT NOTHING,5,2,BENEDICK,"If you use them, Margaret, you must put in the pikes with a vice; and they are dangerous weapons for maids.",they,Margaret,"If you use Margaret, Margaret, you must put in the pikes with a vice; and Margaret are dangerous weapons for maids.",female,7
MUCH ADO ABOUT NOTHING,5,2,BENEDICK,"The god of love, That sits above, And knows me, and knows me, How pitiful I deserve,— I mean, in singing: but in loving,",they,Troilus,"The god of love, That sits above, And knows me, and knows me, How pitiful I deserve,— I mean, in singing: but in loving,",neutral,7
MUCH ADO ABOUT NOTHING,5,2,BENEDICK,"Marry, I cannot show it in rime; I have tried: I can find out no rime to 'lady' but 'baby', an innocent rime; for 'scorn",it,BENEDICK,"Marry, I cannot show BENEDICK in rime; I have tried: I can find out no rime to 'lady' but 'baby', an innocent rime; for ",male,7
MUCH ADO ABOUT NOTHING,5,2,BENEDICK,"Thou hast frighted the word out of his right sense, so forcible is thy wit.",his,BENEDICK,"Thou hast frighted the word out of BENEDICK right sense, so forcible is thy wit.",male,7
MUCH ADO ABOUT NOTHING,5,2,BENEDICK,"But I must tell thee plainly, Claudio undergoes my challenge, and either I must shortly hear from him, or I will subscri",him,Claudio,"But I must tell thee plainly, Claudio undergoes my challenge, and either I must shortly hear from Claudio, or I will sub",male,7
MUCH ADO ABOUT NOTHING,5,2,BENEDICK,"But I must tell thee plainly, Claudio undergoes my challenge, and either I must shortly hear from him, or I will subscri",him,Claudio,"But I must tell thee plainly, Claudio undergoes my challenge, and either I must shortly hear from Claudio, or I will sub",male,7
MUCH ADO ABOUT NOTHING,5,2,BEATRICE,For them all together; which maintained so politic a state of evil that they will not admit any good part to intermingle,them,BEATRICE,For BEATRICE all together; which maintained so politic a state of evil that they will not admit any good part to intermi,female,7
MUCH ADO ABOUT NOTHING,5,2,BEATRICE,For them all together; which maintained so politic a state of evil that they will not admit any good part to intermingle,they,BEATRICE,For BEATRICE all together; which maintained so politic a state of evil that BEATRICE will not admit any good part to int,female,7
MUCH ADO ABOUT NOTHING,5,2,BEATRICE,For them all together; which maintained so politic a state of evil that they will not admit any good part to intermingle,them,BEATRICE,For BEATRICE all together; which maintained so politic a state of evil that BEATRICE will not admit any good part to int,female,7
MUCH ADO ABOUT NOTHING,5,2,BEATRICE,"If you spite it for my sake, I will spite it for yours; for I will never love that which my friend hates.",it,BEATRICE,"If you spite BEATRICE for my sake, I will spite it for yours; for I will never love that which my friend hates.",female,7
MUCH ADO ABOUT NOTHING,5,2,BEATRICE,"If you spite it for my sake, I will spite it for yours; for I will never love that which my friend hates.",it,BEATRICE,"If you spite BEATRICE for my sake, I will spite BEATRICE for yours; for I will never love that which my friend hates.",female,7
MUCH ADO ABOUT NOTHING,5,2,BEATRICE,It appears not in this confession: there's not one wise man among twenty that will praise himself.,It,BEATRICE,BEATRICE appears not in this confession: there's not one wise man among twenty that will praise himself.,female,7
MUCH ADO ABOUT NOTHING,5,2,BEATRICE,It appears not in this confession: there's not one wise man among twenty that will praise himself.,himself,BENEDICK,BEATRICE appears not in this confession: there's not one wise man among twenty that will praise BENEDICK.,male,7
MUCH ADO ABOUT NOTHING,5,2,BENEDICK,"If a man do not erect in this age his own tomb ere he dies, he shall live no longer in monument than the bell rings and ",his,BENEDICK,"If a man do not erect in this age BENEDICK own tomb ere he dies, he shall live no longer in monument than the bell rings",male,7
MUCH ADO ABOUT NOTHING,5,2,BENEDICK,"If a man do not erect in this age his own tomb ere he dies, he shall live no longer in monument than the bell rings and ",he,BENEDICK,"If a man do not erect in this age BENEDICK own tomb ere BENEDICK dies, he shall live no longer in monument than the bell",male,7
MUCH ADO ABOUT NOTHING,5,2,BENEDICK,"If a man do not erect in this age his own tomb ere he dies, he shall live no longer in monument than the bell rings and ",he,BENEDICK,"If a man do not erect in this age BENEDICK own tomb ere BENEDICK dies, BENEDICK shall live no longer in monument than th",male,7
MUCH ADO ABOUT NOTHING,5,2,BENEDICK,"Question: why, an hour in clamour and a quarter in rheum: therefore is it most expedient for the wise,—if Don Worm, his ",it,Don Worm,"Question: why, an hour in clamour and a quarter in rheum: therefore is Don Worm most expedient for the wise,—if Don Worm",neutral,7
MUCH ADO ABOUT NOTHING,5,2,BENEDICK,"Question: why, an hour in clamour and a quarter in rheum: therefore is it most expedient for the wise,—if Don Worm, his ",his,BENEDICK,"Question: why, an hour in clamour and a quarter in rheum: therefore is Don Worm most expedient for the wise,—if Don Worm",male,7
MUCH ADO ABOUT NOTHING,5,2,BENEDICK,"Question: why, an hour in clamour and a quarter in rheum: therefore is it most expedient for the wise,—if Don Worm, his ",his,BENEDICK,"Question: why, an hour in clamour and a quarter in rheum: therefore is Don Worm most expedient for the wise,—if Don Worm",male,7
MUCH ADO ABOUT NOTHING,5,2,URSULA,"Yonder's old coil at home: it is proved, my Lady Hero hath been falsely accused, the Prince and Claudio mightily abused;",it,Don John,"Yonder's old coil at home: Don John is proved, my Lady Hero hath been falsely accused, the Prince and Claudio mightily a",male,7
MUCH ADO ABOUT NOTHING,5,3,A LORD,"It is, my lord.",It,A LORD,"A LORD is, my lord.",neutral,3
MUCH ADO ABOUT NOTHING,5,3,CLAUDIO,"Done to death by slanderous tongues Was the Hero that here lies: Death, in guerdon of her wrongs, Gives her fame which n",her,Hero,"Done to death by slanderous tongues Was the Hero that here lies: Death, in guerdon of Hero wrongs, Gives her fame which ",female,7
MUCH ADO ABOUT NOTHING,5,3,CLAUDIO,"Done to death by slanderous tongues Was the Hero that here lies: Death, in guerdon of her wrongs, Gives her fame which n",her,Hero,"Done to death by slanderous tongues Was the Hero that here lies: Death, in guerdon of Hero wrongs, Gives Hero fame which",female,7
MUCH ADO ABOUT NOTHING,5,3,CLAUDIO,"Hang thou there upon the tomb, Praising her when I am dumb.",her,Hero,"Hang thou there upon the tomb, Praising Hero when I am dumb.",female,7
MUCH ADO ABOUT NOTHING,5,3,CLAUDIO,"Pardon, goddess of the night, Those that slew thy virgin knight; For the which, with songs of woe, Round about her tomb ",her,Hero,"Pardon, goddess of the night, Those that slew thy virgin knight; For the which, with songs of woe, Round about Hero tomb",female,7
MUCH ADO ABOUT NOTHING,5,3,CLAUDIO,"Pardon, goddess of the night, Those that slew thy virgin knight; For the which, with songs of woe, Round about her tomb ",they,CLAUDIO,"Pardon, goddess of the night, Those that slew thy virgin knight; For the which, with songs of woe, Round about Hero tomb",male,7
MUCH ADO ABOUT NOTHING,5,3,CLAUDIO,"Good morrow, masters: each his several way.",his,CLAUDIO,"Good morrow, masters: each CLAUDIO several way.",male,7
MUCH ADO ABOUT NOTHING,5,4,FRIAR,Did I not tell you she was innocent?,she,FRIAR,Did I not tell you FRIAR was innocent?,neutral,1
MUCH ADO ABOUT NOTHING,5,4,LEONATO,"So are the Prince and Claudio, who accus'd her Upon the error that you heard debated:",her,Claudio,"So are the Prince and Claudio, who accus'd Claudio Upon the error that you heard debated:",male,3
MUCH ADO ABOUT NOTHING,5,4,LEONATO,"But Margaret was in some fault for this, Although against her will, as it appears In the true course of all the question",her,Margaret,"But Margaret was in some fault for this, Although against Margaret will, as it appears In the true course of all the que",female,5
MUCH ADO ABOUT NOTHING,5,4,LEONATO,"But Margaret was in some fault for this, Although against her will, as it appears In the true course of all the question",it,Margaret,"But Margaret was in some fault for this, Although against Margaret will, as Margaret appears In the true course of all t",female,5
MUCH ADO ABOUT NOTHING,5,4,BENEDICK,To call young Claudio to a reckoning for it.,it,Claudio,To call young Claudio to a reckoning for Claudio.,male,7
MUCH ADO ABOUT NOTHING,5,4,LEONATO,"You know your office, brother; You must be father to your brother's daughter, And give her to young Claudio.",her,Margaret,"You know your office, brother; You must be father to your brother's daughter, And give Margaret to young Claudio.",female,7
MUCH ADO ABOUT NOTHING,5,4,BENEDICK,"To bind me, or undo me; one of them.",them,BENEDICK,"To bind me, or undo me; one of BENEDICK.",male,7
MUCH ADO ABOUT NOTHING,5,4,BENEDICK,"Signior Leonato, truth it is, good signior, Your niece regards me with an eye of favour.",it,Leonato,"Signior Leonato, truth Leonato is, good signior, Your niece regards me with an eye of favour.",male,7
MUCH ADO ABOUT NOTHING,5,4,LEONATO,That eye my daughter lent her.,her,Margaret,That eye my daughter lent Margaret.,female,7
MUCH ADO ABOUT NOTHING,5,4,BENEDICK,And I do with an eye of love requite her.,her,Margaret,And I do with an eye of love requite Margaret.,female,7
MUCH ADO ABOUT NOTHING,5,4,CLAUDIO,"I'll hold my mind, were she an Ethiope.",she,CLAUDIO,"I'll hold my mind, were CLAUDIO an Ethiope.",male,7
MUCH ADO ABOUT NOTHING,5,4,LEONATO,"Call her forth, brother: here's the friar ready.",her,LEONATO,"Call LEONATO forth, brother: here's the friar ready.",male,7
MUCH ADO ABOUT NOTHING,5,4,CLAUDIO,I think he thinks upon the savage bull.,he,CLAUDIO,I think CLAUDIO thinks upon the savage bull.,male,7
MUCH ADO ABOUT NOTHING,5,4,CLAUDIO,"fear not, man, we'll tip thy horns with gold, And all Europa shall rejoice at thee, As once Europa did at lusty Jove, Wh",he,CLAUDIO,"fear not, man, we'll tip thy horns with gold, And all Europa shall rejoice at thee, As once Europa did at lusty Jove, Wh",male,7
MUCH ADO ABOUT NOTHING,5,4,BENEDICK,"Bull Jove, sir, had an amiable low: And some such strange bull leap'd your father's cow, And got a calf in that same nob",his,BENEDICK,"Bull Jove, sir, had an amiable low: And some such strange bull leap'd your father's cow, And got a calf in that same nob",male,7
MUCH ADO ABOUT NOTHING,5,4,ANTONIO,"This same is she, and I do give you her.",she,ANTONIO,"This same is ANTONIO, and I do give you her.",male,7
MUCH ADO ABOUT NOTHING,5,4,ANTONIO,"This same is she, and I do give you her.",her,ANTONIO,"This same is ANTONIO, and I do give you ANTONIO.",male,7
MUCH ADO ABOUT NOTHING,5,4,CLAUDIO,"Why then, she's mine.",she,CLAUDIO,"Why then, CLAUDIO's mine.",male,7
MUCH ADO ABOUT NOTHING,5,4,LEONATO,"No, that you shall not, till you take her hand Before this friar, and swear to marry her.",her,LEONATO,"No, that you shall not, till you take LEONATO hand Before this friar, and swear to marry her.",male,7
MUCH ADO ABOUT NOTHING,5,4,LEONATO,"No, that you shall not, till you take her hand Before this friar, and swear to marry her.",her,LEONATO,"No, that you shall not, till you take LEONATO hand Before this friar, and swear to marry LEONATO.",male,7
MUCH ADO ABOUT NOTHING,5,4,LEONATO,"She died, my lord, but whiles her slander liv'd.",She,Hero,"Hero died, my lord, but whiles her slander liv'd.",female,7
MUCH ADO ABOUT NOTHING,5,4,LEONATO,"She died, my lord, but whiles her slander liv'd.",her,Hero,"Hero died, my lord, but whiles Hero slander liv'd.",female,7
MUCH ADO ABOUT NOTHING,5,4,BENEDICK,"Why, then, your uncle and the Prince and Claudio Have been deceived; for they swore you did.",they,Claudio,"Why, then, your uncle and the Prince and Claudio Have been deceived; for Claudio swore you did.",male,7
MUCH ADO ABOUT NOTHING,5,4,BEATRICE,"Why, then my cousin, Margaret, and Ursula, Are much deceiv'd; for they did swear you did.",they,Ursula,"Why, then my cousin, Margaret, and Ursula, Are much deceiv'd; for Ursula did swear you did.",female,7
MUCH ADO ABOUT NOTHING,5,4,BENEDICK,They swore that you were almost sick for me.,They,BENEDICK,BENEDICK swore that you were almost sick for me.,male,7
MUCH ADO ABOUT NOTHING,5,4,BEATRICE,They swore that you were well-nigh dead for me.,They,BEATRICE,BEATRICE swore that you were well-nigh dead for me.,female,7
MUCH ADO ABOUT NOTHING,5,4,CLAUDIO,And I'll be sworn upon 't that he loves her;,he,CLAUDIO,And I'll be sworn upon 't that CLAUDIO loves her;,male,7
MUCH ADO ABOUT NOTHING,5,4,CLAUDIO,And I'll be sworn upon 't that he loves her;,her,BEATRICE,And I'll be sworn upon 't that CLAUDIO loves BEATRICE;,female,7
MUCH ADO ABOUT NOTHING,5,4,CLAUDIO,"For here's a paper written in his hand, A halting sonnet of his own pure brain, Fashion'd to Beatrice.",his,CLAUDIO,"For here's a paper written in CLAUDIO hand, A halting sonnet of his own pure brain, Fashion'd to Beatrice.",male,7
MUCH ADO ABOUT NOTHING,5,4,CLAUDIO,"For here's a paper written in his hand, A halting sonnet of his own pure brain, Fashion'd to Beatrice.",his,CLAUDIO,"For here's a paper written in CLAUDIO hand, A halting sonnet of CLAUDIO own pure brain, Fashion'd to Beatrice.",male,7
MUCH ADO ABOUT NOTHING,5,4,HERO,"And here's another, Writ in my cousin's hand, stolen from her pocket, Containing her affection unto Benedick.",her,HERO,"And here's another, Writ in my cousin's hand, stolen from HERO pocket, Containing her affection unto Benedick.",female,7
MUCH ADO ABOUT NOTHING,5,4,HERO,"And here's another, Writ in my cousin's hand, stolen from her pocket, Containing her affection unto Benedick.",her,HERO,"And here's another, Writ in my cousin's hand, stolen from HERO pocket, Containing HERO affection unto Benedick.",female,7
MUCH ADO ABOUT NOTHING,5,4,BENEDICK,Kisses her.,her,BEATRICE,Kisses BEATRICE.,female,7
MUCH ADO ABOUT NOTHING,5,4,BENEDICK,"No; if man will be beaten with brains, a' shall wear nothing handsome about him.",him,BENEDICK,"No; if man will be beaten with brains, a' shall wear nothing handsome about BENEDICK.",male,7
MUCH ADO ABOUT NOTHING,5,4,BENEDICK,"In brief, since I do purpose to marry, I will think nothing to any purpose that the world can say against it; and theref",it,BENEDICK,"In brief, since I do purpose to marry, I will think nothing to any purpose that the world can say against BENEDICK; and ",male,7
MUCH ADO ABOUT NOTHING,5,4,BENEDICK,"In brief, since I do purpose to marry, I will think nothing to any purpose that the world can say against it; and theref",it,BENEDICK,"In brief, since I do purpose to marry, I will think nothing to any purpose that the world can say against BENEDICK; and ",male,7
MUCH ADO ABOUT NOTHING,5,4,BENEDICK,Think not on him till tomorrow: I'll devise thee brave punishments for him.,him,BENEDICK,Think not on BENEDICK till tomorrow: I'll devise thee brave punishments for him.,male,7
MUCH ADO ABOUT NOTHING,5,4,BENEDICK,Think not on him till tomorrow: I'll devise thee brave punishments for him.,him,BENEDICK,Think not on BENEDICK till tomorrow: I'll devise thee brave punishments for BENEDICK.,male,7
