play,act,scene,speaker,original_sentence,pronoun,resolved_to,resolved_sentence,gender_group,window_size_used
MACBETH,1,2,DUNCAN,"He can report, As seemeth by his plight, of the revolt The newest state.",He,DUNCAN,"DUNCAN can report, As seemeth by his plight, of the revolt The newest state.",male,2
MACBETH,1,2,DUNCAN,"He can report, As seemeth by his plight, of the revolt The newest state.",his,DUNCAN,"DUNCAN can report, As seemeth by DUNCAN plight, of the revolt The newest state.",male,2
MACBETH,1,2,MALCOLM,Say to the King the knowledge of the broil As thou didst leave it.,it,MALCOLM,Say to the King the knowledge of the broil As thou didst leave MALCOLM.,male,5
MACBETH,1,2,SOLDIER,Doubtful it stood; As two spent swimmers that do cling together And choke their art.,it,SOLDIER,Doubtful SOLDIER stood; As two spent swimmers that do cling together And choke their art.,neutral,6
MACBETH,1,2,SOLDIER,Doubtful it stood; As two spent swimmers that do cling together And choke their art.,their,SOLDIER,Doubtful SOLDIER stood; As two spent swimmers that do cling together And choke SOLDIER art.,neutral,6
MACBETH,1,2,SOLDIER,"The merciless Macdonwald (Worthy to be a rebel, for to that The multiplying villainies of nature Do swarm upon him) from",him,MALCOLM,"The merciless Macdonwald (Worthy to be a rebel, for to that The multiplying villainies of nature Do swarm upon MALCOLM) ",male,7
MACBETH,1,2,SOLDIER,"The merciless Macdonwald (Worthy to be a rebel, for to that The multiplying villainies of nature Do swarm upon him) from",his,MALCOLM,"The merciless Macdonwald (Worthy to be a rebel, for to that The multiplying villainies of nature Do swarm upon MALCOLM) ",male,7
MACBETH,1,2,SOLDIER,"But all's too weak; For brave Macbeth (well he deserves that name), Disdaining Fortune, with his brandish'd steel, Which",he,Macbeth,"But all's too weak; For brave Macbeth (well Macbeth deserves that name), Disdaining Fortune, with his brandish'd steel, ",male,7
MACBETH,1,2,SOLDIER,"But all's too weak; For brave Macbeth (well he deserves that name), Disdaining Fortune, with his brandish'd steel, Which",his,Macbeth,"But all's too weak; For brave Macbeth (well Macbeth deserves that name), Disdaining Fortune, with Macbeth brandish'd ste",male,7
MACBETH,1,2,SOLDIER,"But all's too weak; For brave Macbeth (well he deserves that name), Disdaining Fortune, with his brandish'd steel, Which",his,Macbeth,"But all's too weak; For brave Macbeth (well Macbeth deserves that name), Disdaining Fortune, with Macbeth brandish'd ste",male,7
MACBETH,1,2,SOLDIER,"But all's too weak; For brave Macbeth (well he deserves that name), Disdaining Fortune, with his brandish'd steel, Which",he,Macbeth,"But all's too weak; For brave Macbeth (well Macbeth deserves that name), Disdaining Fortune, with Macbeth brandish'd ste",male,7
MACBETH,1,2,SOLDIER,"But all's too weak; For brave Macbeth (well he deserves that name), Disdaining Fortune, with his brandish'd steel, Which",him,Macbeth,"But all's too weak; For brave Macbeth (well Macbeth deserves that name), Disdaining Fortune, with Macbeth brandish'd ste",male,7
MACBETH,1,2,SOLDIER,"But all's too weak; For brave Macbeth (well he deserves that name), Disdaining Fortune, with his brandish'd steel, Which",he,Macbeth,"But all's too weak; For brave Macbeth (well Macbeth deserves that name), Disdaining Fortune, with Macbeth brandish'd ste",male,7
MACBETH,1,2,SOLDIER,"But all's too weak; For brave Macbeth (well he deserves that name), Disdaining Fortune, with his brandish'd steel, Which",him,Macbeth,"But all's too weak; For brave Macbeth (well Macbeth deserves that name), Disdaining Fortune, with Macbeth brandish'd ste",male,7
MACBETH,1,2,SOLDIER,"But all's too weak; For brave Macbeth (well he deserves that name), Disdaining Fortune, with his brandish'd steel, Which",his,Macbeth,"But all's too weak; For brave Macbeth (well Macbeth deserves that name), Disdaining Fortune, with Macbeth brandish'd ste",male,7
MACBETH,1,2,SOLDIER,"As whence the sun 'gins his reflection Shipwracking storms and direful thunders break, So from that spring, whence comfo",his,DUNCAN,"As whence the sun 'gins DUNCAN reflection Shipwracking storms and direful thunders break, So from that spring, whence co",male,7
MACBETH,1,2,SOLDIER,"Mark, King of Scotland, mark: No sooner justice had, with valour arm'd, Compell'd these skipping kerns to trust their he",their,SOLDIER,"Mark, King of Scotland, mark: No sooner justice had, with valour arm'd, Compell'd these skipping kerns to trust SOLDIER ",neutral,7
MACBETH,1,2,SOLDIER,"If I say sooth, I must report they were As cannons overcharg'd with double cracks; So they Doubly redoubled strokes upon",they,Golgotha,"If I say sooth, I must report Golgotha were As cannons overcharg'd with double cracks; So they Doubly redoubled strokes ",neutral,7
MACBETH,1,2,SOLDIER,"If I say sooth, I must report they were As cannons overcharg'd with double cracks; So they Doubly redoubled strokes upon",they,Golgotha,"If I say sooth, I must report Golgotha were As cannons overcharg'd with double cracks; So Golgotha Doubly redoubled stro",neutral,7
MACBETH,1,2,SOLDIER,"If I say sooth, I must report they were As cannons overcharg'd with double cracks; So they Doubly redoubled strokes upon",they,Golgotha,"If I say sooth, I must report Golgotha were As cannons overcharg'd with double cracks; So Golgotha Doubly redoubled stro",neutral,7
MACBETH,1,2,DUNCAN,"So well thy words become thee as thy wounds: They smack of honour both.—Go, get him surgeons.",They,DUNCAN,"So well thy words become thee as thy wounds: DUNCAN smack of honour both.—Go, get him surgeons.",male,7
MACBETH,1,2,DUNCAN,"So well thy words become thee as thy wounds: They smack of honour both.—Go, get him surgeons.",him,DUNCAN,"So well thy words become thee as thy wounds: DUNCAN smack of honour both.—Go, get DUNCAN surgeons.",male,7
MACBETH,1,2,LENNOX,What a haste looks through his eyes!,his,LENNOX,What a haste looks through LENNOX eyes!,male,7
MACBETH,1,2,LENNOX,So should he look That seems to speak things strange.,he,LENNOX,So should LENNOX look That seems to speak things strange.,male,7
MACBETH,1,2,ROSS,"Norway himself, with terrible numbers, Assisted by that most disloyal traitor, The Thane of Cawdor, began a dismal confl",himself,ROSS,"Norway ROSS, with terrible numbers, Assisted by that most disloyal traitor, The Thane of Cawdor, began a dismal conflict",male,7
MACBETH,1,2,ROSS,"Norway himself, with terrible numbers, Assisted by that most disloyal traitor, The Thane of Cawdor, began a dismal confl",him,ROSS,"Norway ROSS, with terrible numbers, Assisted by that most disloyal traitor, The Thane of Cawdor, began a dismal conflict",male,7
MACBETH,1,2,ROSS,"Norway himself, with terrible numbers, Assisted by that most disloyal traitor, The Thane of Cawdor, began a dismal confl",his,ROSS,"Norway ROSS, with terrible numbers, Assisted by that most disloyal traitor, The Thane of Cawdor, began a dismal conflict",male,7
MACBETH,1,2,ROSS,"That now Sweno, the Norways' king, craves composition; Nor would we deign him burial of his men Till he disbursed at Sai",him,ROSS,"That now Sweno, the Norways' king, craves composition; Nor would we deign ROSS burial of his men Till he disbursed at Sa",male,7
MACBETH,1,2,ROSS,"That now Sweno, the Norways' king, craves composition; Nor would we deign him burial of his men Till he disbursed at Sai",his,ROSS,"That now Sweno, the Norways' king, craves composition; Nor would we deign ROSS burial of ROSS men Till he disbursed at S",male,7
MACBETH,1,2,ROSS,"That now Sweno, the Norways' king, craves composition; Nor would we deign him burial of his men Till he disbursed at Sai",he,ROSS,"That now Sweno, the Norways' king, craves composition; Nor would we deign ROSS burial of ROSS men Till ROSS disbursed at",male,7
MACBETH,1,2,DUNCAN,"Go pronounce his present death, And with his former title greet Macbeth.",his,Macbeth,"Go pronounce Macbeth present death, And with his former title greet Macbeth.",male,7
MACBETH,1,2,DUNCAN,"Go pronounce his present death, And with his former title greet Macbeth.",his,Macbeth,"Go pronounce Macbeth present death, And with Macbeth former title greet Macbeth.",male,7
MACBETH,1,2,ROSS,I'll see it done.,it,ROSS,I'll see ROSS done.,male,7
MACBETH,1,2,DUNCAN,"What he hath lost, noble Macbeth hath won.",he,Macbeth,"What Macbeth hath lost, noble Macbeth hath won.",male,7
MACBETH,1,3,FIRST WITCH,"A sailor's wife had chestnuts in her lap, And mounch'd, and mounch'd, and mounch'd. ""Give me,"" quoth I. ""Aroint thee, wi",her,FIRST WITCH,"A sailor's wife had chestnuts in FIRST WITCH lap, And mounch'd, and mounch'd, and mounch'd. ""Give me,"" quoth I. ""Aroint ",neutral,4
MACBETH,1,3,FIRST WITCH,"Her husband's to Aleppo gone, master o' th' Tiger:",Her,FIRST WITCH,"FIRST WITCH husband's to Aleppo gone, master o' th' Tiger:",neutral,6
MACBETH,1,3,FIRST WITCH,"I myself have all the other, And the very ports they blow, All the quarters that they know I' the shipman's card.",they,FIRST WITCH,"I myself have all the other, And the very ports FIRST WITCH blow, All the quarters that they know I' the shipman's card.",neutral,7
MACBETH,1,3,FIRST WITCH,"I myself have all the other, And the very ports they blow, All the quarters that they know I' the shipman's card.",they,FIRST WITCH,"I myself have all the other, And the very ports FIRST WITCH blow, All the quarters that FIRST WITCH know I' the shipman'",neutral,7
MACBETH,1,3,FIRST WITCH,I will drain him dry as hay: Sleep shall neither night nor day Hang upon his pent-house lid; He shall live a man forbid.,him,FIRST WITCH,I will drain FIRST WITCH dry as hay: Sleep shall neither night nor day Hang upon his pent-house lid; He shall live a man,neutral,7
MACBETH,1,3,FIRST WITCH,I will drain him dry as hay: Sleep shall neither night nor day Hang upon his pent-house lid; He shall live a man forbid.,his,FIRST WITCH,I will drain FIRST WITCH dry as hay: Sleep shall neither night nor day Hang upon FIRST WITCH pent-house lid; He shall li,neutral,7
MACBETH,1,3,FIRST WITCH,I will drain him dry as hay: Sleep shall neither night nor day Hang upon his pent-house lid; He shall live a man forbid.,He,FIRST WITCH,I will drain FIRST WITCH dry as hay: Sleep shall neither night nor day Hang upon FIRST WITCH pent-house lid; FIRST WITCH,neutral,7
MACBETH,1,3,FIRST WITCH,"Weary sev'n-nights nine times nine, Shall he dwindle, peak, and pine:",he,FIRST WITCH,"Weary sev'n-nights nine times nine, Shall FIRST WITCH dwindle, peak, and pine:",neutral,7
MACBETH,1,3,FIRST WITCH,"Though his bark cannot be lost, Yet it shall be tempest-tost.",his,FIRST WITCH,"Though FIRST WITCH bark cannot be lost, Yet it shall be tempest-tost.",neutral,7
MACBETH,1,3,FIRST WITCH,"Though his bark cannot be lost, Yet it shall be tempest-tost.",it,FIRST WITCH,"Though FIRST WITCH bark cannot be lost, Yet FIRST WITCH shall be tempest-tost.",neutral,7
MACBETH,1,3,FIRST WITCH,"Here I have a pilot's thumb, Wrack'd as homeward he did come.",he,FIRST WITCH,"Here I have a pilot's thumb, Wrack'd as homeward FIRST WITCH did come.",neutral,7
MACBETH,1,3,BANQUO,"How far is't call'd to Forres?—What are these, So wither'd, and so wild in their attire, That look not like the inhabita",their,BANQUO,"How far is't call'd to Forres?—What are these, So wither'd, and so wild in BANQUO attire, That look not like the inhabit",male,7
MACBETH,1,3,BANQUO,"You seem to understand me, By each at once her choppy finger laying Upon her skinny lips.",her,BANQUO,"You seem to understand me, By each at once BANQUO choppy finger laying Upon her skinny lips.",male,7
MACBETH,1,3,BANQUO,"You seem to understand me, By each at once her choppy finger laying Upon her skinny lips.",her,BANQUO,"You seem to understand me, By each at once BANQUO choppy finger laying Upon BANQUO skinny lips.",male,7
MACBETH,1,3,BANQUO,"My noble partner You greet with present grace and great prediction Of noble having and of royal hope, That he seems rapt",he,BANQUO,"My noble partner You greet with present grace and great prediction Of noble having and of royal hope, That BANQUO seems ",male,7
MACBETH,1,3,BANQUO,"The earth hath bubbles, as the water has, And these are of them.",them,BANQUO,"The earth hath bubbles, as the water has, And these are of BANQUO.",male,7
MACBETH,1,3,BANQUO,Whither are they vanish'd?,they,BANQUO,Whither are BANQUO vanish'd?,male,7
MACBETH,1,3,MACBETH,Would they had stay'd!,they,MACBETH,Would MACBETH had stay'd!,male,7
MACBETH,1,3,MACBETH,And Thane of Cawdor too; went it not so?,it,MACBETH,And Thane of Cawdor too; went MACBETH not so?,male,7
MACBETH,1,3,ROSS,"when he reads Thy personal venture in the rebels' fight, His wonders and his praises do contend Which should be thine or",he,ROSS,"when ROSS reads Thy personal venture in the rebels' fight, His wonders and his praises do contend Which should be thine ",male,7
MACBETH,1,3,ROSS,"when he reads Thy personal venture in the rebels' fight, His wonders and his praises do contend Which should be thine or",His,ROSS,"when ROSS reads Thy personal venture in the rebels' fight, ROSS wonders and his praises do contend Which should be thine",male,7
MACBETH,1,3,ROSS,"when he reads Thy personal venture in the rebels' fight, His wonders and his praises do contend Which should be thine or",his,ROSS,"when ROSS reads Thy personal venture in the rebels' fight, ROSS wonders and ROSS praises do contend Which should be thin",male,7
MACBETH,1,3,ROSS,"when he reads Thy personal venture in the rebels' fight, His wonders and his praises do contend Which should be thine or",his,ROSS,"when ROSS reads Thy personal venture in the rebels' fight, ROSS wonders and ROSS praises do contend Which should be thin",male,7
MACBETH,1,3,ROSS,"when he reads Thy personal venture in the rebels' fight, His wonders and his praises do contend Which should be thine or",He,ROSS,"when ROSS reads Thy personal venture in the rebels' fight, ROSS wonders and ROSS praises do contend Which should be thin",male,7
MACBETH,1,3,ROSS,"As thick as tale Came post with post; and everyone did bear Thy praises in his kingdom's great defence, And pour'd them ",his,ROSS,"As thick as tale Came post with post; and everyone did bear Thy praises in ROSS kingdom's great defence, And pour'd them",male,7
MACBETH,1,3,ROSS,"As thick as tale Came post with post; and everyone did bear Thy praises in his kingdom's great defence, And pour'd them ",them,ROSS,"As thick as tale Came post with post; and everyone did bear Thy praises in ROSS kingdom's great defence, And pour'd ROSS",male,7
MACBETH,1,3,ROSS,"As thick as tale Came post with post; and everyone did bear Thy praises in his kingdom's great defence, And pour'd them ",him,ROSS,"As thick as tale Came post with post; and everyone did bear Thy praises in ROSS kingdom's great defence, And pour'd ROSS",male,7
MACBETH,1,3,ANGUS,"We are sent To give thee from our royal master thanks; Only to herald thee into his sight, Not pay thee.",his,ANGUS,"We are sent To give thee from our royal master thanks; Only to herald thee into ANGUS sight, Not pay thee.",male,7
MACBETH,1,3,ROSS,"And, for an earnest of a greater honour, He bade me, from him, call thee Thane of Cawdor: In which addition, hail, most ",He,ROSS,"And, for an earnest of a greater honour, ROSS bade me, from him, call thee Thane of Cawdor: In which addition, hail, mos",male,7
MACBETH,1,3,ROSS,"And, for an earnest of a greater honour, He bade me, from him, call thee Thane of Cawdor: In which addition, hail, most ",him,ROSS,"And, for an earnest of a greater honour, ROSS bade me, from ROSS, call thee Thane of Cawdor: In which addition, hail, mo",male,7
MACBETH,1,3,ROSS,"And, for an earnest of a greater honour, He bade me, from him, call thee Thane of Cawdor: In which addition, hail, most ",it,ROSS,"And, for an earnest of a greater honour, ROSS bade me, from ROSS, call thee Thane of Cawdor: In which addition, hail, mo",male,7
MACBETH,1,3,ANGUS,"Who was the Thane lives yet, But under heavy judgement bears that life Which he deserves to lose.",he,ANGUS,"Who was the Thane lives yet, But under heavy judgement bears that life Which ANGUS deserves to lose.",male,7
MACBETH,1,3,ANGUS,"Whether he was combin'd With those of Norway, or did line the rebel With hidden help and vantage, or that with both He l",he,ANGUS,"Whether ANGUS was combin'd With those of Norway, or did line the rebel With hidden help and vantage, or that with both H",male,7
MACBETH,1,3,ANGUS,"Whether he was combin'd With those of Norway, or did line the rebel With hidden help and vantage, or that with both He l",He,ANGUS,"Whether ANGUS was combin'd With those of Norway, or did line the rebel With hidden help and vantage, or that with both A",male,7
MACBETH,1,3,ANGUS,"Whether he was combin'd With those of Norway, or did line the rebel With hidden help and vantage, or that with both He l",his,ANGUS,"Whether ANGUS was combin'd With those of Norway, or did line the rebel With hidden help and vantage, or that with both A",male,7
MACBETH,1,3,ANGUS,"But treasons capital, confess'd and prov'd, Have overthrown him.",him,ANGUS,"But treasons capital, confess'd and prov'd, Have overthrown ANGUS.",male,7
MACBETH,1,3,MACBETH,no less to them?,them,MACBETH,no less to MACBETH?,male,7
MACBETH,1,3,MACBETH,"If ill, Why hath it given me earnest of success, Commencing in a truth?",it,MACBETH,"If ill, Why hath MACBETH given me earnest of success, Commencing in a truth?",male,7
MACBETH,1,3,BANQUO,"New honours come upon him, Like our strange garments, cleave not to their mould",him,BANQUO,"New honours come upon BANQUO, Like our strange garments, cleave not to their mould",male,7
MACBETH,1,3,BANQUO,"New honours come upon him, Like our strange garments, cleave not to their mould",their,BANQUO,"New honours come upon BANQUO, Like our strange garments, cleave not to BANQUO mould",male,7
MACBETH,1,3,MACBETH,"Think upon what hath chanc'd; and at more time, The interim having weigh'd it, let us speak Our free hearts each to othe",it,MACBETH,"Think upon what hath chanc'd; and at more time, The interim having weigh'd MACBETH, let us speak Our free hearts each to",male,7
MACBETH,1,4,MALCOLM,"My liege, They are not yet come back.",They,MALCOLM,"My liege, MALCOLM are not yet come back.",male,3
MACBETH,1,4,MALCOLM,"But I have spoke With one that saw him die, who did report, That very frankly he confess'd his treasons, Implor'd your H",him,MALCOLM,"But I have spoke With one that saw MALCOLM die, who did report, That very frankly he confess'd his treasons, Implor'd yo",male,4
MACBETH,1,4,MALCOLM,"But I have spoke With one that saw him die, who did report, That very frankly he confess'd his treasons, Implor'd your H",he,MALCOLM,"But I have spoke With one that saw MALCOLM die, who did report, That very frankly MALCOLM confess'd his treasons, Implor",male,4
MACBETH,1,4,MALCOLM,"But I have spoke With one that saw him die, who did report, That very frankly he confess'd his treasons, Implor'd your H",his,MALCOLM,"But I have spoke With one that saw MALCOLM die, who did report, That very frankly MALCOLM confess'd MALCOLM treasons, Im",male,4
MACBETH,1,4,MALCOLM,"Nothing in his life Became him like the leaving it; he died As one that had been studied in his death, To throw away the",his,MALCOLM,"Nothing in MALCOLM life Became him like the leaving it; he died As one that had been studied in his death, To throw away",male,5
MACBETH,1,4,MALCOLM,"Nothing in his life Became him like the leaving it; he died As one that had been studied in his death, To throw away the",him,MALCOLM,"Nothing in MALCOLM life Became MALCOLM like the leaving it; he died As one that had been studied in his death, To throw ",male,5
MACBETH,1,4,MALCOLM,"Nothing in his life Became him like the leaving it; he died As one that had been studied in his death, To throw away the",it,MALCOLM,"Nothing in MALCOLM life Became MALCOLM like the leaving MALCOLM; he died As one that had been studied in his death, To t",male,5
MACBETH,1,4,MALCOLM,"Nothing in his life Became him like the leaving it; he died As one that had been studied in his death, To throw away the",he,MALCOLM,"Nothing in MALCOLM life Became MALCOLM like the leaving MALCOLM; MALCOLM died As one that had been studied in his death,",male,5
MACBETH,1,4,MALCOLM,"Nothing in his life Became him like the leaving it; he died As one that had been studied in his death, To throw away the",his,MALCOLM,Nothing in MALCOLM life Became MALCOLM like the leaving MALCOLM; MALCOLM died As one that had been studied in MALCOLM de,male,5
MACBETH,1,4,MALCOLM,"Nothing in his life Became him like the leaving it; he died As one that had been studied in his death, To throw away the",he,MALCOLM,Nothing in MALCOLM life Became MALCOLM like the leaving MALCOLM; MALCOLM died As one that had been studied in MALCOLM de,male,5
MACBETH,1,4,DUNCAN,There's no art To find the mind's construction in the face: He was a gentleman on whom I built An absolute trust.,He,DUNCAN,There's no art To find the mind's construction in the face: DUNCAN was a gentleman on whom I built An absolute trust.,male,6
MACBETH,1,4,MACBETH,"The service and the loyalty I owe, In doing it, pays itself.",it,MACBETH,"The service and the loyalty I owe, In doing MACBETH, pays itself.",male,7
MACBETH,1,4,MACBETH,"Your Highness' part Is to receive our duties: and our duties Are to your throne and state, children and servants; Which ",they,MACBETH,"Your Highness' part Is to receive our duties: and our duties Are to your throne and state, children and servants; Which ",male,7
MACBETH,1,4,DUNCAN,"My plenteous joys, Wanton in fulness, seek to hide themselves In drops of sorrow.—Sons, kinsmen, thanes, And you whose p",themselves,Malcolm,"My plenteous joys, Wanton in fulness, seek to hide Malcolm In drops of sorrow.—Sons, kinsmen, thanes, And you whose plac",male,7
MACBETH,1,4,DUNCAN,"My plenteous joys, Wanton in fulness, seek to hide themselves In drops of sorrow.—Sons, kinsmen, thanes, And you whose p",him,Malcolm,"My plenteous joys, Wanton in fulness, seek to hide Malcolm In drops of sorrow.—Sons, kinsmen, thanes, And you whose plac",male,7
MACBETH,1,4,MACBETH,"The Prince of Cumberland!—That is a step On which I must fall down, or else o'erleap, For in my way it lies.",it,MACBETH,"The Prince of Cumberland!—That is a step On which I must fall down, or else o'erleap, For in my way MACBETH lies.",male,7
MACBETH,1,4,MACBETH,"The eye wink at the hand, yet let that be, Which the eye fears, when it is done, to see.",it,MACBETH,"The eye wink at the hand, yet let that be, Which the eye fears, when MACBETH is done, to see.",male,7
MACBETH,1,4,DUNCAN,He is full so valiant; And in his commendations I am fed.,He,DUNCAN,DUNCAN is full so valiant; And in his commendations I am fed.,male,7
MACBETH,1,4,DUNCAN,He is full so valiant; And in his commendations I am fed.,his,DUNCAN,DUNCAN is full so valiant; And in DUNCAN commendations I am fed.,male,7
MACBETH,1,4,DUNCAN,It is a banquet to me.,It,DUNCAN,DUNCAN is a banquet to me.,male,7
MACBETH,1,4,DUNCAN,"Let's after him, Whose care is gone before to bid us welcome: It is a peerless kinsman.",him,DUNCAN,"Let's after DUNCAN, Whose care is gone before to bid us welcome: It is a peerless kinsman.",male,7
MACBETH,1,4,DUNCAN,"Let's after him, Whose care is gone before to bid us welcome: It is a peerless kinsman.",It,DUNCAN,"Let's after DUNCAN, Whose care is gone before to bid us welcome: DUNCAN is a peerless kinsman.",male,7
MACBETH,1,5,LADY MACBETH,"""They met me in the day of success; and I have learned by the perfect'st report they have more in them than mortal knowl",They,LADY MACBETH,"""LADY MACBETH met me in the day of success; and I have learned by the perfect'st report they have more in them than mort",male,1
MACBETH,1,5,LADY MACBETH,"""They met me in the day of success; and I have learned by the perfect'st report they have more in them than mortal knowl",they,LADY MACBETH,"""LADY MACBETH met me in the day of success; and I have learned by the perfect'st report LADY MACBETH have more in them t",male,1
MACBETH,1,5,LADY MACBETH,"""They met me in the day of success; and I have learned by the perfect'st report they have more in them than mortal knowl",them,LADY MACBETH,"""LADY MACBETH met me in the day of success; and I have learned by the perfect'st report LADY MACBETH have more in LADY M",male,1
MACBETH,1,5,LADY MACBETH,"When I burned in desire to question them further, they made themselves air, into which they vanished.",them,LADY MACBETH,"When I burned in desire to question LADY MACBETH further, they made themselves air, into which they vanished.",male,2
MACBETH,1,5,LADY MACBETH,"When I burned in desire to question them further, they made themselves air, into which they vanished.",they,LADY MACBETH,"When I burned in desire to question LADY MACBETH further, LADY MACBETH made themselves air, into which they vanished.",male,2
MACBETH,1,5,LADY MACBETH,"When I burned in desire to question them further, they made themselves air, into which they vanished.",themselves,LADY MACBETH,"When I burned in desire to question LADY MACBETH further, LADY MACBETH made LADY MACBETH air, into which they vanished.",male,2
MACBETH,1,5,LADY MACBETH,"When I burned in desire to question them further, they made themselves air, into which they vanished.",they,LADY MACBETH,"When I burned in desire to question LADY MACBETH further, LADY MACBETH made LADY MACBETH air, into which LADY MACBETH va",male,2
MACBETH,1,5,LADY MACBETH,"Whiles I stood rapt in the wonder of it, came missives from the King, who all-hailed me, 'Thane of Cawdor'; by which tit",it,LADY MACBETH,"Whiles I stood rapt in the wonder of LADY MACBETH, came missives from the King, who all-hailed me, 'Thane of Cawdor'; by",male,3
MACBETH,1,5,LADY MACBETH,"Lay it to thy heart, and farewell.""",it,LADY MACBETH,"Lay LADY MACBETH to thy heart, and farewell.""",male,5
MACBETH,1,5,LADY MACBETH,Yet do I fear thy nature; It is too full o' th' milk of human kindness To catch the nearest way.,It,LADY MACBETH,Yet do I fear thy nature; LADY MACBETH is too full o' th' milk of human kindness To catch the nearest way.,male,7
MACBETH,1,5,LADY MACBETH,"Thou wouldst be great; Art not without ambition, but without The illness should attend it.",it,LADY MACBETH,"Thou wouldst be great; Art not without ambition, but without The illness should attend LADY MACBETH.",male,7
MACBETH,1,5,LADY MACBETH,"Thou'dst have, great Glamis, That which cries, ""Thus thou must do,"" if thou have it; And that which rather thou dost fea",it,LADY MACBETH,"Thou'dst have, great Glamis, That which cries, ""Thus thou must do,"" if thou have LADY MACBETH; And that which rather tho",male,7
MACBETH,1,5,LADY MACBETH,Thou'rt mad to say it.,it,LADY MACBETH,Thou'rt mad to say LADY MACBETH.,male,7
MACBETH,1,5,LADY MACBETH,Is not thy master with him?,him,LADY MACBETH,Is not thy master with LADY MACBETH?,male,7
MACBETH,1,5,MESSENGER,"So please you, it is true.",it,MESSENGER,"So please you, MESSENGER is true.",neutral,7
MACBETH,1,5,MESSENGER,"One of my fellows had the speed of him, Who, almost dead for breath, had scarcely more Than would make up his message.",him,LADY MACBETH,"One of my fellows had the speed of LADY MACBETH, Who, almost dead for breath, had scarcely more Than would make up his m",male,7
MACBETH,1,5,MESSENGER,"One of my fellows had the speed of him, Who, almost dead for breath, had scarcely more Than would make up his message.",his,LADY MACBETH,"One of my fellows had the speed of LADY MACBETH, Who, almost dead for breath, had scarcely more Than would make up LADY ",male,7
MACBETH,1,5,LADY MACBETH,Give him tending.,him,LADY MACBETH,Give LADY MACBETH tending.,male,7
MACBETH,1,5,LADY MACBETH,He brings great news.,He,LADY MACBETH,LADY MACBETH brings great news.,male,7
MACBETH,1,5,LADY MACBETH,The raven himself is hoarse That croaks the fatal entrance of Duncan Under my battlements.,himself,Duncan,The raven Duncan is hoarse That croaks the fatal entrance of Duncan Under my battlements.,male,7
MACBETH,1,5,LADY MACBETH,"make thick my blood, Stop up th' access and passage to remorse, That no compunctious visitings of nature Shake my fell p",it,Th,"make thick my blood, Stop up th' access and passage to remorse, That no compunctious visitings of nature Shake my fell p",neutral,7
MACBETH,1,5,LADY MACBETH,"That my keen knife see not the wound it makes, Nor heaven peep through the blanket of the dark To cry, ""Hold, hold!""",it,LADY MACBETH,"That my keen knife see not the wound LADY MACBETH makes, Nor heaven peep through the blanket of the dark To cry, ""Hold, ",male,7
MACBETH,1,5,MACBETH,"Tomorrow, as he purposes.",he,MACBETH,"Tomorrow, as MACBETH purposes.",male,7
MACBETH,1,5,LADY MACBETH,He that's coming Must be provided for; and you shall put This night's great business into my dispatch; Which shall to al,He,LADY MACBETH,LADY MACBETH that's coming Must be provided for; and you shall put This night's great business into my dispatch; Which s,male,7
MACBETH,1,6,BANQUO,"This guest of summer, The temple-haunting martlet, does approve, By his loved mansionry, that the heaven's breath Smells",his,BANQUO,"This guest of summer, The temple-haunting martlet, does approve, By BANQUO loved mansionry, that the heaven's breath Sme",male,4
MACBETH,1,6,BANQUO,"This guest of summer, The temple-haunting martlet, does approve, By his loved mansionry, that the heaven's breath Smells",his,BANQUO,"This guest of summer, The temple-haunting martlet, does approve, By BANQUO loved mansionry, that the heaven's breath Sme",male,4
MACBETH,1,6,BANQUO,"Where they most breed and haunt, I have observ'd",they,BANQUO,"Where BANQUO most breed and haunt, I have observ'd",male,5
MACBETH,1,6,LADY MACBETH,"Your Majesty loads our house: for those of old, And the late dignities heap'd up to them, We rest your hermits.",them,LADY MACBETH,"Your Majesty loads our house: for those of old, And the late dignities heap'd up to LADY MACBETH, We rest your hermits.",male,7
MACBETH,1,6,DUNCAN,"We cours'd him at the heels, and had a purpose To be his purveyor: but he rides well; And his great love, sharp as his s",him,DUNCAN,"We cours'd DUNCAN at the heels, and had a purpose To be his purveyor: but he rides well; And his great love, sharp as hi",male,7
MACBETH,1,6,DUNCAN,"We cours'd him at the heels, and had a purpose To be his purveyor: but he rides well; And his great love, sharp as his s",his,DUNCAN,"We cours'd DUNCAN at the heels, and had a purpose To be DUNCAN purveyor: but he rides well; And his great love, sharp as",male,7
MACBETH,1,6,DUNCAN,"We cours'd him at the heels, and had a purpose To be his purveyor: but he rides well; And his great love, sharp as his s",he,DUNCAN,"We cours'd DUNCAN at the heels, and had a purpose To be DUNCAN purveyor: but DUNCAN rides well; And his great love, shar",male,7
MACBETH,1,6,DUNCAN,"We cours'd him at the heels, and had a purpose To be his purveyor: but he rides well; And his great love, sharp as his s",his,DUNCAN,"We cours'd DUNCAN at the heels, and had a purpose To be DUNCAN purveyor: but DUNCAN rides well; And DUNCAN great love, s",male,7
MACBETH,1,6,DUNCAN,"We cours'd him at the heels, and had a purpose To be his purveyor: but he rides well; And his great love, sharp as his s",his,DUNCAN,"We cours'd DUNCAN at the heels, and had a purpose To be DUNCAN purveyor: but DUNCAN rides well; And DUNCAN great love, s",male,7
MACBETH,1,6,DUNCAN,"We cours'd him at the heels, and had a purpose To be his purveyor: but he rides well; And his great love, sharp as his s",him,DUNCAN,"We cours'd DUNCAN at the heels, and had a purpose To be DUNCAN purveyor: but DUNCAN rides well; And DUNCAN great love, s",male,7
MACBETH,1,6,DUNCAN,"We cours'd him at the heels, and had a purpose To be his purveyor: but he rides well; And his great love, sharp as his s",his,DUNCAN,"We cours'd DUNCAN at the heels, and had a purpose To be DUNCAN purveyor: but DUNCAN rides well; And DUNCAN great love, s",male,7
MACBETH,1,6,LADY MACBETH,"Your servants ever Have theirs, themselves, and what is theirs, in compt, To make their audit at your Highness' pleasure",themselves,LADY MACBETH,"Your servants ever Have theirs, LADY MACBETH, and what is theirs, in compt, To make their audit at your Highness' pleasu",male,7
MACBETH,1,6,LADY MACBETH,"Your servants ever Have theirs, themselves, and what is theirs, in compt, To make their audit at your Highness' pleasure",their,LADY MACBETH,"Your servants ever Have theirs, LADY MACBETH, and what is theirs, in compt, To make LADY MACBETH audit at your Highness'",male,7
MACBETH,1,6,DUNCAN,"Give me your hand; Conduct me to mine host: we love him highly, And shall continue our graces towards him.",him,DUNCAN,"Give me your hand; Conduct me to mine host: we love DUNCAN highly, And shall continue our graces towards him.",male,7
MACBETH,1,6,DUNCAN,"Give me your hand; Conduct me to mine host: we love him highly, And shall continue our graces towards him.",him,DUNCAN,"Give me your hand; Conduct me to mine host: we love DUNCAN highly, And shall continue our graces towards DUNCAN.",male,7
MACBETH,1,7,MACBETH,"If it were done when 'tis done, then 'twere well",it,MACBETH,"If MACBETH were done when 'tis done, then 'twere well",male,1
MACBETH,1,7,MACBETH,It were done quickly.,It,MACBETH,MACBETH were done quickly.,male,2
MACBETH,1,7,MACBETH,"If th' assassination Could trammel up the consequence, and catch With his surcease success; that but this blow Might be ",his,MACBETH,"If th' assassination Could trammel up the consequence, and catch With MACBETH surcease success; that but this blow Might",male,3
MACBETH,1,7,MACBETH,He's here in double trust:,He,MACBETH,MACBETH's here in double trust:,male,6
MACBETH,1,7,MACBETH,"First, as I am his kinsman and his subject, Strong both against the deed; then, as his host, Who should against his murd",his,MACBETH,"First, as I am MACBETH kinsman and his subject, Strong both against the deed; then, as his host, Who should against his ",male,7
MACBETH,1,7,MACBETH,"First, as I am his kinsman and his subject, Strong both against the deed; then, as his host, Who should against his murd",his,MACBETH,"First, as I am MACBETH kinsman and MACBETH subject, Strong both against the deed; then, as his host, Who should against ",male,7
MACBETH,1,7,MACBETH,"First, as I am his kinsman and his subject, Strong both against the deed; then, as his host, Who should against his murd",his,MACBETH,"First, as I am MACBETH kinsman and MACBETH subject, Strong both against the deed; then, as MACBETH host, Who should agai",male,7
MACBETH,1,7,MACBETH,"First, as I am his kinsman and his subject, Strong both against the deed; then, as his host, Who should against his murd",his,MACBETH,"First, as I am MACBETH kinsman and MACBETH subject, Strong both against the deed; then, as MACBETH host, Who should agai",male,7
MACBETH,1,7,MACBETH,"Besides, this Duncan Hath borne his faculties so meek, hath been So clear in his great office, that his virtues Will ple",his,Lady Macbeth,"Besides, this Duncan Hath borne Lady Macbeth faculties so meek, hath been So clear in his great office, that his virtues",male,7
MACBETH,1,7,MACBETH,"Besides, this Duncan Hath borne his faculties so meek, hath been So clear in his great office, that his virtues Will ple",his,Lady Macbeth,"Besides, this Duncan Hath borne Lady Macbeth faculties so meek, hath been So clear in Lady Macbeth great office, that hi",male,7
MACBETH,1,7,MACBETH,"Besides, this Duncan Hath borne his faculties so meek, hath been So clear in his great office, that his virtues Will ple",his,Lady Macbeth,"Besides, this Duncan Hath borne Lady Macbeth faculties so meek, hath been So clear in Lady Macbeth great office, that La",male,7
MACBETH,1,7,MACBETH,"Besides, this Duncan Hath borne his faculties so meek, hath been So clear in his great office, that his virtues Will ple",his,Lady Macbeth,"Besides, this Duncan Hath borne Lady Macbeth faculties so meek, hath been So clear in Lady Macbeth great office, that La",male,7
MACBETH,1,7,LADY MACBETH,He has almost supp'd.,He,LADY MACBETH,LADY MACBETH has almost supp'd.,male,7
MACBETH,1,7,MACBETH,Hath he ask'd for me?,he,MACBETH,Hath MACBETH ask'd for me?,male,7
MACBETH,1,7,LADY MACBETH,Know you not he has?,he,LADY MACBETH,Know you not LADY MACBETH has?,male,7
MACBETH,1,7,MACBETH,We will proceed no further in this business: He hath honour'd me of late; and I have bought Golden opinions from all sor,He,MACBETH,We will proceed no further in this business: MACBETH hath honour'd me of late; and I have bought Golden opinions from al,male,7
MACBETH,1,7,MACBETH,We will proceed no further in this business: He hath honour'd me of late; and I have bought Golden opinions from all sor,their,MACBETH,We will proceed no further in this business: MACBETH hath honour'd me of late; and I have bought Golden opinions from al,male,7
MACBETH,1,7,LADY MACBETH,Hath it slept since?,it,LADY MACBETH,Hath LADY MACBETH slept since?,male,7
MACBETH,1,7,LADY MACBETH,"And wakes it now, to look so green and pale At what it did so freely?",it,LADY MACBETH,"And wakes LADY MACBETH now, to look so green and pale At what it did so freely?",male,7
MACBETH,1,7,LADY MACBETH,"And wakes it now, to look so green and pale At what it did so freely?",it,LADY MACBETH,"And wakes LADY MACBETH now, to look so green and pale At what LADY MACBETH did so freely?",male,7
MACBETH,1,7,LADY MACBETH,"When you durst do it, then you were a man; And, to be more than what you were, you would Be so much more the man.",it,LADY MACBETH,"When you durst do LADY MACBETH, then you were a man; And, to be more than what you were, you would Be so much more the m",male,7
MACBETH,1,7,LADY MACBETH,"Nor time nor place Did then adhere, and yet you would make both: They have made themselves, and that their fitness now D",They,LADY MACBETH,"Nor time nor place Did then adhere, and yet you would make both: LADY MACBETH have made themselves, and that their fitne",male,7
MACBETH,1,7,LADY MACBETH,"Nor time nor place Did then adhere, and yet you would make both: They have made themselves, and that their fitness now D",themselves,LADY MACBETH,"Nor time nor place Did then adhere, and yet you would make both: LADY MACBETH have made LADY MACBETH, and that their fit",male,7
MACBETH,1,7,LADY MACBETH,"Nor time nor place Did then adhere, and yet you would make both: They have made themselves, and that their fitness now D",their,LADY MACBETH,"Nor time nor place Did then adhere, and yet you would make both: LADY MACBETH have made LADY MACBETH, and that LADY MACB",male,7
MACBETH,1,7,LADY MACBETH,"I have given suck, and know How tender 'tis to love the babe that milks me: I would, while it was smiling in my face, Ha",it,LADY MACBETH,"I have given suck, and know How tender 'tis to love the babe that milks me: I would, while LADY MACBETH was smiling in m",male,7
MACBETH,1,7,LADY MACBETH,"I have given suck, and know How tender 'tis to love the babe that milks me: I would, while it was smiling in my face, Ha",his,LADY MACBETH,"I have given suck, and know How tender 'tis to love the babe that milks me: I would, while LADY MACBETH was smiling in m",male,7
MACBETH,1,7,LADY MACBETH,"When Duncan is asleep (Whereto the rather shall his day's hard journey Soundly invite him), his two chamberlains Will I ",his,Duncan,"When Duncan is asleep (Whereto the rather shall Duncan day's hard journey Soundly invite him), his two chamberlains Will",male,7
MACBETH,1,7,LADY MACBETH,"When Duncan is asleep (Whereto the rather shall his day's hard journey Soundly invite him), his two chamberlains Will I ",him,Duncan,"When Duncan is asleep (Whereto the rather shall Duncan day's hard journey Soundly invite Duncan), his two chamberlains W",male,7
MACBETH,1,7,LADY MACBETH,"When Duncan is asleep (Whereto the rather shall his day's hard journey Soundly invite him), his two chamberlains Will I ",his,Duncan,"When Duncan is asleep (Whereto the rather shall Duncan day's hard journey Soundly invite Duncan), Duncan two chamberlain",male,7
MACBETH,1,7,LADY MACBETH,"When Duncan is asleep (Whereto the rather shall his day's hard journey Soundly invite him), his two chamberlains Will I ",Their,Duncan,"When Duncan is asleep (Whereto the rather shall Duncan day's hard journey Soundly invite Duncan), Duncan two chamberlain",male,7
MACBETH,1,7,LADY MACBETH,what not put upon His spongy officers; who shall bear the guilt Of our great quell?,His,LADY MACBETH,what not put upon LADY MACBETH spongy officers; who shall bear the guilt Of our great quell?,male,7
MACBETH,1,7,MACBETH,"Will it not be receiv'd, When we have mark'd with blood those sleepy two Of his own chamber, and us'd their very daggers",it,MACBETH,"Will MACBETH not be receiv'd, When we have mark'd with blood those sleepy two Of his own chamber, and us'd their very da",male,7
MACBETH,1,7,MACBETH,"Will it not be receiv'd, When we have mark'd with blood those sleepy two Of his own chamber, and us'd their very daggers",his,MACBETH,"Will MACBETH not be receiv'd, When we have mark'd with blood those sleepy two Of MACBETH own chamber, and us'd their ver",male,7
MACBETH,1,7,MACBETH,"Will it not be receiv'd, When we have mark'd with blood those sleepy two Of his own chamber, and us'd their very daggers",their,MACBETH,"Will MACBETH not be receiv'd, When we have mark'd with blood those sleepy two Of MACBETH own chamber, and us'd MACBETH v",male,7
MACBETH,1,7,MACBETH,"Will it not be receiv'd, When we have mark'd with blood those sleepy two Of his own chamber, and us'd their very daggers",they,MACBETH,"Will MACBETH not be receiv'd, When we have mark'd with blood those sleepy two Of MACBETH own chamber, and us'd MACBETH v",male,7
MACBETH,1,7,LADY MACBETH,"Who dares receive it other, As we shall make our griefs and clamour roar Upon his death?",it,LADY MACBETH,"Who dares receive LADY MACBETH other, As we shall make our griefs and clamour roar Upon his death?",male,7
MACBETH,1,7,LADY MACBETH,"Who dares receive it other, As we shall make our griefs and clamour roar Upon his death?",his,LADY MACBETH,"Who dares receive LADY MACBETH other, As we shall make our griefs and clamour roar Upon LADY MACBETH death?",male,7
MACBETH,2,1,BANQUO,And she goes down at twelve.,she,BANQUO,And BANQUO goes down at twelve.,male,3
MACBETH,2,1,BANQUO,"Hold, take my sword.—There's husbandry in heaven; Their candles are all out.",Their,BANQUO,"Hold, take my sword.—There's husbandry in heaven; BANQUO candles are all out.",male,5
MACBETH,2,1,BANQUO,The King's abed: He hath been in unusual pleasure and Sent forth great largess to your offices.,He,BANQUO,The King's abed: BANQUO hath been in unusual pleasure and Sent forth great largess to your offices.,male,7
MACBETH,2,1,BANQUO,"This diamond he greets your wife withal, By the name of most kind hostess, and shut up In measureless content.",he,BANQUO,"This diamond BANQUO greets your wife withal, By the name of most kind hostess, and shut up In measureless content.",male,7
MACBETH,2,1,BANQUO,To you they have show'd some truth.,they,BANQUO,To you BANQUO have show'd some truth.,male,7
MACBETH,2,1,MACBETH,"I think not of them: Yet, when we can entreat an hour to serve, We would spend it in some words upon that business, If y",them,MACBETH,"I think not of MACBETH: Yet, when we can entreat an hour to serve, We would spend it in some words upon that business, I",male,7
MACBETH,2,1,MACBETH,"I think not of them: Yet, when we can entreat an hour to serve, We would spend it in some words upon that business, If y",it,MACBETH,"I think not of MACBETH: Yet, when we can entreat an hour to serve, We would spend MACBETH in some words upon that busine",male,7
MACBETH,2,1,MACBETH,"If you shall cleave to my consent, when 'tis, It shall make honour for you.",It,MACBETH,"If you shall cleave to my consent, when 'tis, MACBETH shall make honour for you.",male,7
MACBETH,2,1,BANQUO,"So I lose none In seeking to augment it, but still keep My bosom franchis'd, and allegiance clear, I shall be counsell'd",it,BANQUO,"So I lose none In seeking to augment BANQUO, but still keep My bosom franchis'd, and allegiance clear, I shall be counse",male,7
MACBETH,2,1,MACBETH,"Go bid thy mistress, when my drink is ready, She strike upon the bell.",She,MACBETH,"Go bid thy mistress, when my drink is ready, MACBETH strike upon the bell.",male,7
MACBETH,2,1,MACBETH,"It is the bloody business which informs Thus to mine eyes.—Now o'er the one half-world Nature seems dead, and wicked dre",It,MACBETH,"MACBETH is the bloody business which informs Thus to mine eyes.—Now o'er the one half-world Nature seems dead, and wicke",male,7
MACBETH,2,1,MACBETH,"Witchcraft celebrates Pale Hecate's off'rings; and wither'd murder, Alarum'd by his sentinel, the wolf, Whose howl's his",his,MACBETH,"Witchcraft celebrates Pale Hecate's off'rings; and wither'd murder, Alarum'd by MACBETH sentinel, the wolf, Whose howl's",male,7
MACBETH,2,1,MACBETH,"Witchcraft celebrates Pale Hecate's off'rings; and wither'd murder, Alarum'd by his sentinel, the wolf, Whose howl's his",his,MACBETH,"Witchcraft celebrates Pale Hecate's off'rings; and wither'd murder, Alarum'd by MACBETH sentinel, the wolf, Whose howl's",male,7
MACBETH,2,1,MACBETH,"Witchcraft celebrates Pale Hecate's off'rings; and wither'd murder, Alarum'd by his sentinel, the wolf, Whose howl's his",his,MACBETH,"Witchcraft celebrates Pale Hecate's off'rings; and wither'd murder, Alarum'd by MACBETH sentinel, the wolf, Whose howl's",male,7
MACBETH,2,1,MACBETH,"Witchcraft celebrates Pale Hecate's off'rings; and wither'd murder, Alarum'd by his sentinel, the wolf, Whose howl's his",his,MACBETH,"Witchcraft celebrates Pale Hecate's off'rings; and wither'd murder, Alarum'd by MACBETH sentinel, the wolf, Whose howl's",male,7
MACBETH,2,1,MACBETH,"Witchcraft celebrates Pale Hecate's off'rings; and wither'd murder, Alarum'd by his sentinel, the wolf, Whose howl's his",they,MACBETH,"Witchcraft celebrates Pale Hecate's off'rings; and wither'd murder, Alarum'd by MACBETH sentinel, the wolf, Whose howl's",male,7
MACBETH,2,1,MACBETH,"Witchcraft celebrates Pale Hecate's off'rings; and wither'd murder, Alarum'd by his sentinel, the wolf, Whose howl's his",he,MACBETH,"Witchcraft celebrates Pale Hecate's off'rings; and wither'd murder, Alarum'd by MACBETH sentinel, the wolf, Whose howl's",male,7
MACBETH,2,1,MACBETH,"I go, and it is done.",it,MACBETH,"I go, and MACBETH is done.",male,7
MACBETH,2,1,MACBETH,"Hear it not, Duncan, for it is a knell That summons thee to heaven or to hell.",it,knell,"Hear knell not, Duncan, for it is a knell That summons thee to heaven or to hell.",neutral,7
MACBETH,2,1,MACBETH,"Hear it not, Duncan, for it is a knell That summons thee to heaven or to hell.",it,knell,"Hear knell not, Duncan, for knell is a knell That summons thee to heaven or to hell.",neutral,7
MACBETH,2,2,LADY MACBETH,That which hath made them drunk hath made me bold: What hath quench'd them hath given me fire.—Hark!—Peace!,them,fire.—Hark!—Peace,That which hath made fire.—Hark!—Peace drunk hath made me bold: What hath quench'd them hath given me fire.—Hark!—Peace!,neutral,2
MACBETH,2,2,LADY MACBETH,That which hath made them drunk hath made me bold: What hath quench'd them hath given me fire.—Hark!—Peace!,them,fire.—Hark!—Peace,That which hath made fire.—Hark!—Peace drunk hath made me bold: What hath quench'd fire.—Hark!—Peace hath given me fire.,neutral,2
MACBETH,2,2,LADY MACBETH,"It was the owl that shriek'd, the fatal bellman, Which gives the stern'st good night.",It,LADY MACBETH,"LADY MACBETH was the owl that shriek'd, the fatal bellman, Which gives the stern'st good night.",male,3
MACBETH,2,2,LADY MACBETH,He is about it.,He,LADY MACBETH,LADY MACBETH is about it.,male,4
MACBETH,2,2,LADY MACBETH,He is about it.,it,LADY MACBETH,LADY MACBETH is about LADY MACBETH.,male,4
MACBETH,2,2,LADY MACBETH,"The doors are open; and the surfeited grooms Do mock their charge with snores: I have drugg'd their possets, That death ",their,LADY MACBETH,"The doors are open; and the surfeited grooms Do mock LADY MACBETH charge with snores: I have drugg'd their possets, That",male,5
MACBETH,2,2,LADY MACBETH,"The doors are open; and the surfeited grooms Do mock their charge with snores: I have drugg'd their possets, That death ",their,LADY MACBETH,The doors are open; and the surfeited grooms Do mock LADY MACBETH charge with snores: I have drugg'd LADY MACBETH posset,male,5
MACBETH,2,2,LADY MACBETH,"The doors are open; and the surfeited grooms Do mock their charge with snores: I have drugg'd their possets, That death ",them,LADY MACBETH,The doors are open; and the surfeited grooms Do mock LADY MACBETH charge with snores: I have drugg'd LADY MACBETH posset,male,5
MACBETH,2,2,LADY MACBETH,"The doors are open; and the surfeited grooms Do mock their charge with snores: I have drugg'd their possets, That death ",they,LADY MACBETH,The doors are open; and the surfeited grooms Do mock LADY MACBETH charge with snores: I have drugg'd LADY MACBETH posset,male,5
MACBETH,2,2,LADY MACBETH,"I am afraid they have awak'd, And 'tis not done.",they,LADY MACBETH,"I am afraid LADY MACBETH have awak'd, And 'tis not done.",male,7
MACBETH,2,2,LADY MACBETH,Th' attempt and not the deed Confounds us.—Hark!—I laid their daggers ready; He could not miss 'em.—Had he not resembled,their,Th,Th' attempt and not the deed Confounds us.—Hark!—I laid Th daggers ready; He could not miss 'em.—Had he not resembled My,neutral,7
MACBETH,2,2,LADY MACBETH,Th' attempt and not the deed Confounds us.—Hark!—I laid their daggers ready; He could not miss 'em.—Had he not resembled,He,LADY MACBETH,Th' attempt and not the deed Confounds us.—Hark!—I laid Th daggers ready; LADY MACBETH could not miss 'em.—Had he not re,male,7
MACBETH,2,2,LADY MACBETH,Th' attempt and not the deed Confounds us.—Hark!—I laid their daggers ready; He could not miss 'em.—Had he not resembled,he,LADY MACBETH,Th' attempt and not the deed Confounds us.—Hark!—I laid Th daggers ready; LADY MACBETH could not miss 'em.—Had LADY MACB,male,7
MACBETH,2,2,LADY MACBETH,Th' attempt and not the deed Confounds us.—Hark!—I laid their daggers ready; He could not miss 'em.—Had he not resembled,he,LADY MACBETH,Th' attempt and not the deed Confounds us.—Hark!—I laid Th daggers ready; LADY MACBETH could not miss 'em.—Had LADY MACB,male,7
MACBETH,2,2,MACBETH,Looking on his hands.,his,MACBETH,Looking on MACBETH hands.,male,7
MACBETH,2,2,MACBETH,That they did wake each other: I stood and heard them.,they,MACBETH,That MACBETH did wake each other: I stood and heard them.,male,7
MACBETH,2,2,MACBETH,That they did wake each other: I stood and heard them.,them,MACBETH,That MACBETH did wake each other: I stood and heard MACBETH.,male,7
MACBETH,2,2,MACBETH,"But they did say their prayers, and address'd them Again to sleep.",they,MACBETH,"But MACBETH did say their prayers, and address'd them Again to sleep.",male,7
MACBETH,2,2,MACBETH,"But they did say their prayers, and address'd them Again to sleep.",their,MACBETH,"But MACBETH did say MACBETH prayers, and address'd them Again to sleep.",male,7
MACBETH,2,2,MACBETH,"But they did say their prayers, and address'd them Again to sleep.",them,MACBETH,"But MACBETH did say MACBETH prayers, and address'd MACBETH Again to sleep.",male,7
MACBETH,2,2,MACBETH,"and, ""Amen,"" the other, As they had seen me with these hangman's hands.",they,MACBETH,"and, ""Amen,"" the other, As MACBETH had seen me with these hangman's hands.",male,7
MACBETH,2,2,MACBETH,"List'ning their fear, I could not say ""Amen,"" When they did say, ""God bless us.""",their,MACBETH,"List'ning MACBETH fear, I could not say ""Amen,"" When they did say, ""God bless us.""",male,7
MACBETH,2,2,MACBETH,"List'ning their fear, I could not say ""Amen,"" When they did say, ""God bless us.""",they,MACBETH,"List'ning MACBETH fear, I could not say ""Amen,"" When MACBETH did say, ""God bless us.""",male,7
MACBETH,2,2,LADY MACBETH,Consider it not so deeply.,it,LADY MACBETH,Consider LADY MACBETH not so deeply.,male,7
MACBETH,2,2,LADY MACBETH,"These deeds must not be thought After these ways; so, it will make us mad.",it,LADY MACBETH,"These deeds must not be thought After these ways; so, LADY MACBETH will make us mad.",male,7
MACBETH,2,2,MACBETH,"Still it cried, ""Sleep no more!"" to all the house: ""Glamis hath murder'd sleep, and therefore Cawdor Shall sleep no more",it,MACBETH,"Still MACBETH cried, ""Sleep no more!"" to all the house: ""Glamis hath murder'd sleep, and therefore Cawdor Shall sleep no",male,7
MACBETH,2,2,LADY MACBETH,Who was it that thus cried?,it,LADY MACBETH,Who was LADY MACBETH that thus cried?,male,7
MACBETH,2,2,LADY MACBETH,"They must lie there: go carry them, and smear The sleepy grooms with blood.",They,LADY MACBETH,"LADY MACBETH must lie there: go carry them, and smear The sleepy grooms with blood.",male,7
MACBETH,2,2,LADY MACBETH,"They must lie there: go carry them, and smear The sleepy grooms with blood.",them,LADY MACBETH,"LADY MACBETH must lie there: go carry LADY MACBETH, and smear The sleepy grooms with blood.",male,7
MACBETH,2,2,LADY MACBETH,"If he do bleed, I'll gild the faces of the grooms withal, For it must seem their guilt.",he,LADY MACBETH,"If LADY MACBETH do bleed, I'll gild the faces of the grooms withal, For it must seem their guilt.",male,7
MACBETH,2,2,LADY MACBETH,"If he do bleed, I'll gild the faces of the grooms withal, For it must seem their guilt.",it,LADY MACBETH,"If LADY MACBETH do bleed, I'll gild the faces of the grooms withal, For LADY MACBETH must seem their guilt.",male,7
MACBETH,2,2,LADY MACBETH,"If he do bleed, I'll gild the faces of the grooms withal, For it must seem their guilt.",their,LADY MACBETH,"If LADY MACBETH do bleed, I'll gild the faces of the grooms withal, For LADY MACBETH must seem LADY MACBETH guilt.",male,7
MACBETH,2,2,MACBETH,"Ha, they pluck out mine eyes!",they,MACBETH,"Ha, MACBETH pluck out mine eyes!",male,7
MACBETH,2,2,LADY MACBETH,A little water clears us of this deed: How easy is it then!,it,LADY MACBETH,A little water clears us of this deed: How easy is LADY MACBETH then!,male,7
MACBETH,2,3,PORTER,"If a man were porter of hell gate, he should have old turning the key.",he,PORTER,"If a man were porter of hell gate, PORTER should have old turning the key.",neutral,2
MACBETH,2,3,PORTER,Here's a farmer that hanged himself on the expectation of plenty: come in time; have napkins enow about you; here you'll,himself,PORTER,Here's a farmer that hanged PORTER on the expectation of plenty: come in time; have napkins enow about you; here you'll ,neutral,7
MACBETH,2,3,PORTER,"I'll devil-porter it no further: I had thought to have let in some of all professions, that go the primrose way to th' e",it,PORTER,"I'll devil-porter PORTER no further: I had thought to have let in some of all professions, that go the primrose way to t",neutral,7
MACBETH,2,3,MACDUFF,"Was it so late, friend, ere you went to bed, That you do lie so late?",it,MACDUFF,"Was MACDUFF so late, friend, ere you went to bed, That you do lie so late?",male,7
MACBETH,2,3,PORTER,"Lechery, sir, it provokes and unprovokes; it provokes the desire, but it takes away the performance.",it,PORTER,"Lechery, sir, PORTER provokes and unprovokes; it provokes the desire, but it takes away the performance.",neutral,7
MACBETH,2,3,PORTER,"Lechery, sir, it provokes and unprovokes; it provokes the desire, but it takes away the performance.",it,PORTER,"Lechery, sir, PORTER provokes and unprovokes; PORTER provokes the desire, but it takes away the performance.",neutral,7
MACBETH,2,3,PORTER,"Lechery, sir, it provokes and unprovokes; it provokes the desire, but it takes away the performance.",it,PORTER,"Lechery, sir, PORTER provokes and unprovokes; PORTER provokes the desire, but PORTER takes away the performance.",neutral,7
MACBETH,2,3,PORTER,"Therefore much drink may be said to be an equivocator with lechery: it makes him, and it mars him; it sets him on, and i",it,PORTER,"Therefore much drink may be said to be an equivocator with lechery: PORTER makes him, and it mars him; it sets him on, a",neutral,7
MACBETH,2,3,PORTER,"Therefore much drink may be said to be an equivocator with lechery: it makes him, and it mars him; it sets him on, and i",him,MACDUFF,"Therefore much drink may be said to be an equivocator with lechery: PORTER makes MACDUFF, and it mars him; it sets him o",male,7
MACBETH,2,3,PORTER,"Therefore much drink may be said to be an equivocator with lechery: it makes him, and it mars him; it sets him on, and i",it,PORTER,"Therefore much drink may be said to be an equivocator with lechery: PORTER makes MACDUFF, and PORTER mars him; it sets h",neutral,7
MACBETH,2,3,PORTER,"Therefore much drink may be said to be an equivocator with lechery: it makes him, and it mars him; it sets him on, and i",him,MACDUFF,"Therefore much drink may be said to be an equivocator with lechery: PORTER makes MACDUFF, and PORTER mars MACDUFF; it se",male,7
MACBETH,2,3,PORTER,"Therefore much drink may be said to be an equivocator with lechery: it makes him, and it mars him; it sets him on, and i",it,PORTER,"Therefore much drink may be said to be an equivocator with lechery: PORTER makes MACDUFF, and PORTER mars MACDUFF; PORTE",neutral,7
MACBETH,2,3,PORTER,"Therefore much drink may be said to be an equivocator with lechery: it makes him, and it mars him; it sets him on, and i",him,MACDUFF,"Therefore much drink may be said to be an equivocator with lechery: PORTER makes MACDUFF, and PORTER mars MACDUFF; PORTE",male,7
MACBETH,2,3,PORTER,"Therefore much drink may be said to be an equivocator with lechery: it makes him, and it mars him; it sets him on, and i",it,PORTER,"Therefore much drink may be said to be an equivocator with lechery: PORTER makes MACDUFF, and PORTER mars MACDUFF; PORTE",neutral,7
MACBETH,2,3,PORTER,"Therefore much drink may be said to be an equivocator with lechery: it makes him, and it mars him; it sets him on, and i",him,MACDUFF,"Therefore much drink may be said to be an equivocator with lechery: PORTER makes MACDUFF, and PORTER mars MACDUFF; PORTE",male,7
MACBETH,2,3,PORTER,"Therefore much drink may be said to be an equivocator with lechery: it makes him, and it mars him; it sets him on, and i",it,PORTER,"Therefore much drink may be said to be an equivocator with lechery: PORTER makes MACDUFF, and PORTER mars MACDUFF; PORTE",neutral,7
MACBETH,2,3,PORTER,"Therefore much drink may be said to be an equivocator with lechery: it makes him, and it mars him; it sets him on, and i",him,MACDUFF,"Therefore much drink may be said to be an equivocator with lechery: PORTER makes MACDUFF, and PORTER mars MACDUFF; PORTE",male,7
MACBETH,2,3,PORTER,"Therefore much drink may be said to be an equivocator with lechery: it makes him, and it mars him; it sets him on, and i",him,MACDUFF,"Therefore much drink may be said to be an equivocator with lechery: PORTER makes MACDUFF, and PORTER mars MACDUFF; PORTE",male,7
MACBETH,2,3,PORTER,"Therefore much drink may be said to be an equivocator with lechery: it makes him, and it mars him; it sets him on, and i",him,MACDUFF,"Therefore much drink may be said to be an equivocator with lechery: PORTER makes MACDUFF, and PORTER mars MACDUFF; PORTE",male,7
MACBETH,2,3,PORTER,"Therefore much drink may be said to be an equivocator with lechery: it makes him, and it mars him; it sets him on, and i",him,MACDUFF,"Therefore much drink may be said to be an equivocator with lechery: PORTER makes MACDUFF, and PORTER mars MACDUFF; PORTE",male,7
MACBETH,2,3,PORTER,"Therefore much drink may be said to be an equivocator with lechery: it makes him, and it mars him; it sets him on, and i",him,MACDUFF,"Therefore much drink may be said to be an equivocator with lechery: PORTER makes MACDUFF, and PORTER mars MACDUFF; PORTE",male,7
MACBETH,2,3,PORTER,"Therefore much drink may be said to be an equivocator with lechery: it makes him, and it mars him; it sets him on, and i",him,MACDUFF,"Therefore much drink may be said to be an equivocator with lechery: PORTER makes MACDUFF, and PORTER mars MACDUFF; PORTE",male,7
MACBETH,2,3,PORTER,"That it did, sir, i' the very throat on me; but I requited him for his lie; and (I think) being too strong for him, thou",it,PORTER,"That PORTER did, sir, i' the very throat on me; but I requited him for his lie; and (I think) being too strong for him, ",neutral,7
MACBETH,2,3,PORTER,"That it did, sir, i' the very throat on me; but I requited him for his lie; and (I think) being too strong for him, thou",him,MACDUFF,"That PORTER did, sir, i' the very throat on me; but I requited MACDUFF for his lie; and (I think) being too strong for h",male,7
MACBETH,2,3,PORTER,"That it did, sir, i' the very throat on me; but I requited him for his lie; and (I think) being too strong for him, thou",his,MACDUFF,"That PORTER did, sir, i' the very throat on me; but I requited MACDUFF for MACDUFF lie; and (I think) being too strong f",male,7
MACBETH,2,3,PORTER,"That it did, sir, i' the very throat on me; but I requited him for his lie; and (I think) being too strong for him, thou",him,MACDUFF,"That PORTER did, sir, i' the very throat on me; but I requited MACDUFF for MACDUFF lie; and (I think) being too strong f",male,7
MACBETH,2,3,PORTER,"That it did, sir, i' the very throat on me; but I requited him for his lie; and (I think) being too strong for him, thou",he,MACDUFF,"That PORTER did, sir, i' the very throat on me; but I requited MACDUFF for MACDUFF lie; and (I think) being too strong f",male,7
MACBETH,2,3,PORTER,"That it did, sir, i' the very throat on me; but I requited him for his lie; and (I think) being too strong for him, thou",him,MACDUFF,"That PORTER did, sir, i' the very throat on me; but I requited MACDUFF for MACDUFF lie; and (I think) being too strong f",male,7
MACBETH,2,3,MACDUFF,Our knocking has awak'd him; here he comes.,him,MACDUFF,Our knocking has awak'd MACDUFF; here he comes.,male,7
MACBETH,2,3,MACDUFF,Our knocking has awak'd him; here he comes.,he,MACDUFF,Our knocking has awak'd MACDUFF; here MACDUFF comes.,male,7
MACBETH,2,3,MACDUFF,He did command me to call timely on him.,He,MACDUFF,MACDUFF did command me to call timely on him.,male,7
MACBETH,2,3,MACDUFF,He did command me to call timely on him.,him,MACDUFF,MACDUFF did command me to call timely on MACDUFF.,male,7
MACBETH,2,3,MACBETH,I'll bring you to him.,him,MACBETH,I'll bring you to MACBETH.,male,7
MACBETH,2,3,MACBETH,He does.,He,MACBETH,MACBETH does.,male,7
MACBETH,2,3,MACBETH,He did appoint so.,He,MACBETH,MACBETH did appoint so.,male,7
MACBETH,2,3,LENNOX,"The night has been unruly: where we lay, Our chimneys were blown down and, as they say, Lamentings heard i' th' air, str",they,Lamentings,"The night has been unruly: where we lay, Our chimneys were blown down and, as Lamentings say, Lamentings heard i' th' ai",neutral,7
MACBETH,2,3,LENNOX,My young remembrance cannot parallel A fellow to it.,it,LENNOX,My young remembrance cannot parallel A fellow to LENNOX.,male,7
MACBETH,2,3,MACDUFF,Confusion now hath made his masterpiece!,his,MACDUFF,Confusion now hath made MACDUFF masterpiece!,male,7
MACBETH,2,3,LENNOX,Mean you his majesty?,his,LENNOX,Mean you LENNOX majesty?,male,7
MACBETH,2,3,MACDUFF,"O gentle lady, 'Tis not for you to hear what I can speak: The repetition, in a woman's ear, Would murder as it fell.",it,MACDUFF,"O gentle lady, 'Tis not for you to hear what I can speak: The repetition, in a woman's ear, Would murder as MACDUFF fell",male,7
MACBETH,2,3,BANQUO,"Dear Duff, I pr'ythee, contradict thyself, And say it is not so.",it,Duff,"Dear Duff, I pr'ythee, contradict thyself, And say Duff is not so.",neutral,7
MACBETH,2,3,MACBETH,"The spring, the head, the fountain of your blood Is stopp'd; the very source of it is stopp'd.",it,MACBETH,"The spring, the head, the fountain of your blood Is stopp'd; the very source of MACBETH is stopp'd.",male,7
MACBETH,2,3,LENNOX,"Those of his chamber, as it seem'd, had done't: Their hands and faces were all badg'd with blood; So were their daggers,",his,LENNOX,"Those of LENNOX chamber, as it seem'd, had done't: Their hands and faces were all badg'd with blood; So were their dagge",male,7
MACBETH,2,3,LENNOX,"Those of his chamber, as it seem'd, had done't: Their hands and faces were all badg'd with blood; So were their daggers,",it,LENNOX,"Those of LENNOX chamber, as LENNOX seem'd, had done't: Their hands and faces were all badg'd with blood; So were their d",male,7
MACBETH,2,3,LENNOX,"Those of his chamber, as it seem'd, had done't: Their hands and faces were all badg'd with blood; So were their daggers,",Their,LENNOX,"Those of LENNOX chamber, as LENNOX seem'd, had done't: LENNOX hands and faces were all badg'd with blood; So were their ",male,7
MACBETH,2,3,LENNOX,"Those of his chamber, as it seem'd, had done't: Their hands and faces were all badg'd with blood; So were their daggers,",their,LENNOX,"Those of LENNOX chamber, as LENNOX seem'd, had done't: LENNOX hands and faces were all badg'd with blood; So were LENNOX",male,7
MACBETH,2,3,LENNOX,"Those of his chamber, as it seem'd, had done't: Their hands and faces were all badg'd with blood; So were their daggers,",their,LENNOX,"Those of LENNOX chamber, as LENNOX seem'd, had done't: LENNOX hands and faces were all badg'd with blood; So were LENNOX",male,7
MACBETH,2,3,LENNOX,"They star'd, and were distracted; No man's life was to be trusted with them.",They,LENNOX,"LENNOX star'd, and were distracted; No man's life was to be trusted with them.",male,7
MACBETH,2,3,LENNOX,"They star'd, and were distracted; No man's life was to be trusted with them.",them,LENNOX,"LENNOX star'd, and were distracted; No man's life was to be trusted with LENNOX.",male,7
MACBETH,2,3,MACBETH,"O, yet I do repent me of my fury, That I did kill them.",them,MACBETH,"O, yet I do repent me of my fury, That I did kill MACBETH.",male,7
MACBETH,2,3,MACBETH,"Here lay Duncan, His silver skin lac'd with his golden blood; And his gash'd stabs look'd like a breach in nature For ru",His,Duncan,"Here lay Duncan, Duncan silver skin lac'd with his golden blood; And his gash'd stabs look'd like a breach in nature For",male,7
MACBETH,2,3,MACBETH,"Here lay Duncan, His silver skin lac'd with his golden blood; And his gash'd stabs look'd like a breach in nature For ru",his,Duncan,"Here lay Duncan, Duncan silver skin lac'd with Duncan golden blood; And his gash'd stabs look'd like a breach in nature ",male,7
MACBETH,2,3,MACBETH,"Here lay Duncan, His silver skin lac'd with his golden blood; And his gash'd stabs look'd like a breach in nature For ru",his,Duncan,"Here lay Duncan, Duncan silver skin lac'd with Duncan golden blood; And Duncan gash'd stabs look'd like a breach in natu",male,7
MACBETH,2,3,MACBETH,"Here lay Duncan, His silver skin lac'd with his golden blood; And his gash'd stabs look'd like a breach in nature For ru",their,Duncan,"Here lay Duncan, Duncan silver skin lac'd with Duncan golden blood; And Duncan gash'd stabs look'd like a breach in natu",male,7
MACBETH,2,3,MACBETH,"Here lay Duncan, His silver skin lac'd with his golden blood; And his gash'd stabs look'd like a breach in nature For ru",their,Duncan,"Here lay Duncan, Duncan silver skin lac'd with Duncan golden blood; And Duncan gash'd stabs look'd like a breach in natu",male,7
MACBETH,2,3,BANQUO,"And when we have our naked frailties hid, That suffer in exposure, let us meet, And question this most bloody piece of w",it,BANQUO,"And when we have our naked frailties hid, That suffer in exposure, let us meet, And question this most bloody piece of w",male,7
MACBETH,2,3,MALCOLM,Let's not consort with them: To show an unfelt sorrow is an office Which the false man does easy.,them,MALCOLM,Let's not consort with MALCOLM: To show an unfelt sorrow is an office Which the false man does easy.,male,7
MACBETH,2,4,ROSS,"Ha, good father, Thou seest the heavens, as troubled with man's act, Threatens his bloody stage: by the clock 'tis day, ",his,ROSS,"Ha, good father, Thou seest the heavens, as troubled with man's act, Threatens ROSS bloody stage: by the clock 'tis day,",male,3
MACBETH,2,4,ROSS,"Is't night's predominance, or the day's shame, That darkness does the face of earth entomb, When living light should kis",it,ROSS,"Is't night's predominance, or the day's shame, That darkness does the face of earth entomb, When living light should kis",male,4
MACBETH,2,4,OLD MAN,"On Tuesday last, A falcon, towering in her pride of place, Was by a mousing owl hawk'd",her,OLD MAN,"On Tuesday last, A falcon, towering in OLD MAN pride of place, Was by a mousing owl hawk'd",neutral,6
MACBETH,2,4,ROSS,"Beauteous and swift, the minions of their race, Turn'd wild in nature, broke their stalls, flung out, Contending 'gainst",their,ROSS,"Beauteous and swift, the minions of ROSS race, Turn'd wild in nature, broke their stalls, flung out, Contending 'gainst ",male,7
MACBETH,2,4,ROSS,"Beauteous and swift, the minions of their race, Turn'd wild in nature, broke their stalls, flung out, Contending 'gainst",their,ROSS,"Beauteous and swift, the minions of ROSS race, Turn'd wild in nature, broke ROSS stalls, flung out, Contending 'gainst o",male,7
MACBETH,2,4,ROSS,"Beauteous and swift, the minions of their race, Turn'd wild in nature, broke their stalls, flung out, Contending 'gainst",they,ROSS,"Beauteous and swift, the minions of ROSS race, Turn'd wild in nature, broke ROSS stalls, flung out, Contending 'gainst o",male,7
MACBETH,2,4,OLD MAN,'Tis said they eat each other.,they,OLD MAN,'Tis said OLD MAN eat each other.,neutral,7
MACBETH,2,4,ROSS,"They did so; to the amazement of mine eyes, That look'd upon't.",They,ROSS,"ROSS did so; to the amazement of mine eyes, That look'd upon't.",male,7
MACBETH,2,4,ROSS,What good could they pretend?,they,ROSS,What good could ROSS pretend?,male,7
MACBETH,2,4,MACDUFF,They were suborn'd.,They,MACDUFF,MACDUFF were suborn'd.,male,7
MACBETH,2,4,MACDUFF,"Malcolm and Donalbain, the King's two sons, Are stol'n away and fled; which puts upon them Suspicion of the deed.",them,Donalbain,"Malcolm and Donalbain, the King's two sons, Are stol'n away and fled; which puts upon Donalbain Suspicion of the deed.",male,7
MACBETH,2,4,MACDUFF,He is already nam'd; and gone to Scone To be invested.,He,MACDUFF,MACDUFF is already nam'd; and gone to Scone To be invested.,male,7
MACBETH,2,4,MACDUFF,"Carried to Colmekill, The sacred storehouse of his predecessors, And guardian of their bones.",his,MACDUFF,"Carried to Colmekill, The sacred storehouse of MACDUFF predecessors, And guardian of their bones.",male,7
MACBETH,2,4,MACDUFF,"Carried to Colmekill, The sacred storehouse of his predecessors, And guardian of their bones.",their,MACDUFF,"Carried to Colmekill, The sacred storehouse of MACDUFF predecessors, And guardian of MACDUFF bones.",male,7
MACBETH,3,1,BANQUO,"Thou hast it now, King, Cawdor, Glamis, all, As the Weird Women promis'd; and, I fear, Thou play'dst most foully for't; ",it,BANQUO,"Thou hast BANQUO now, King, Cawdor, Glamis, all, As the Weird Women promis'd; and, I fear, Thou play'dst most foully for",male,1
MACBETH,3,1,BANQUO,"Thou hast it now, King, Cawdor, Glamis, all, As the Weird Women promis'd; and, I fear, Thou play'dst most foully for't; ",it,BANQUO,"Thou hast BANQUO now, King, Cawdor, Glamis, all, As the Weird Women promis'd; and, I fear, Thou play'dst most foully for",male,1
MACBETH,3,1,BANQUO,"Thou hast it now, King, Cawdor, Glamis, all, As the Weird Women promis'd; and, I fear, Thou play'dst most foully for't; ",It,BANQUO,"Thou hast BANQUO now, King, Cawdor, Glamis, all, As the Weird Women promis'd; and, I fear, Thou play'dst most foully for",male,1
MACBETH,3,1,BANQUO,"If there come truth from them (As upon thee, Macbeth, their speeches shine)",them,Macbeth,"If there come truth from Macbeth (As upon thee, Macbeth, their speeches shine)",male,3
MACBETH,3,1,BANQUO,"If there come truth from them (As upon thee, Macbeth, their speeches shine)",their,Macbeth,"If there come truth from Macbeth (As upon thee, Macbeth, Macbeth speeches shine)",male,3
MACBETH,3,1,BANQUO,"Why, by the verities on thee made good, May they not be my oracles as well, And set me up in hope?",they,BANQUO,"Why, by the verities on thee made good, May BANQUO not be my oracles as well, And set me up in hope?",male,4
MACBETH,3,1,LADY MACBETH,"If he had been forgotten, It had been as a gap in our great feast, And all-thing unbecoming.",he,LADY MACBETH,"If LADY MACBETH had been forgotten, It had been as a gap in our great feast, And all-thing unbecoming.",male,7
MACBETH,3,1,LADY MACBETH,"If he had been forgotten, It had been as a gap in our great feast, And all-thing unbecoming.",It,LADY MACBETH,"If LADY MACBETH had been forgotten, LADY MACBETH had been as a gap in our great feast, And all-thing unbecoming.",male,7
MACBETH,3,1,MACBETH,"In England and in Ireland; not confessing Their cruel parricide, filling their hearers With strange invention.",Their,MACBETH,"In England and in Ireland; not confessing MACBETH cruel parricide, filling their hearers With strange invention.",male,7
MACBETH,3,1,MACBETH,"In England and in Ireland; not confessing Their cruel parricide, filling their hearers With strange invention.",their,MACBETH,"In England and in Ireland; not confessing MACBETH cruel parricide, filling MACBETH hearers With strange invention.",male,7
MACBETH,3,1,MACBETH,I wish your horses swift and sure of foot; And so I do commend you to their backs.,their,MACBETH,I wish your horses swift and sure of foot; And so I do commend you to MACBETH backs.,male,7
MACBETH,3,1,MACBETH,"Let every man be master of his time Till seven at night; to make society The sweeter welcome, we will keep ourself Till ",his,MACBETH,"Let every man be master of MACBETH time Till seven at night; to make society The sweeter welcome, we will keep ourself T",male,7
MACBETH,3,1,SERVANT,"They are, my lord, without the palace gate.",They,SERVANT,"SERVANT are, my lord, without the palace gate.",neutral,7
MACBETH,3,1,MACBETH,Bring them before us.,them,MACBETH,Bring MACBETH before us.,male,7
MACBETH,3,1,MACBETH,"Our fears in Banquo Stick deep, and in his royalty of nature Reigns that which would be fear'd: 'tis much he dares; And,",his,Banquo,"Our fears in Banquo Stick deep, and in Banquo royalty of nature Reigns that which would be fear'd: 'tis much he dares; A",male,7
MACBETH,3,1,MACBETH,"Our fears in Banquo Stick deep, and in his royalty of nature Reigns that which would be fear'd: 'tis much he dares; And,",he,Banquo,"Our fears in Banquo Stick deep, and in Banquo royalty of nature Reigns that which would be fear'd: 'tis much Banquo dare",male,7
MACBETH,3,1,MACBETH,"Our fears in Banquo Stick deep, and in his royalty of nature Reigns that which would be fear'd: 'tis much he dares; And,",his,Banquo,"Our fears in Banquo Stick deep, and in Banquo royalty of nature Reigns that which would be fear'd: 'tis much Banquo dare",male,7
MACBETH,3,1,MACBETH,"Our fears in Banquo Stick deep, and in his royalty of nature Reigns that which would be fear'd: 'tis much he dares; And,",He,Banquo,"Our fears in Banquo Stick deep, and in Banquo royalty of nature Reigns that which would be fear'd: 'tis much Banquo dare",male,7
MACBETH,3,1,MACBETH,"Our fears in Banquo Stick deep, and in his royalty of nature Reigns that which would be fear'd: 'tis much he dares; And,",his,Banquo,"Our fears in Banquo Stick deep, and in Banquo royalty of nature Reigns that which would be fear'd: 'tis much Banquo dare",male,7
MACBETH,3,1,MACBETH,"but he Whose being I do fear: and under him My genius is rebuk'd; as, it is said, Mark Antony's was by Caesar.",he,MACBETH,"but MACBETH Whose being I do fear: and under him My genius is rebuk'd; as, it is said, Mark Antony's was by Caesar.",male,7
MACBETH,3,1,MACBETH,"but he Whose being I do fear: and under him My genius is rebuk'd; as, it is said, Mark Antony's was by Caesar.",him,MACBETH,"but MACBETH Whose being I do fear: and under MACBETH My genius is rebuk'd; as, it is said, Mark Antony's was by Caesar.",male,7
MACBETH,3,1,MACBETH,"but he Whose being I do fear: and under him My genius is rebuk'd; as, it is said, Mark Antony's was by Caesar.",it,Caesar,"but MACBETH Whose being I do fear: and under MACBETH My genius is rebuk'd; as, Caesar is said, Mark Antony's was by Caes",neutral,7
MACBETH,3,1,MACBETH,"He chid the sisters When first they put the name of king upon me, And bade them speak to him; then, prophet-like, They h",He,MACBETH,"MACBETH chid the sisters When first they put the name of king upon me, And bade them speak to him; then, prophet-like, T",male,7
MACBETH,3,1,MACBETH,"He chid the sisters When first they put the name of king upon me, And bade them speak to him; then, prophet-like, They h",they,MACBETH,"MACBETH chid the sisters When first MACBETH put the name of king upon me, And bade them speak to him; then, prophet-like",male,7
MACBETH,3,1,MACBETH,"He chid the sisters When first they put the name of king upon me, And bade them speak to him; then, prophet-like, They h",them,MACBETH,"MACBETH chid the sisters When first MACBETH put the name of king upon me, And bade MACBETH speak to him; then, prophet-l",male,7
MACBETH,3,1,MACBETH,"He chid the sisters When first they put the name of king upon me, And bade them speak to him; then, prophet-like, They h",him,MACBETH,"MACBETH chid the sisters When first MACBETH put the name of king upon me, And bade MACBETH speak to MACBETH; then, proph",male,7
MACBETH,3,1,MACBETH,"He chid the sisters When first they put the name of king upon me, And bade them speak to him; then, prophet-like, They h",They,MACBETH,"MACBETH chid the sisters When first MACBETH put the name of king upon me, And bade MACBETH speak to MACBETH; then, proph",male,7
MACBETH,3,1,MACBETH,"He chid the sisters When first they put the name of king upon me, And bade them speak to him; then, prophet-like, They h",him,MACBETH,"MACBETH chid the sisters When first MACBETH put the name of king upon me, And bade MACBETH speak to MACBETH; then, proph",male,7
MACBETH,3,1,MACBETH,"He chid the sisters When first they put the name of king upon me, And bade them speak to him; then, prophet-like, They h",they,MACBETH,"MACBETH chid the sisters When first MACBETH put the name of king upon me, And bade MACBETH speak to MACBETH; then, proph",male,7
MACBETH,3,1,MACBETH,"If't be so, For Banquo's issue have I fil'd my mind; For them the gracious Duncan have I murder'd; Put rancours in the v",them,Duncan,"If't be so, For Banquo's issue have I fil'd my mind; For Duncan the gracious Duncan have I murder'd; Put rancours in the",male,7
MACBETH,3,1,MACBETH,"If't be so, For Banquo's issue have I fil'd my mind; For them the gracious Duncan have I murder'd; Put rancours in the v",them,Duncan,"If't be so, For Banquo's issue have I fil'd my mind; For Duncan the gracious Duncan have I murder'd; Put rancours in the",male,7
MACBETH,3,1,MACBETH,"Given to the common enemy of man, To make them kings, the seed of Banquo kings!",them,Banquo,"Given to the common enemy of man, To make Banquo kings, the seed of Banquo kings!",male,7
MACBETH,3,1,MACBETH,Was it not yesterday we spoke together?,it,MACBETH,Was MACBETH not yesterday we spoke together?,male,7
MACBETH,3,1,FIRST MURDERER,"It was, so please your Highness.",It,FIRST MURDERER,"FIRST MURDERER was, so please your Highness.",neutral,7
MACBETH,3,1,MACBETH,"Know That it was he, in the times past, which held you So under fortune, which you thought had been Our innocent self?",it,MACBETH,"Know That MACBETH was he, in the times past, which held you So under fortune, which you thought had been Our innocent se",male,7
MACBETH,3,1,MACBETH,"Know That it was he, in the times past, which held you So under fortune, which you thought had been Our innocent self?",he,MACBETH,"Know That MACBETH was MACBETH, in the times past, which held you So under fortune, which you thought had been Our innoce",male,7
MACBETH,3,1,MACBETH,"This I made good to you In our last conference, pass'd in probation with you How you were borne in hand, how cross'd, th",them,Banquo,"This I made good to you In our last conference, pass'd in probation with you How you were borne in hand, how cross'd, th",male,7
MACBETH,3,1,FIRST MURDERER,You made it known to us.,it,FIRST MURDERER,You made FIRST MURDERER known to us.,neutral,7
MACBETH,3,1,MACBETH,"Are you so gospell'd, To pray for this good man and for his issue, Whose heavy hand hath bow'd you to the grave, And beg",his,MACBETH,"Are you so gospell'd, To pray for this good man and for MACBETH issue, Whose heavy hand hath bow'd you to the grave, And",male,7
MACBETH,3,1,MACBETH,"Ay, in the catalogue ye go for men; As hounds, and greyhounds, mongrels, spaniels, curs, Shoughs, water-rugs, and demi-w",him,MACBETH,"Ay, in the catalogue ye go for men; As hounds, and greyhounds, mongrels, spaniels, curs, Shoughs, water-rugs, and demi-w",male,7
MACBETH,3,1,MACBETH,"Ay, in the catalogue ye go for men; As hounds, and greyhounds, mongrels, spaniels, curs, Shoughs, water-rugs, and demi-w",he,MACBETH,"Ay, in the catalogue ye go for men; As hounds, and greyhounds, mongrels, spaniels, curs, Shoughs, water-rugs, and demi-w",male,7
MACBETH,3,1,MACBETH,"Ay, in the catalogue ye go for men; As hounds, and greyhounds, mongrels, spaniels, curs, Shoughs, water-rugs, and demi-w",them,Distinguishes,"Ay, in the catalogue ye go for men; As hounds, and greyhounds, mongrels, spaniels, curs, Shoughs, water-rugs, and demi-w",neutral,7
MACBETH,3,1,MACBETH,"Now, if you have a station in the file, Not i' th' worst rank of manhood, say't; And I will put that business in your bo",his,MACBETH,"Now, if you have a station in the file, Not i' th' worst rank of manhood, say't; And I will put that business in your bo",male,7
MACBETH,3,1,MACBETH,"Now, if you have a station in the file, Not i' th' worst rank of manhood, say't; And I will put that business in your bo",his,MACBETH,"Now, if you have a station in the file, Not i' th' worst rank of manhood, say't; And I will put that business in your bo",male,7
MACBETH,3,1,FIRST MURDERER,"And I another, So weary with disasters, tugg'd with fortune, That I would set my life on any chance, To mend it or be ri",it,FIRST MURDERER,"And I another, So weary with disasters, tugg'd with fortune, That I would set my life on any chance, To mend FIRST MURDE",neutral,7
MACBETH,3,1,MACBETH,"So is he mine; and in such bloody distance, That every minute of his being thrusts Against my near'st of life; and thoug",he,MACBETH,"So is MACBETH mine; and in such bloody distance, That every minute of his being thrusts Against my near'st of life; and ",male,7
MACBETH,3,1,MACBETH,"So is he mine; and in such bloody distance, That every minute of his being thrusts Against my near'st of life; and thoug",his,MACBETH,"So is MACBETH mine; and in such bloody distance, That every minute of MACBETH being thrusts Against my near'st of life; ",male,7
MACBETH,3,1,MACBETH,"So is he mine; and in such bloody distance, That every minute of his being thrusts Against my near'st of life; and thoug",him,MACBETH,"So is MACBETH mine; and in such bloody distance, That every minute of MACBETH being thrusts Against my near'st of life; ",male,7
MACBETH,3,1,MACBETH,"So is he mine; and in such bloody distance, That every minute of his being thrusts Against my near'st of life; and thoug",it,MACBETH,"So is MACBETH mine; and in such bloody distance, That every minute of MACBETH being thrusts Against my near'st of life; ",male,7
MACBETH,3,1,MACBETH,"So is he mine; and in such bloody distance, That every minute of his being thrusts Against my near'st of life; and thoug",his,MACBETH,"So is MACBETH mine; and in such bloody distance, That every minute of MACBETH being thrusts Against my near'st of life; ",male,7
MACBETH,3,1,MACBETH,"So is he mine; and in such bloody distance, That every minute of his being thrusts Against my near'st of life; and thoug",his,MACBETH,"So is MACBETH mine; and in such bloody distance, That every minute of MACBETH being thrusts Against my near'st of life; ",male,7
MACBETH,3,1,MACBETH,"So is he mine; and in such bloody distance, That every minute of his being thrusts Against my near'st of life; and thoug",it,MACBETH,"So is MACBETH mine; and in such bloody distance, That every minute of MACBETH being thrusts Against my near'st of life; ",male,7
MACBETH,3,1,MACBETH,And with him (To leave no rubs nor botches in the work),him,MACBETH,And with MACBETH (To leave no rubs nor botches in the work),male,7
MACBETH,3,1,MACBETH,"Fleance his son, that keeps him company, Whose absence is no less material to me Than is his father's, must embrace the ",his,Fleance,"Fleance Fleance son, that keeps him company, Whose absence is no less material to me Than is his father's, must embrace ",male,7
MACBETH,3,1,MACBETH,"Fleance his son, that keeps him company, Whose absence is no less material to me Than is his father's, must embrace the ",him,Fleance,"Fleance Fleance son, that keeps Fleance company, Whose absence is no less material to me Than is his father's, must embr",male,7
MACBETH,3,1,MACBETH,"Fleance his son, that keeps him company, Whose absence is no less material to me Than is his father's, must embrace the ",his,Fleance,"Fleance Fleance son, that keeps Fleance company, Whose absence is no less material to me Than is Fleance father's, must ",male,7
MACBETH,3,1,MACBETH,It is concluded.,It,MACBETH,MACBETH is concluded.,male,7
MACBETH,3,1,MACBETH,"Banquo, thy soul's flight, If it find heaven, must find it out tonight.",it,Banquo,"Banquo, thy soul's flight, If Banquo find heaven, must find it out tonight.",male,7
MACBETH,3,1,MACBETH,"Banquo, thy soul's flight, If it find heaven, must find it out tonight.",it,Banquo,"Banquo, thy soul's flight, If Banquo find heaven, must find Banquo out tonight.",male,7
MACBETH,3,2,LADY MACBETH,"Say to the King, I would attend his leisure For a few words.",his,LADY MACBETH,"Say to the King, I would attend LADY MACBETH leisure For a few words.",male,4
MACBETH,3,2,LADY MACBETH,"How now, my lord, why do you keep alone, Of sorriest fancies your companions making, Using those thoughts which should i",them,LADY MACBETH,"How now, my lord, why do you keep alone, Of sorriest fancies your companions making, Using those thoughts which should i",male,7
MACBETH,3,2,LADY MACBETH,"How now, my lord, why do you keep alone, Of sorriest fancies your companions making, Using those thoughts which should i",they,LADY MACBETH,"How now, my lord, why do you keep alone, Of sorriest fancies your companions making, Using those thoughts which should i",male,7
MACBETH,3,2,MACBETH,"We have scorch'd the snake, not kill'd it.",it,MACBETH,"We have scorch'd the snake, not kill'd MACBETH.",male,7
MACBETH,3,2,MACBETH,"She'll close, and be herself; whilst our poor malice Remains in danger of her former tooth.",She,MACBETH,"MACBETH'll close, and be herself; whilst our poor malice Remains in danger of her former tooth.",male,7
MACBETH,3,2,MACBETH,"She'll close, and be herself; whilst our poor malice Remains in danger of her former tooth.",herself,MACBETH,"MACBETH'll close, and be MACBETH; whilst our poor malice Remains in danger of her former tooth.",male,7
MACBETH,3,2,MACBETH,"She'll close, and be herself; whilst our poor malice Remains in danger of her former tooth.",her,MACBETH,"MACBETH'll close, and be MACBETH; whilst our poor malice Remains in danger of MACBETH former tooth.",male,7
MACBETH,3,2,MACBETH,"Duncan is in his grave; After life's fitful fever he sleeps well; Treason has done his worst: nor steel, nor poison, Mal",his,Duncan,"Duncan is in Duncan grave; After life's fitful fever he sleeps well; Treason has done his worst: nor steel, nor poison, ",male,7
MACBETH,3,2,MACBETH,"Duncan is in his grave; After life's fitful fever he sleeps well; Treason has done his worst: nor steel, nor poison, Mal",he,Duncan,"Duncan is in Duncan grave; After life's fitful fever Duncan sleeps well; Treason has done his worst: nor steel, nor pois",male,7
MACBETH,3,2,MACBETH,"Duncan is in his grave; After life's fitful fever he sleeps well; Treason has done his worst: nor steel, nor poison, Mal",his,Duncan,"Duncan is in Duncan grave; After life's fitful fever Duncan sleeps well; Treason has done Duncan worst: nor steel, nor p",male,7
MACBETH,3,2,MACBETH,"Duncan is in his grave; After life's fitful fever he sleeps well; Treason has done his worst: nor steel, nor poison, Mal",him,Duncan,"Duncan is in Duncan grave; After life's fitful fever Duncan sleeps well; Treason has done Duncan worst: nor steel, nor p",male,7
MACBETH,3,2,MACBETH,"Let your remembrance apply to Banquo; Present him eminence, both with eye and tongue: Unsafe the while, that we Must lav",him,Banquo,"Let your remembrance apply to Banquo; Present Banquo eminence, both with eye and tongue: Unsafe the while, that we Must ",male,7
MACBETH,3,2,MACBETH,"Let your remembrance apply to Banquo; Present him eminence, both with eye and tongue: Unsafe the while, that we Must lav",they,Banquo,"Let your remembrance apply to Banquo; Present Banquo eminence, both with eye and tongue: Unsafe the while, that we Must ",male,7
MACBETH,3,2,MACBETH,"Thou know'st that Banquo, and his Fleance, lives.",his,Fleance,"Thou know'st that Banquo, and Fleance Fleance, lives.",male,7
MACBETH,3,2,LADY MACBETH,But in them nature's copy's not eterne.,them,LADY MACBETH,But in LADY MACBETH nature's copy's not eterne.,male,7
MACBETH,3,2,MACBETH,There's comfort yet; they are assailable.,they,MACBETH,There's comfort yet; MACBETH are assailable.,male,7
MACBETH,3,2,MACBETH,"Ere the bat hath flown His cloister'd flight, ere to black Hecate's summons The shard-born beetle, with his drowsy hums,",His,MACBETH,"Ere the bat hath flown MACBETH cloister'd flight, ere to black Hecate's summons The shard-born beetle, with his drowsy h",male,7
MACBETH,3,2,MACBETH,"Ere the bat hath flown His cloister'd flight, ere to black Hecate's summons The shard-born beetle, with his drowsy hums,",his,MACBETH,"Ere the bat hath flown MACBETH cloister'd flight, ere to black Hecate's summons The shard-born beetle, with MACBETH drow",male,7
MACBETH,3,2,MACBETH,Whiles night's black agents to their preys do rouse.,their,MACBETH,Whiles night's black agents to MACBETH preys do rouse.,male,7
MACBETH,3,2,MACBETH,Thou marvell'st at my words: but hold thee still; Things bad begun make strong themselves by ill.,themselves,MACBETH,Thou marvell'st at my words: but hold thee still; Things bad begun make strong MACBETH by ill.,male,7
MACBETH,3,3,SECOND MURDERER,He needs not our mistrust; since he delivers Our offices and what we have to do To the direction just.,He,Macbeth,Macbeth needs not our mistrust; since he delivers Our offices and what we have to do To the direction just.,male,4
MACBETH,3,3,SECOND MURDERER,He needs not our mistrust; since he delivers Our offices and what we have to do To the direction just.,he,Macbeth,Macbeth needs not our mistrust; since Macbeth delivers Our offices and what we have to do To the direction just.,male,4
MACBETH,3,3,FIRST MURDERER,His horses go about.,His,BANQUO,BANQUO horses go about.,male,7
MACBETH,3,3,THIRD MURDERER,"Almost a mile; but he does usually, So all men do, from hence to the palace gate Make it their walk.",he,BANQUO,"Almost a mile; but BANQUO does usually, So all men do, from hence to the palace gate Make it their walk.",male,7
MACBETH,3,3,THIRD MURDERER,"Almost a mile; but he does usually, So all men do, from hence to the palace gate Make it their walk.",it,THIRD MURDERER,"Almost a mile; but BANQUO does usually, So all men do, from hence to the palace gate Make THIRD MURDERER their walk.",neutral,7
MACBETH,3,3,THIRD MURDERER,"Almost a mile; but he does usually, So all men do, from hence to the palace gate Make it their walk.",their,THIRD MURDERER,"Almost a mile; but BANQUO does usually, So all men do, from hence to the palace gate Make THIRD MURDERER THIRD MURDERER ",neutral,7
MACBETH,3,3,THIRD MURDERER,'Tis he.,he,Fleance,'Tis Fleance.,male,7
MACBETH,3,3,BANQUO,It will be rain tonight.,It,BANQUO,BANQUO will be rain tonight.,male,7
MACBETH,3,3,FIRST MURDERER,Let it come down.,it,FIRST MURDERER,Let FIRST MURDERER come down.,neutral,7
MACBETH,3,4,MACBETH,"Our hostess keeps her state; but, in best time, We will require her welcome.",her,MACBETH,"Our hostess keeps MACBETH state; but, in best time, We will require her welcome.",male,6
MACBETH,3,4,MACBETH,"Our hostess keeps her state; but, in best time, We will require her welcome.",her,MACBETH,"Our hostess keeps MACBETH state; but, in best time, We will require MACBETH welcome.",male,6
MACBETH,3,4,LADY MACBETH,"Pronounce it for me, sir, to all our friends; For my heart speaks they are welcome.",it,LADY MACBETH,"Pronounce LADY MACBETH for me, sir, to all our friends; For my heart speaks they are welcome.",male,7
MACBETH,3,4,LADY MACBETH,"Pronounce it for me, sir, to all our friends; For my heart speaks they are welcome.",they,LADY MACBETH,"Pronounce LADY MACBETH for me, sir, to all our friends; For my heart speaks LADY MACBETH are welcome.",male,7
MACBETH,3,4,MACBETH,"See, they encounter thee with their hearts' thanks.",they,MACBETH,"See, MACBETH encounter thee with their hearts' thanks.",male,7
MACBETH,3,4,MACBETH,"See, they encounter thee with their hearts' thanks.",their,MACBETH,"See, MACBETH encounter thee with MACBETH hearts' thanks.",male,7
MACBETH,3,4,MACBETH,'Tis better thee without than he within.,he,MACBETH,'Tis better thee without than MACBETH within.,male,7
MACBETH,3,4,MACBETH,Is he dispatch'd?,he,MACBETH,Is MACBETH dispatch'd?,male,7
MACBETH,3,4,MURDERER,"My lord, his throat is cut.",his,MACBETH,"My lord, MACBETH throat is cut.",male,7
MACBETH,3,4,MURDERER,That I did for him.,him,MACBETH,That I did for MACBETH.,male,7
MACBETH,3,4,MACBETH,"Thou art the best o' th' cut-throats; Yet he's good that did the like for Fleance: If thou didst it, thou art the nonpar",he,Fleance,"Thou art the best o' th' cut-throats; Yet Fleance's good that did the like for Fleance: If thou didst it, thou art the n",male,7
MACBETH,3,4,MACBETH,"Thou art the best o' th' cut-throats; Yet he's good that did the like for Fleance: If thou didst it, thou art the nonpar",it,Fleance,"Thou art the best o' th' cut-throats; Yet Fleance's good that did the like for Fleance: If thou didst Fleance, thou art ",male,7
MACBETH,3,4,MURDERER,"Safe in a ditch he bides, With twenty trenched gashes on his head; The least a death to nature.",he,Banquo,"Safe in a ditch Banquo bides, With twenty trenched gashes on his head; The least a death to nature.",male,7
MACBETH,3,4,MURDERER,"Safe in a ditch he bides, With twenty trenched gashes on his head; The least a death to nature.",his,Banquo,"Safe in a ditch Banquo bides, With twenty trenched gashes on Banquo head; The least a death to nature.",male,7
MACBETH,3,4,LADY MACBETH,To feed were best at home; From thence the sauce to meat is ceremony; Meeting were bare without it.,it,LADY MACBETH,To feed were best at home; From thence the sauce to meat is ceremony; Meeting were bare without LADY MACBETH.,male,7
MACBETH,3,4,ROSS,"His absence, sir, Lays blame upon his promise.",His,ROSS,"ROSS absence, sir, Lays blame upon his promise.",male,7
MACBETH,3,4,ROSS,"His absence, sir, Lays blame upon his promise.",his,ROSS,"ROSS absence, sir, Lays blame upon ROSS promise.",male,7
MACBETH,3,4,MACBETH,Thou canst not say I did it.,it,MACBETH,Thou canst not say I did MACBETH.,male,7
MACBETH,3,4,ROSS,"Gentlemen, rise; his Highness is not well.",his,ROSS,"Gentlemen, rise; ROSS Highness is not well.",male,7
MACBETH,3,4,LADY MACBETH,"My lord is often thus, And hath been from his youth: pray you, keep seat; The fit is momentary; upon a thought He will a",his,LADY MACBETH,"My lord is often thus, And hath been from LADY MACBETH youth: pray you, keep seat; The fit is momentary; upon a thought ",male,7
MACBETH,3,4,LADY MACBETH,"My lord is often thus, And hath been from his youth: pray you, keep seat; The fit is momentary; upon a thought He will a",He,LADY MACBETH,"My lord is often thus, And hath been from LADY MACBETH youth: pray you, keep seat; The fit is momentary; upon a thought ",male,7
MACBETH,3,4,LADY MACBETH,"If much you note him, You shall offend him, and extend his passion.",him,LADY MACBETH,"If much you note LADY MACBETH, You shall offend him, and extend his passion.",male,7
MACBETH,3,4,LADY MACBETH,"If much you note him, You shall offend him, and extend his passion.",him,LADY MACBETH,"If much you note LADY MACBETH, You shall offend LADY MACBETH, and extend his passion.",male,7
MACBETH,3,4,LADY MACBETH,"If much you note him, You shall offend him, and extend his passion.",his,LADY MACBETH,"If much you note LADY MACBETH, You shall offend LADY MACBETH, and extend LADY MACBETH passion.",male,7
MACBETH,3,4,LADY MACBETH,"Feed, and regard him not.—Are you a man?",him,LADY MACBETH,"Feed, and regard LADY MACBETH not.—Are you a man?",male,7
MACBETH,3,4,LADY MACBETH,"O, these flaws, and starts (Impostors to true fear), would well become A woman's story at a winter's fire, Authoris'd by",her,LADY MACBETH,"O, these flaws, and starts (Impostors to true fear), would well become A woman's story at a winter's fire, Authoris'd by",male,7
MACBETH,3,4,MACBETH,"If I stand here, I saw him.",him,MACBETH,"If I stand here, I saw MACBETH.",male,7
MACBETH,3,4,MACBETH,"Blood hath been shed ere now, i' th' olden time, Ere humane statute purg'd the gentle weal; Ay, and since too, murders h",they,MACBETH,"Blood hath been shed ere now, i' th' olden time, Ere humane statute purg'd the gentle weal; Ay, and since too, murders h",male,7
MACBETH,3,4,MACBETH,"Blood hath been shed ere now, i' th' olden time, Ere humane statute purg'd the gentle weal; Ay, and since too, murders h",their,MACBETH,"Blood hath been shed ere now, i' th' olden time, Ere humane statute purg'd the gentle weal; Ay, and since too, murders h",male,7
MACBETH,3,4,MACBETH,"I drink to the general joy o' th' whole table, And to our dear friend Banquo, whom we miss: Would he were here.",he,Banquo,"I drink to the general joy o' th' whole table, And to our dear friend Banquo, whom we miss: Would Banquo were here.",male,7
MACBETH,3,4,MACBETH,"To all, and him, we thirst, And all to all.",him,MACBETH,"To all, and MACBETH, we thirst, And all to all.",male,7
MACBETH,3,4,LADY MACBETH,"Think of this, good peers, But as a thing of custom: 'tis no other, Only it spoils the pleasure of the time.",it,LADY MACBETH,"Think of this, good peers, But as a thing of custom: 'tis no other, Only LADY MACBETH spoils the pleasure of the time.",male,7
MACBETH,3,4,LADY MACBETH,"I pray you, speak not; he grows worse and worse; Question enrages him.",he,LADY MACBETH,"I pray you, speak not; LADY MACBETH grows worse and worse; Question enrages him.",male,7
MACBETH,3,4,LADY MACBETH,"I pray you, speak not; he grows worse and worse; Question enrages him.",him,LADY MACBETH,"I pray you, speak not; LADY MACBETH grows worse and worse; Question enrages LADY MACBETH.",male,7
MACBETH,3,4,LENNOX,Good night; and better health Attend his Majesty!,his,LENNOX,Good night; and better health Attend LENNOX Majesty!,male,7
MACBETH,3,4,MACBETH,"It will have blood, they say, blood will have blood.",It,MACBETH,"MACBETH will have blood, they say, blood will have blood.",male,7
MACBETH,3,4,MACBETH,"It will have blood, they say, blood will have blood.",they,MACBETH,"MACBETH will have blood, MACBETH say, blood will have blood.",male,7
MACBETH,3,4,MACBETH,"How say'st thou, that Macduff denies his person At our great bidding?",his,Macduff,"How say'st thou, that Macduff denies Macduff person At our great bidding?",male,7
MACBETH,3,4,LADY MACBETH,"Did you send to him, sir?",him,LADY MACBETH,"Did you send to LADY MACBETH, sir?",male,7
MACBETH,3,4,MACBETH,I hear it by the way; but I will send.,it,MACBETH,I hear MACBETH by the way; but I will send.,male,7
MACBETH,3,4,MACBETH,There's not a one of them but in his house I keep a servant fee'd.,them,MACBETH,There's not a one of MACBETH but in his house I keep a servant fee'd.,male,7
MACBETH,3,4,MACBETH,There's not a one of them but in his house I keep a servant fee'd.,his,MACBETH,There's not a one of MACBETH but in MACBETH house I keep a servant fee'd.,male,7
MACBETH,3,4,MACBETH,"More shall they speak; for now I am bent to know, By the worst means, the worst.",they,MACBETH,"More shall MACBETH speak; for now I am bent to know, By the worst means, the worst.",male,7
MACBETH,3,4,MACBETH,"Strange things I have in head, that will to hand, Which must be acted ere they may be scann'd.",they,MACBETH,"Strange things I have in head, that will to hand, Which must be acted ere MACBETH may be scann'd.",male,7
MACBETH,3,5,HECATE,"And, which is worse, all you have done Hath been but for a wayward son, Spiteful and wrathful; who, as others do, Loves ",his,Macbeth,"And, which is worse, all you have done Hath been but for a wayward son, Spiteful and wrathful; who, as others do, Loves ",male,7
MACBETH,3,5,HECATE,"But make amends now: get you gone, And at the pit of Acheron Meet me i' th' morning: thither he Will come to know his de",he,Macbeth,"But make amends now: get you gone, And at the pit of Acheron Meet me i' th' morning: thither Macbeth Will come to know h",male,7
MACBETH,3,5,HECATE,"But make amends now: get you gone, And at the pit of Acheron Meet me i' th' morning: thither he Will come to know his de",his,Macbeth,"But make amends now: get you gone, And at the pit of Acheron Meet me i' th' morning: thither Macbeth Will come to know M",male,7
MACBETH,3,5,HECATE,"Upon the corner of the moon There hangs a vap'rous drop profound; I'll catch it ere it come to ground: And that, distill",it,HECATE,"Upon the corner of the moon There hangs a vap'rous drop profound; I'll catch HECATE ere it come to ground: And that, dis",female,7
MACBETH,3,5,HECATE,"Upon the corner of the moon There hangs a vap'rous drop profound; I'll catch it ere it come to ground: And that, distill",it,HECATE,"Upon the corner of the moon There hangs a vap'rous drop profound; I'll catch HECATE ere HECATE come to ground: And that,",female,7
MACBETH,3,5,HECATE,"Upon the corner of the moon There hangs a vap'rous drop profound; I'll catch it ere it come to ground: And that, distill",their,HECATE,"Upon the corner of the moon There hangs a vap'rous drop profound; I'll catch HECATE ere HECATE come to ground: And that,",female,7
MACBETH,3,5,HECATE,"Upon the corner of the moon There hangs a vap'rous drop profound; I'll catch it ere it come to ground: And that, distill",him,Macbeth,"Upon the corner of the moon There hangs a vap'rous drop profound; I'll catch HECATE ere HECATE come to ground: And that,",male,7
MACBETH,3,5,HECATE,"Upon the corner of the moon There hangs a vap'rous drop profound; I'll catch it ere it come to ground: And that, distill",his,Macbeth,"Upon the corner of the moon There hangs a vap'rous drop profound; I'll catch HECATE ere HECATE come to ground: And that,",male,7
MACBETH,3,5,HECATE,"He shall spurn fate, scorn death, and bear His hopes 'bove wisdom, grace, and fear.",He,Macbeth,"Macbeth shall spurn fate, scorn death, and bear His hopes 'bove wisdom, grace, and fear.",male,7
MACBETH,3,5,HECATE,"He shall spurn fate, scorn death, and bear His hopes 'bove wisdom, grace, and fear.",His,Macbeth,"Macbeth shall spurn fate, scorn death, and bear Macbeth hopes 'bove wisdom, grace, and fear.",male,7
MACBETH,3,5,FIRST WITCH,"Come, let's make haste; she'll soon be back again.",she,HECATE,"Come, let's make haste; HECATE'll soon be back again.",female,7
MACBETH,3,6,LENNOX,"The gracious Duncan Was pitied of Macbeth:—marry, he was dead:— And the right valiant Banquo walk'd too late; Whom, you ",he,Banquo,"The gracious Duncan Was pitied of Macbeth:—marry, Banquo was dead:— And the right valiant Banquo walk'd too late; Whom, ",male,4
MACBETH,3,6,LENNOX,"Who cannot want the thought, how monstrous It was for Malcolm and for Donalbain To kill their gracious father?",It,Donalbain,"Who cannot want the thought, how monstrous Donalbain was for Malcolm and for Donalbain To kill their gracious father?",male,7
MACBETH,3,6,LENNOX,"Who cannot want the thought, how monstrous It was for Malcolm and for Donalbain To kill their gracious father?",their,Donalbain,"Who cannot want the thought, how monstrous Donalbain was for Malcolm and for Donalbain To kill Donalbain gracious father",male,7
MACBETH,3,6,LENNOX,How it did grieve Macbeth!,it,Macbeth,How Macbeth did grieve Macbeth!,male,7
MACBETH,3,6,LENNOX,"did he not straight, In pious rage, the two delinquents tear That were the slaves of drink and thralls of sleep?",he,LENNOX,"did LENNOX not straight, In pious rage, the two delinquents tear That were the slaves of drink and thralls of sleep?",male,7
MACBETH,3,6,LENNOX,"So that, I say, He has borne all things well: and I do think, That had he Duncan's sons under his key (As, and't please ",He,Fleance,"So that, I say, Fleance has borne all things well: and I do think, That had he Duncan's sons under his key (As, and't pl",male,7
MACBETH,3,6,LENNOX,"So that, I say, He has borne all things well: and I do think, That had he Duncan's sons under his key (As, and't please ",he,Fleance,"So that, I say, Fleance has borne all things well: and I do think, That had Fleance Duncan's sons under his key (As, and",male,7
MACBETH,3,6,LENNOX,"So that, I say, He has borne all things well: and I do think, That had he Duncan's sons under his key (As, and't please ",his,Fleance,"So that, I say, Fleance has borne all things well: and I do think, That had Fleance Duncan's sons under Fleance key (As,",male,7
MACBETH,3,6,LENNOX,"So that, I say, He has borne all things well: and I do think, That had he Duncan's sons under his key (As, and't please ",he,Fleance,"So that, I say, Fleance has borne all things well: and I do think, That had Fleance Duncan's sons under Fleance key (As,",male,7
MACBETH,3,6,LENNOX,"So that, I say, He has borne all things well: and I do think, That had he Duncan's sons under his key (As, and't please ",they,Fleance,"So that, I say, Fleance has borne all things well: and I do think, That had Fleance Duncan's sons under Fleance key (As,",male,7
MACBETH,3,6,LENNOX,"But, peace!—for from broad words, and 'cause he fail'd His presence at the tyrant's feast, I hear, Macduff lives in disg",he,Macduff,"But, peace!—for from broad words, and 'cause Macduff fail'd His presence at the tyrant's feast, I hear, Macduff lives in",male,7
MACBETH,3,6,LENNOX,"But, peace!—for from broad words, and 'cause he fail'd His presence at the tyrant's feast, I hear, Macduff lives in disg",His,Macduff,"But, peace!—for from broad words, and 'cause Macduff fail'd Macduff presence at the tyrant's feast, I hear, Macduff live",male,7
MACBETH,3,6,LENNOX,"Sir, can you tell Where he bestows himself?",he,LENNOX,"Sir, can you tell Where LENNOX bestows himself?",male,7
MACBETH,3,6,LENNOX,"Sir, can you tell Where he bestows himself?",himself,LENNOX,"Sir, can you tell Where LENNOX bestows LENNOX?",male,7
MACBETH,3,6,LORD,"The son of Duncan, From whom this tyrant holds the due of birth, Lives in the English court and is receiv'd Of the most ",his,Duncan,"The son of Duncan, From whom this tyrant holds the due of birth, Lives in the English court and is receiv'd Of the most ",male,7
MACBETH,3,6,LORD,"Thither Macduff Is gone to pray the holy king, upon his aid To wake Northumberland, and warlike Siward That, by the help",his,Siward,"Thither Macduff Is gone to pray the holy king, upon Siward aid To wake Northumberland, and warlike Siward That, by the h",male,7
MACBETH,3,6,LORD,"Thither Macduff Is gone to pray the holy king, upon his aid To wake Northumberland, and warlike Siward That, by the help",Him,Siward,"Thither Macduff Is gone to pray the holy king, upon Siward aid To wake Northumberland, and warlike Siward That, by the h",male,7
MACBETH,3,6,LORD,And this report Hath so exasperate the King that he Prepares for some attempt of war.,he,Siward,And this report Hath so exasperate the King that Siward Prepares for some attempt of war.,male,7
MACBETH,3,6,LENNOX,Sent he to Macduff?,he,Macduff,Sent Macduff to Macduff?,male,7
MACBETH,3,6,LORD,"He did: and with an absolute ""Sir, not I,"" The cloudy messenger turns me his back, And hums, as who should say, ""You'll ",He,Macduff,"Macduff did: and with an absolute ""Sir, not I,"" The cloudy messenger turns me his back, And hums, as who should say, ""Yo",male,7
MACBETH,3,6,LORD,"He did: and with an absolute ""Sir, not I,"" The cloudy messenger turns me his back, And hums, as who should say, ""You'll ",his,Macduff,"Macduff did: and with an absolute ""Sir, not I,"" The cloudy messenger turns me Macduff back, And hums, as who should say,",male,7
MACBETH,3,6,LENNOX,"And that well might Advise him to a caution, t' hold what distance His wisdom can provide.",him,LENNOX,"And that well might Advise LENNOX to a caution, t' hold what distance His wisdom can provide.",male,7
MACBETH,3,6,LENNOX,"And that well might Advise him to a caution, t' hold what distance His wisdom can provide.",His,LENNOX,"And that well might Advise LENNOX to a caution, t' hold what distance LENNOX wisdom can provide.",male,7
MACBETH,3,6,LENNOX,"Some holy angel Fly to the court of England, and unfold His message ere he come, that a swift blessing May soon return t",His,LENNOX,"Some holy angel Fly to the court of England, and unfold LENNOX message ere he come, that a swift blessing May soon retur",male,7
MACBETH,3,6,LENNOX,"Some holy angel Fly to the court of England, and unfold His message ere he come, that a swift blessing May soon return t",he,LENNOX,"Some holy angel Fly to the court of England, and unfold LENNOX message ere LENNOX come, that a swift blessing May soon r",male,7
MACBETH,3,6,LORD,I'll send my prayers with him.,him,LENNOX,I'll send my prayers with LENNOX.,male,7
MACBETH,4,1,SECOND WITCH,Cool it with a baboon's blood.,it,SECOND WITCH,Cool SECOND WITCH with a baboon's blood.,neutral,7
MACBETH,4,1,MACBETH,"I conjure you, by that which you profess, (Howe'er you come to know it) answer me: Though you untie the winds, and let t",it,MACBETH,"I conjure you, by that which you profess, (Howe'er you come to know MACBETH) answer me: Though you untie the winds, and ",male,7
MACBETH,4,1,MACBETH,"I conjure you, by that which you profess, (Howe'er you come to know it) answer me: Though you untie the winds, and let t",them,MACBETH,"I conjure you, by that which you profess, (Howe'er you come to know MACBETH) answer me: Though you untie the winds, and ",male,7
MACBETH,4,1,MACBETH,"I conjure you, by that which you profess, (Howe'er you come to know it) answer me: Though you untie the winds, and let t",their,MACBETH,"I conjure you, by that which you profess, (Howe'er you come to know MACBETH) answer me: Though you untie the winds, and ",male,7
MACBETH,4,1,MACBETH,"I conjure you, by that which you profess, (Howe'er you come to know it) answer me: Though you untie the winds, and let t",Their,MACBETH,"I conjure you, by that which you profess, (Howe'er you come to know MACBETH) answer me: Though you untie the winds, and ",male,7
MACBETH,4,1,MACBETH,"I conjure you, by that which you profess, (Howe'er you come to know it) answer me: Though you untie the winds, and let t",their,MACBETH,"I conjure you, by that which you profess, (Howe'er you come to know MACBETH) answer me: Though you untie the winds, and ",male,7
MACBETH,4,1,FIRST WITCH,"Say, if thou'dst rather hear it from our mouths, Or from our masters?",it,FIRST WITCH,"Say, if thou'dst rather hear FIRST WITCH from our mouths, Or from our masters?",neutral,7
MACBETH,4,1,FIRST WITCH,"Pour in sow's blood, that hath eaten Her nine farrow; grease that's sweaten From the murderer's gibbet throw Into the fl",Her,HECATE,"Pour in sow's blood, that hath eaten HECATE nine farrow; grease that's sweaten From the murderer's gibbet throw Into the",female,7
MACBETH,4,1,FIRST WITCH,"He knows thy thought: Hear his speech, but say thou naught.",He,MACBETH,"MACBETH knows thy thought: Hear his speech, but say thou naught.",male,7
MACBETH,4,1,FIRST WITCH,"He knows thy thought: Hear his speech, but say thou naught.",his,MACBETH,"MACBETH knows thy thought: Hear MACBETH speech, but say thou naught.",male,7
MACBETH,4,1,FIRST WITCH,He will not be commanded.,He,MACBETH,MACBETH will not be commanded.,male,7
MACBETH,4,1,MACBETH,"Thou shalt not live; That I may tell pale-hearted fear it lies, And sleep in spite of thunder.",it,MACBETH,"Thou shalt not live; That I may tell pale-hearted fear MACBETH lies, And sleep in spite of thunder.",male,7
MACBETH,4,1,MACBETH,"An Apparition of a Child crowned, with a tree in his hand, rises.",his,MACBETH,"An Apparition of a Child crowned, with a tree in MACBETH hand, rises.",male,7
MACBETH,4,1,MACBETH,"What is this, That rises like the issue of a king, And wears upon his baby brow the round And top of sovereignty?",his,MACBETH,"What is this, That rises like the issue of a king, And wears upon MACBETH baby brow the round And top of sovereignty?",male,7
MACBETH,4,1,APPARITION,"Be lion-mettled, proud, and take no care Who chafes, who frets, or where conspirers are: Macbeth shall never vanquish'd ",him,Macbeth,"Be lion-mettled, proud, and take no care Who chafes, who frets, or where conspirers are: Macbeth shall never vanquish'd ",male,7
MACBETH,4,1,MACBETH,That will never be: Who can impress the forest; bid the tree Unfix his earth-bound root?,his,MACBETH,That will never be: Who can impress the forest; bid the tree Unfix MACBETH earth-bound root?,male,7
MACBETH,4,1,MACBETH,"Macbeth Shall live the lease of nature, pay his breath To time and mortal custom.—Yet my heart Throbs to know one thing:",his,Banquo,"Macbeth Shall live the lease of nature, pay Banquo breath To time and mortal custom.—Yet my heart Throbs to know one thi",male,7
MACBETH,4,1,ALL,"Show his eyes, and grieve his heart; Come like shadows, so depart!",his,Hautboys,"Show Hautboys eyes, and grieve his heart; Come like shadows, so depart!",male,7
MACBETH,4,1,ALL,"Show his eyes, and grieve his heart; Come like shadows, so depart!",his,Hautboys,"Show Hautboys eyes, and grieve Hautboys heart; Come like shadows, so depart!",male,7
MACBETH,4,1,ALL,"A show of eight kings appear, and pass over in order, the last with a glass in his hand; Banquo following.",his,Banquo,"A show of eight kings appear, and pass over in order, the last with a glass in Banquo hand; Banquo following.",male,7
MACBETH,4,1,MACBETH,"I see 'tis true; For the blood-bolter'd Banquo smiles upon me, And points at them for his.—What!",them,Banquo,"I see 'tis true; For the blood-bolter'd Banquo smiles upon me, And points at Banquo for his.—What!",male,7
MACBETH,4,1,FIRST WITCH,"Ay, sir, all this is so:—but why Stands Macbeth thus amazedly?— Come, sisters, cheer we up his sprites, And show the bes",his,Macbeth,"Ay, sir, all this is so:—but why Stands Macbeth thus amazedly?— Come, sisters, cheer we up Macbeth sprites, And show the",male,7
MACBETH,4,1,FIRST WITCH,"I'll charm the air to give a sound, While you perform your antic round; That this great king may kindly say, Our duties ",his,Macbeth,"I'll charm the air to give a sound, While you perform your antic round; That this great king may kindly say, Our duties ",male,7
MACBETH,4,1,MACBETH,Where are they?,they,MACBETH,Where are MACBETH?,male,7
MACBETH,4,1,MACBETH,Came they not by you?,they,MACBETH,Came MACBETH not by you?,male,7
MACBETH,4,1,MACBETH,Infected be the air whereon they ride; And damn'd all those that trust them!—I did hear The galloping of horse: who was',they,MACBETH,Infected be the air whereon MACBETH ride; And damn'd all those that trust them!—I did hear The galloping of horse: who w,male,7
MACBETH,4,1,MACBETH,Unless the deed go with it.,it,MACBETH,Unless the deed go with MACBETH.,male,7
MACBETH,4,1,MACBETH,"And even now, To crown my thoughts with acts, be it thought and done: The castle of Macduff I will surprise; Seize upon ",it,Macduff,"And even now, To crown my thoughts with acts, be Macduff thought and done: The castle of Macduff I will surprise; Seize ",male,7
MACBETH,4,1,MACBETH,"And even now, To crown my thoughts with acts, be it thought and done: The castle of Macduff I will surprise; Seize upon ",His,Macduff,"And even now, To crown my thoughts with acts, be Macduff thought and done: The castle of Macduff I will surprise; Seize ",male,7
MACBETH,4,1,MACBETH,"And even now, To crown my thoughts with acts, be it thought and done: The castle of Macduff I will surprise; Seize upon ",his,Macduff,"And even now, To crown my thoughts with acts, be Macduff thought and done: The castle of Macduff I will surprise; Seize ",male,7
MACBETH,4,1,MACBETH,"And even now, To crown my thoughts with acts, be it thought and done: The castle of Macduff I will surprise; Seize upon ",him,Macduff,"And even now, To crown my thoughts with acts, be Macduff thought and done: The castle of Macduff I will surprise; Seize ",male,7
MACBETH,4,1,MACBETH,"And even now, To crown my thoughts with acts, be it thought and done: The castle of Macduff I will surprise; Seize upon ",his,Macduff,"And even now, To crown my thoughts with acts, be Macduff thought and done: The castle of Macduff I will surprise; Seize ",male,7
MACBETH,4,1,MACBETH,"Come, bring me where they are.",they,MACBETH,"Come, bring me where MACBETH are.",male,7
MACBETH,4,2,LADY MACDUFF,"What had he done, to make him fly the land?",he,LADY MACDUFF,"What had LADY MACDUFF done, to make him fly the land?",male,1
MACBETH,4,2,LADY MACDUFF,"What had he done, to make him fly the land?",him,LADY MACDUFF,"What had LADY MACDUFF done, to make LADY MACDUFF fly the land?",male,1
MACBETH,4,2,LADY MACDUFF,"He had none: His flight was madness: when our actions do not, Our fears do make us traitors.",He,LADY MACDUFF,"LADY MACDUFF had none: His flight was madness: when our actions do not, Our fears do make us traitors.",male,3
MACBETH,4,2,LADY MACDUFF,"He had none: His flight was madness: when our actions do not, Our fears do make us traitors.",His,LADY MACDUFF,"LADY MACDUFF had none: LADY MACDUFF flight was madness: when our actions do not, Our fears do make us traitors.",male,3
MACBETH,4,2,ROSS,You know not Whether it was his wisdom or his fear.,it,ROSS,You know not Whether ROSS was his wisdom or his fear.,male,4
MACBETH,4,2,ROSS,You know not Whether it was his wisdom or his fear.,his,ROSS,You know not Whether ROSS was ROSS wisdom or his fear.,male,4
MACBETH,4,2,ROSS,You know not Whether it was his wisdom or his fear.,his,ROSS,You know not Whether ROSS was ROSS wisdom or ROSS fear.,male,4
MACBETH,4,2,LADY MACDUFF,"to leave his wife, to leave his babes, His mansion, and his titles, in a place From whence himself does fly?",his,LADY MACDUFF,"to leave LADY MACDUFF wife, to leave his babes, His mansion, and his titles, in a place From whence himself does fly?",male,6
MACBETH,4,2,LADY MACDUFF,"to leave his wife, to leave his babes, His mansion, and his titles, in a place From whence himself does fly?",his,LADY MACDUFF,"to leave LADY MACDUFF wife, to leave LADY MACDUFF babes, His mansion, and his titles, in a place From whence himself doe",male,6
MACBETH,4,2,LADY MACDUFF,"to leave his wife, to leave his babes, His mansion, and his titles, in a place From whence himself does fly?",His,LADY MACDUFF,"to leave LADY MACDUFF wife, to leave LADY MACDUFF babes, LADY MACDUFF mansion, and his titles, in a place From whence hi",male,6
MACBETH,4,2,LADY MACDUFF,"to leave his wife, to leave his babes, His mansion, and his titles, in a place From whence himself does fly?",his,LADY MACDUFF,"to leave LADY MACDUFF wife, to leave LADY MACDUFF babes, LADY MACDUFF mansion, and LADY MACDUFF titles, in a place From ",male,6
MACBETH,4,2,LADY MACDUFF,"to leave his wife, to leave his babes, His mansion, and his titles, in a place From whence himself does fly?",himself,LADY MACDUFF,"to leave LADY MACDUFF wife, to leave LADY MACDUFF babes, LADY MACDUFF mansion, and LADY MACDUFF titles, in a place From ",male,6
MACBETH,4,2,LADY MACDUFF,"He loves us not: He wants the natural touch; for the poor wren, The most diminutive of birds, will fight, Her young ones",He,LADY MACDUFF,"LADY MACDUFF loves us not: He wants the natural touch; for the poor wren, The most diminutive of birds, will fight, Her ",male,7
MACBETH,4,2,LADY MACDUFF,"He loves us not: He wants the natural touch; for the poor wren, The most diminutive of birds, will fight, Her young ones",He,LADY MACDUFF,"LADY MACDUFF loves us not: LADY MACDUFF wants the natural touch; for the poor wren, The most diminutive of birds, will f",male,7
MACBETH,4,2,LADY MACDUFF,"He loves us not: He wants the natural touch; for the poor wren, The most diminutive of birds, will fight, Her young ones",Her,LADY MACDUFF,"LADY MACDUFF loves us not: LADY MACDUFF wants the natural touch; for the poor wren, The most diminutive of birds, will f",male,7
MACBETH,4,2,LADY MACDUFF,"He loves us not: He wants the natural touch; for the poor wren, The most diminutive of birds, will fight, Her young ones",her,LADY MACDUFF,"LADY MACDUFF loves us not: LADY MACDUFF wants the natural touch; for the poor wren, The most diminutive of birds, will f",male,7
MACBETH,4,2,ROSS,"My dearest coz, I pray you, school yourself: but, for your husband, He is noble, wise, judicious, and best knows The fit",He,ROSS,"My dearest coz, I pray you, school yourself: but, for your husband, ROSS is noble, wise, judicious, and best knows The f",male,7
MACBETH,4,2,ROSS,"Things at the worst will cease, or else climb upward To what they were before.—My pretty cousin, Blessing upon you!",they,ROSS,"Things at the worst will cease, or else climb upward To what ROSS were before.—My pretty cousin, Blessing upon you!",male,7
MACBETH,4,2,LADY MACDUFF,"Father'd he is, and yet he's fatherless.",he,LADY MACDUFF,"Father'd LADY MACDUFF is, and yet he's fatherless.",male,7
MACBETH,4,2,LADY MACDUFF,"Father'd he is, and yet he's fatherless.",he,LADY MACDUFF,"Father'd LADY MACDUFF is, and yet LADY MACDUFF's fatherless.",male,7
MACBETH,4,2,ROSS,"I am so much a fool, should I stay longer, It would be my disgrace and your discomfort: I take my leave at once.",It,ROSS,"I am so much a fool, should I stay longer, ROSS would be my disgrace and your discomfort: I take my leave at once.",male,7
MACBETH,4,2,SON,"With what I get, I mean; and so do they.",they,SON,"With what I get, I mean; and so do SON.",neutral,7
MACBETH,4,2,SON,they are not set for.,they,SON,SON are not set for.,neutral,7
MACBETH,4,2,LADY MACDUFF,"Yes, he is dead: how wilt thou do for a father?",he,LADY MACDUFF,"Yes, LADY MACDUFF is dead: how wilt thou do for a father?",male,7
MACBETH,4,2,LADY MACDUFF,"Ay, that he was.",he,LADY MACDUFF,"Ay, that LADY MACDUFF was.",male,7
MACBETH,4,2,SON,And must they all be hanged that swear and lie?,they,SON,And must SON all be hanged that swear and lie?,neutral,7
MACBETH,4,2,SON,Who must hang them?,them,SON,Who must hang SON?,neutral,7
MACBETH,4,2,SON,Then the liars and swearers are fools: for there are liars and swearers enow to beat the honest men and hang up them.,them,SON,Then the liars and swearers are fools: for there are liars and swearers enow to beat the honest men and hang up SON.,neutral,7
MACBETH,4,2,SON,"If he were dead, you'ld weep for him: if you would not, it were a good sign that I should quickly have a new father.",he,LADY MACDUFF,"If LADY MACDUFF were dead, you'ld weep for him: if you would not, it were a good sign that I should quickly have a new f",male,7
MACBETH,4,2,SON,"If he were dead, you'ld weep for him: if you would not, it were a good sign that I should quickly have a new father.",him,LADY MACDUFF,"If LADY MACDUFF were dead, you'ld weep for LADY MACDUFF: if you would not, it were a good sign that I should quickly hav",male,7
MACBETH,4,2,SON,"If he were dead, you'ld weep for him: if you would not, it were a good sign that I should quickly have a new father.",it,SON,"If LADY MACDUFF were dead, you'ld weep for LADY MACDUFF: if you would not, SON were a good sign that I should quickly ha",neutral,7
MACBETH,4,2,LADY MACDUFF,"I hope, in no place so unsanctified Where such as thou mayst find him.",him,LADY MACDUFF,"I hope, in no place so unsanctified Where such as thou mayst find LADY MACDUFF.",male,7
MACBETH,4,2,FIRST MURDERER,He's a traitor.,He,LADY MACDUFF,LADY MACDUFF's a traitor.,male,7
MACBETH,4,2,FIRST MURDERER,Stabbing him.,him,LADY MACDUFF,Stabbing LADY MACDUFF.,male,7
MACBETH,4,2,SON,"He has kill'd me, mother: Run away, I pray you!",He,LADY MACDUFF,"LADY MACDUFF has kill'd me, mother: Run away, I pray you!",male,7
MACBETH,4,3,MACDUFF,"Each new morn New widows howl, new orphans cry; new sorrows Strike heaven on the face, that it resounds As if it felt wi",it,MACDUFF,"Each new morn New widows howl, new orphans cry; new sorrows Strike heaven on the face, that MACDUFF resounds As if it fe",male,3
MACBETH,4,3,MACDUFF,"Each new morn New widows howl, new orphans cry; new sorrows Strike heaven on the face, that it resounds As if it felt wi",it,MACDUFF,"Each new morn New widows howl, new orphans cry; new sorrows Strike heaven on the face, that MACDUFF resounds As if MACDU",male,3
MACBETH,4,3,MALCOLM,"What you have spoke, it may be so, perchance.",it,MALCOLM,"What you have spoke, MALCOLM may be so, perchance.",male,6
MACBETH,4,3,MALCOLM,"This tyrant, whose sole name blisters our tongues, Was once thought honest: you have loved him well; He hath not touch'd",him,MALCOLM,"This tyrant, whose sole name blisters our tongues, Was once thought honest: you have loved MALCOLM well; He hath not tou",male,7
MACBETH,4,3,MALCOLM,"This tyrant, whose sole name blisters our tongues, Was once thought honest: you have loved him well; He hath not touch'd",He,MALCOLM,"This tyrant, whose sole name blisters our tongues, Was once thought honest: you have loved MALCOLM well; MALCOLM hath no",male,7
MACBETH,4,3,MALCOLM,"I am young; but something You may deserve of him through me; and wisdom To offer up a weak, poor, innocent lamb To appea",him,MALCOLM,"I am young; but something You may deserve of MALCOLM through me; and wisdom To offer up a weak, poor, innocent lamb To a",male,7
MACBETH,4,3,MALCOLM,"I think our country sinks beneath the yoke; It weeps, it bleeds; and each new day a gash Is added to her wounds.",It,MALCOLM,"I think our country sinks beneath the yoke; MALCOLM weeps, it bleeds; and each new day a gash Is added to her wounds.",male,7
MACBETH,4,3,MALCOLM,"I think our country sinks beneath the yoke; It weeps, it bleeds; and each new day a gash Is added to her wounds.",it,MALCOLM,"I think our country sinks beneath the yoke; MALCOLM weeps, MALCOLM bleeds; and each new day a gash Is added to her wound",male,7
MACBETH,4,3,MALCOLM,"I think our country sinks beneath the yoke; It weeps, it bleeds; and each new day a gash Is added to her wounds.",her,MALCOLM,"I think our country sinks beneath the yoke; MALCOLM weeps, MALCOLM bleeds; and each new day a gash Is added to MALCOLM w",male,7
MACBETH,4,3,MALCOLM,"I think, withal, There would be hands uplifted in my right; And here, from gracious England, have I offer Of goodly thou",it,MALCOLM,"I think, withal, There would be hands uplifted in my right; And here, from gracious England, have I offer Of goodly thou",male,7
MACBETH,4,3,MALCOLM,"I think, withal, There would be hands uplifted in my right; And here, from gracious England, have I offer Of goodly thou",it,MALCOLM,"I think, withal, There would be hands uplifted in my right; And here, from gracious England, have I offer Of goodly thou",male,7
MACBETH,4,3,MALCOLM,"I think, withal, There would be hands uplifted in my right; And here, from gracious England, have I offer Of goodly thou",him,MALCOLM,"I think, withal, There would be hands uplifted in my right; And here, from gracious England, have I offer Of goodly thou",male,7
MACBETH,4,3,MACDUFF,What should he be?,he,MACDUFF,What should MACDUFF be?,male,7
MACBETH,4,3,MALCOLM,"It is myself I mean; in whom I know All the particulars of vice so grafted That, when they shall be open'd, black Macbet",It,Macbeth,"Macbeth is myself I mean; in whom I know All the particulars of vice so grafted That, when they shall be open'd, black M",male,7
MACBETH,4,3,MALCOLM,"It is myself I mean; in whom I know All the particulars of vice so grafted That, when they shall be open'd, black Macbet",they,Macbeth,"Macbeth is myself I mean; in whom I know All the particulars of vice so grafted That, when Macbeth shall be open'd, blac",male,7
MACBETH,4,3,MALCOLM,"It is myself I mean; in whom I know All the particulars of vice so grafted That, when they shall be open'd, black Macbet",him,Macbeth,"Macbeth is myself I mean; in whom I know All the particulars of vice so grafted That, when Macbeth shall be open'd, blac",male,7
MACBETH,4,3,MALCOLM,"I grant him bloody, Luxurious, avaricious, false, deceitful, Sudden, malicious, smacking of every sin That has a name: b",him,Macbeth,"I grant Macbeth bloody, Luxurious, avaricious, false, deceitful, Sudden, malicious, smacking of every sin That has a nam",male,7
MACBETH,4,3,MACDUFF,"Boundless intemperance In nature is a tyranny; it hath been Th' untimely emptying of the happy throne, And fall of many ",it,MACDUFF,"Boundless intemperance In nature is a tyranny; MACDUFF hath been Th' untimely emptying of the happy throne, And fall of ",male,7
MACBETH,4,3,MACDUFF,"We have willing dames enough; there cannot be That vulture in you, to devour so many As will to greatness dedicate thems",themselves,MACDUFF,"We have willing dames enough; there cannot be That vulture in you, to devour so many As will to greatness dedicate MACDU",male,7
MACBETH,4,3,MACDUFF,"We have willing dames enough; there cannot be That vulture in you, to devour so many As will to greatness dedicate thems",it,MACDUFF,"We have willing dames enough; there cannot be That vulture in you, to devour so many As will to greatness dedicate MACDU",male,7
MACBETH,4,3,MALCOLM,"With this there grows In my most ill-compos'd affection such A staunchless avarice, that, were I king, I should cut off ",their,MALCOLM,"With this there grows In my most ill-compos'd affection such A staunchless avarice, that, were I king, I should cut off ",male,7
MACBETH,4,3,MALCOLM,"With this there grows In my most ill-compos'd affection such A staunchless avarice, that, were I king, I should cut off ",his,MALCOLM,"With this there grows In my most ill-compos'd affection such A staunchless avarice, that, were I king, I should cut off ",male,7
MACBETH,4,3,MALCOLM,And my more-having would be as a sauce To make me hunger more; that I should forge Quarrels unjust against the good and ,them,MALCOLM,And my more-having would be as a sauce To make me hunger more; that I should forge Quarrels unjust against the good and ,male,7
MACBETH,4,3,MACDUFF,This avarice Sticks deeper; grows with more pernicious root Than summer-seeming lust; and it hath been The sword of our ,it,MACDUFF,This avarice Sticks deeper; grows with more pernicious root Than summer-seeming lust; and MACDUFF hath been The sword of,male,7
MACBETH,4,3,MALCOLM,"But I have none: the king-becoming graces, As justice, verity, temp'rance, stableness, Bounty, perseverance, mercy, lowl",them,MALCOLM,"But I have none: the king-becoming graces, As justice, verity, temp'rance, stableness, Bounty, perseverance, mercy, lowl",male,7
MACBETH,4,3,MALCOLM,"But I have none: the king-becoming graces, As justice, verity, temp'rance, stableness, Bounty, perseverance, mercy, lowl",it,MALCOLM,"But I have none: the king-becoming graces, As justice, verity, temp'rance, stableness, Bounty, perseverance, mercy, lowl",male,7
MACBETH,4,3,MACDUFF,"No, not to live.—O nation miserable, With an untitled tyrant bloody-scepter'd, When shalt thou see thy wholesome days ag",his,MACDUFF,"No, not to live.—O nation miserable, With an untitled tyrant bloody-scepter'd, When shalt thou see thy wholesome days ag",male,7
MACBETH,4,3,MACDUFF,"No, not to live.—O nation miserable, With an untitled tyrant bloody-scepter'd, When shalt thou see thy wholesome days ag",his,MACDUFF,"No, not to live.—O nation miserable, With an untitled tyrant bloody-scepter'd, When shalt thou see thy wholesome days ag",male,7
MACBETH,4,3,MACDUFF,"The queen that bore thee, Oft'ner upon her knees than on her feet, Died every day she lived.",her,MACDUFF,"The queen that bore thee, Oft'ner upon MACDUFF knees than on her feet, Died every day she lived.",male,7
MACBETH,4,3,MACDUFF,"The queen that bore thee, Oft'ner upon her knees than on her feet, Died every day she lived.",her,MACDUFF,"The queen that bore thee, Oft'ner upon MACDUFF knees than on MACDUFF feet, Died every day she lived.",male,7
MACBETH,4,3,MACDUFF,"The queen that bore thee, Oft'ner upon her knees than on her feet, Died every day she lived.",she,MACDUFF,"The queen that bore thee, Oft'ner upon MACDUFF knees than on MACDUFF feet, Died every day MACDUFF lived.",male,7
MACBETH,4,3,MALCOLM,"By many of these trains hath sought to win me Into his power, and modest wisdom plucks me From over-credulous haste: but",his,MALCOLM,"By many of these trains hath sought to win me Into MALCOLM power, and modest wisdom plucks me From over-credulous haste:",male,7
MACBETH,4,3,MALCOLM,I am yet Unknown to woman; never was forsworn; Scarcely have coveted what was mine own; At no time broke my faith; would,his,MALCOLM,I am yet Unknown to woman; never was forsworn; Scarcely have coveted what was mine own; At no time broke my faith; would,male,7
MACBETH,4,3,DOCTOR,"There are a crew of wretched souls That stay his cure: their malady convinces The great assay of art; but at his touch, ",his,MALCOLM,There are a crew of wretched souls That stay MALCOLM cure: their malady convinces The great assay of art; but at his tou,male,7
MACBETH,4,3,DOCTOR,"There are a crew of wretched souls That stay his cure: their malady convinces The great assay of art; but at his touch, ",their,DOCTOR,There are a crew of wretched souls That stay MALCOLM cure: DOCTOR malady convinces The great assay of art; but at his to,neutral,7
MACBETH,4,3,DOCTOR,"There are a crew of wretched souls That stay his cure: their malady convinces The great assay of art; but at his touch, ",his,MALCOLM,There are a crew of wretched souls That stay MALCOLM cure: DOCTOR malady convinces The great assay of art; but at MALCOL,male,7
MACBETH,4,3,DOCTOR,"There are a crew of wretched souls That stay his cure: their malady convinces The great assay of art; but at his touch, ",his,MALCOLM,There are a crew of wretched souls That stay MALCOLM cure: DOCTOR malady convinces The great assay of art; but at MALCOL,male,7
MACBETH,4,3,DOCTOR,"There are a crew of wretched souls That stay his cure: their malady convinces The great assay of art; but at his touch, ",They,DOCTOR,There are a crew of wretched souls That stay MALCOLM cure: DOCTOR malady convinces The great assay of art; but at MALCOL,neutral,7
MACBETH,4,3,MACDUFF,What's the disease he means?,he,MACDUFF,What's the disease MACDUFF means?,male,7
MACBETH,4,3,MALCOLM,"'Tis call'd the evil: A most miraculous work in this good king; Which often, since my here-remain in England, I have see",him,MALCOLM,"'Tis call'd the evil: A most miraculous work in this good king; Which often, since my here-remain in England, I have see",male,7
MACBETH,4,3,MALCOLM,"How he solicits heaven, Himself best knows, but strangely-visited people, All swoln and ulcerous, pitiful to the eye, Th",he,MALCOLM,"How MALCOLM solicits heaven, Himself best knows, but strangely-visited people, All swoln and ulcerous, pitiful to the ey",male,7
MACBETH,4,3,MALCOLM,"How he solicits heaven, Himself best knows, but strangely-visited people, All swoln and ulcerous, pitiful to the eye, Th",he,MALCOLM,"How MALCOLM solicits heaven, Himself best knows, but strangely-visited people, All swoln and ulcerous, pitiful to the ey",male,7
MACBETH,4,3,MALCOLM,"How he solicits heaven, Himself best knows, but strangely-visited people, All swoln and ulcerous, pitiful to the eye, Th",their,MALCOLM,"How MALCOLM solicits heaven, Himself best knows, but strangely-visited people, All swoln and ulcerous, pitiful to the ey",male,7
MACBETH,4,3,MALCOLM,"How he solicits heaven, Himself best knows, but strangely-visited people, All swoln and ulcerous, pitiful to the eye, Th",he,MALCOLM,"How MALCOLM solicits heaven, Himself best knows, but strangely-visited people, All swoln and ulcerous, pitiful to the ey",male,7
MACBETH,4,3,MALCOLM,"With this strange virtue, He hath a heavenly gift of prophecy; And sundry blessings hang about his throne, That speak hi",He,MALCOLM,"With this strange virtue, MALCOLM hath a heavenly gift of prophecy; And sundry blessings hang about his throne, That spe",male,7
MACBETH,4,3,MALCOLM,"With this strange virtue, He hath a heavenly gift of prophecy; And sundry blessings hang about his throne, That speak hi",his,MALCOLM,"With this strange virtue, MALCOLM hath a heavenly gift of prophecy; And sundry blessings hang about MALCOLM throne, That",male,7
MACBETH,4,3,MALCOLM,"With this strange virtue, He hath a heavenly gift of prophecy; And sundry blessings hang about his throne, That speak hi",him,MALCOLM,"With this strange virtue, MALCOLM hath a heavenly gift of prophecy; And sundry blessings hang about MALCOLM throne, That",male,7
MACBETH,4,3,MALCOLM,My countryman; but yet I know him not.,him,MALCOLM,My countryman; but yet I know MALCOLM not.,male,7
MACBETH,4,3,MALCOLM,I know him now.,him,MALCOLM,I know MALCOLM now.,male,7
MACBETH,4,3,MACDUFF,Stands Scotland where it did?,it,MACDUFF,Stands Scotland where MACDUFF did?,male,7
MACBETH,4,3,ROSS,"It cannot Be call'd our mother, but our grave, where nothing, But who knows nothing, is once seen to smile; Where sighs,",It,ROSS,"ROSS cannot Be call'd our mother, but our grave, where nothing, But who knows nothing, is once seen to smile; Where sigh",male,7
MACBETH,4,3,ROSS,"The dead man's knell Is there scarce ask'd for who; and good men's lives Expire before the flowers in their caps, Dying ",their,knell,"The dead man's knell Is there scarce ask'd for who; and good men's lives Expire before the flowers in knell caps, Dying ",neutral,7
MACBETH,4,3,ROSS,"The dead man's knell Is there scarce ask'd for who; and good men's lives Expire before the flowers in their caps, Dying ",they,knell,"The dead man's knell Is there scarce ask'd for who; and good men's lives Expire before the flowers in knell caps, Dying ",neutral,7
MACBETH,4,3,MACDUFF,The tyrant has not batter'd at their peace?,their,MACDUFF,The tyrant has not batter'd at MACDUFF peace?,male,7
MACBETH,4,3,ROSS,No; they were well at peace when I did leave 'em.,they,ROSS,No; ROSS were well at peace when I did leave 'em.,male,7
MACBETH,4,3,ROSS,"Your eye in Scotland Would create soldiers, make our women fight, To doff their dire distresses.",their,ROSS,"Your eye in Scotland Would create soldiers, make our women fight, To doff ROSS dire distresses.",male,7
MACBETH,4,3,MALCOLM,Be't their comfort We are coming thither.,their,MALCOLM,Be't MALCOLM comfort We are coming thither.,male,7
MACBETH,4,3,ROSS,"But I have words That would be howl'd out in the desert air, Where hearing should not latch them.",them,ROSS,"But I have words That would be howl'd out in the desert air, Where hearing should not latch ROSS.",male,7
MACBETH,4,3,MACDUFF,What concern they?,they,MACDUFF,What concern MACDUFF?,male,7
MACBETH,4,3,MACDUFF,or is it a fee-grief Due to some single breast?,it,MACDUFF,or is MACDUFF a fee-grief Due to some single breast?,male,7
MACBETH,4,3,ROSS,"No mind that's honest But in it shares some woe, though the main part Pertains to you alone.",it,ROSS,"No mind that's honest But in ROSS shares some woe, though the main part Pertains to you alone.",male,7
MACBETH,4,3,MACDUFF,"If it be mine, Keep it not from me, quickly let me have it.",it,MACDUFF,"If MACDUFF be mine, Keep it not from me, quickly let me have it.",male,7
MACBETH,4,3,MACDUFF,"If it be mine, Keep it not from me, quickly let me have it.",it,MACDUFF,"If MACDUFF be mine, Keep MACDUFF not from me, quickly let me have it.",male,7
MACBETH,4,3,MACDUFF,"If it be mine, Keep it not from me, quickly let me have it.",it,MACDUFF,"If MACDUFF be mine, Keep MACDUFF not from me, quickly let me have MACDUFF.",male,7
MACBETH,4,3,ROSS,"Let not your ears despise my tongue for ever, Which shall possess them with the heaviest sound That ever yet they heard.",them,ROSS,"Let not your ears despise my tongue for ever, Which shall possess ROSS with the heaviest sound That ever yet they heard.",male,7
MACBETH,4,3,ROSS,"Let not your ears despise my tongue for ever, Which shall possess them with the heaviest sound That ever yet they heard.",they,ROSS,"Let not your ears despise my tongue for ever, Which shall possess ROSS with the heaviest sound That ever yet ROSS heard.",male,7
MACBETH,4,3,MACDUFF,I guess at it.,it,MACDUFF,I guess at MACDUFF.,male,7
MACBETH,4,3,MALCOLM,"The grief that does not speak Whispers the o'er-fraught heart, and bids it break.",it,MALCOLM,"The grief that does not speak Whispers the o'er-fraught heart, and bids MALCOLM break.",male,7
MACBETH,4,3,MACDUFF,He has no children.—All my pretty ones?,He,MACDUFF,MACDUFF has no children.—All my pretty ones?,male,7
MACBETH,4,3,MACDUFF,"What, all my pretty chickens and their dam At one fell swoop?",their,MACDUFF,"What, all my pretty chickens and MACDUFF dam At one fell swoop?",male,7
MACBETH,4,3,MALCOLM,Dispute it like a man.,it,MALCOLM,Dispute MALCOLM like a man.,male,7
MACBETH,4,3,MACDUFF,"But I must also feel it as a man: I cannot but remember such things were, That were most precious to me.—Did heaven look",it,MACDUFF,"But I must also feel MACDUFF as a man: I cannot but remember such things were, That were most precious to me.—Did heaven",male,7
MACBETH,4,3,MACDUFF,"But I must also feel it as a man: I cannot but remember such things were, That were most precious to me.—Did heaven look",their,MACDUFF,"But I must also feel MACDUFF as a man: I cannot but remember such things were, That were most precious to me.—Did heaven",male,7
MACBETH,4,3,MACDUFF,"Sinful Macduff, They were all struck for thee!",They,Macduff,"Sinful Macduff, Macduff were all struck for thee!",male,7
MACBETH,4,3,MACDUFF,"Naught that I am, Not for their own demerits, but for mine, Fell slaughter on their souls: heaven rest them now!",their,MACDUFF,"Naught that I am, Not for MACDUFF own demerits, but for mine, Fell slaughter on their souls: heaven rest them now!",male,7
MACBETH,4,3,MACDUFF,"Naught that I am, Not for their own demerits, but for mine, Fell slaughter on their souls: heaven rest them now!",their,MACDUFF,"Naught that I am, Not for MACDUFF own demerits, but for mine, Fell slaughter on MACDUFF souls: heaven rest them now!",male,7
MACBETH,4,3,MACDUFF,"Naught that I am, Not for their own demerits, but for mine, Fell slaughter on their souls: heaven rest them now!",them,MACDUFF,"Naught that I am, Not for MACDUFF own demerits, but for mine, Fell slaughter on MACDUFF souls: heaven rest MACDUFF now!",male,7
MACBETH,4,3,MALCOLM,"Let grief Convert to anger; blunt not the heart, enrage it.",it,MALCOLM,"Let grief Convert to anger; blunt not the heart, enrage MALCOLM.",male,7
MACBETH,4,3,MACDUFF,"O, I could play the woman with mine eyes, And braggart with my tongue!—But, gentle heavens, Cut short all intermission; ",him,MACDUFF,"O, I could play the woman with mine eyes, And braggart with my tongue!—But, gentle heavens, Cut short all intermission; ",male,7
MACBETH,4,3,MACDUFF,"O, I could play the woman with mine eyes, And braggart with my tongue!—But, gentle heavens, Cut short all intermission; ",he,MACDUFF,"O, I could play the woman with mine eyes, And braggart with my tongue!—But, gentle heavens, Cut short all intermission; ",male,7
MACBETH,4,3,MACDUFF,"O, I could play the woman with mine eyes, And braggart with my tongue!—But, gentle heavens, Cut short all intermission; ",him,MACDUFF,"O, I could play the woman with mine eyes, And braggart with my tongue!—But, gentle heavens, Cut short all intermission; ",male,7
MACBETH,4,3,MALCOLM,"Macbeth Is ripe for shaking, and the powers above Put on their instruments.",their,Macbeth,"Macbeth Is ripe for shaking, and the powers above Put on Macbeth instruments.",male,7
MACBETH,5,1,DOCTOR,When was it she last walked?,it,DOCTOR,When was DOCTOR she last walked?,neutral,2
MACBETH,5,1,DOCTOR,When was it she last walked?,she,DOCTOR,When was DOCTOR DOCTOR last walked?,neutral,2
MACBETH,5,1,GENTLEWOMAN,"Since his Majesty went into the field, I have seen her rise from her bed, throw her nightgown upon her, unlock her close",his,GENTLEWOMAN,"Since GENTLEWOMAN Majesty went into the field, I have seen her rise from her bed, throw her nightgown upon her, unlock h",neutral,3
MACBETH,5,1,GENTLEWOMAN,"Since his Majesty went into the field, I have seen her rise from her bed, throw her nightgown upon her, unlock her close",her,GENTLEWOMAN,"Since GENTLEWOMAN Majesty went into the field, I have seen GENTLEWOMAN rise from her bed, throw her nightgown upon her, ",neutral,3
MACBETH,5,1,GENTLEWOMAN,"Since his Majesty went into the field, I have seen her rise from her bed, throw her nightgown upon her, unlock her close",her,GENTLEWOMAN,"Since GENTLEWOMAN Majesty went into the field, I have seen GENTLEWOMAN rise from GENTLEWOMAN bed, throw her nightgown up",neutral,3
MACBETH,5,1,GENTLEWOMAN,"Since his Majesty went into the field, I have seen her rise from her bed, throw her nightgown upon her, unlock her close",her,GENTLEWOMAN,"Since GENTLEWOMAN Majesty went into the field, I have seen GENTLEWOMAN rise from GENTLEWOMAN bed, throw GENTLEWOMAN nigh",neutral,3
MACBETH,5,1,GENTLEWOMAN,"Since his Majesty went into the field, I have seen her rise from her bed, throw her nightgown upon her, unlock her close",her,GENTLEWOMAN,"Since GENTLEWOMAN Majesty went into the field, I have seen GENTLEWOMAN rise from GENTLEWOMAN bed, throw GENTLEWOMAN nigh",neutral,3
MACBETH,5,1,GENTLEWOMAN,"Since his Majesty went into the field, I have seen her rise from her bed, throw her nightgown upon her, unlock her close",her,GENTLEWOMAN,"Since GENTLEWOMAN Majesty went into the field, I have seen GENTLEWOMAN rise from GENTLEWOMAN bed, throw GENTLEWOMAN nigh",neutral,3
MACBETH,5,1,GENTLEWOMAN,"Since his Majesty went into the field, I have seen her rise from her bed, throw her nightgown upon her, unlock her close",it,GENTLEWOMAN,"Since GENTLEWOMAN Majesty went into the field, I have seen GENTLEWOMAN rise from GENTLEWOMAN bed, throw GENTLEWOMAN nigh",neutral,3
MACBETH,5,1,GENTLEWOMAN,"Since his Majesty went into the field, I have seen her rise from her bed, throw her nightgown upon her, unlock her close",it,GENTLEWOMAN,"Since GENTLEWOMAN Majesty went into the field, I have seen GENTLEWOMAN rise from GENTLEWOMAN bed, throw GENTLEWOMAN nigh",neutral,3
MACBETH,5,1,GENTLEWOMAN,"Since his Majesty went into the field, I have seen her rise from her bed, throw her nightgown upon her, unlock her close",it,GENTLEWOMAN,"Since GENTLEWOMAN Majesty went into the field, I have seen GENTLEWOMAN rise from GENTLEWOMAN bed, throw GENTLEWOMAN nigh",neutral,3
MACBETH,5,1,DOCTOR,"In this slumbery agitation, besides her walking and other actual performances, what, at any time, have you heard her say",her,DOCTOR,"In this slumbery agitation, besides DOCTOR walking and other actual performances, what, at any time, have you heard her ",neutral,5
MACBETH,5,1,DOCTOR,"In this slumbery agitation, besides her walking and other actual performances, what, at any time, have you heard her say",her,DOCTOR,"In this slumbery agitation, besides DOCTOR walking and other actual performances, what, at any time, have you heard DOCT",neutral,5
MACBETH,5,1,GENTLEWOMAN,"That, sir, which I will not report after her.",her,GENTLEWOMAN,"That, sir, which I will not report after GENTLEWOMAN.",neutral,6
MACBETH,5,1,GENTLEWOMAN,"Lo you, here she comes!",she,GENTLEWOMAN,"Lo you, here GENTLEWOMAN comes!",neutral,7
MACBETH,5,1,GENTLEWOMAN,"This is her very guise; and, upon my life, fast asleep.",her,GENTLEWOMAN,"This is GENTLEWOMAN very guise; and, upon my life, fast asleep.",neutral,7
MACBETH,5,1,GENTLEWOMAN,Observe her; stand close.,her,GENTLEWOMAN,Observe GENTLEWOMAN; stand close.,neutral,7
MACBETH,5,1,DOCTOR,How came she by that light?,she,DOCTOR,How came DOCTOR by that light?,neutral,7
MACBETH,5,1,GENTLEWOMAN,"Why, it stood by her: she has light by her continually; 'tis her command.",it,GENTLEWOMAN,"Why, GENTLEWOMAN stood by her: she has light by her continually; 'tis her command.",neutral,7
MACBETH,5,1,GENTLEWOMAN,"Why, it stood by her: she has light by her continually; 'tis her command.",her,GENTLEWOMAN,"Why, GENTLEWOMAN stood by GENTLEWOMAN: she has light by her continually; 'tis her command.",neutral,7
MACBETH,5,1,GENTLEWOMAN,"Why, it stood by her: she has light by her continually; 'tis her command.",she,GENTLEWOMAN,"Why, GENTLEWOMAN stood by GENTLEWOMAN: GENTLEWOMAN has light by her continually; 'tis her command.",neutral,7
MACBETH,5,1,GENTLEWOMAN,"Why, it stood by her: she has light by her continually; 'tis her command.",her,GENTLEWOMAN,"Why, GENTLEWOMAN stood by GENTLEWOMAN: GENTLEWOMAN has light by GENTLEWOMAN continually; 'tis her command.",neutral,7
MACBETH,5,1,GENTLEWOMAN,"Why, it stood by her: she has light by her continually; 'tis her command.",her,GENTLEWOMAN,"Why, GENTLEWOMAN stood by GENTLEWOMAN: GENTLEWOMAN has light by GENTLEWOMAN continually; 'tis GENTLEWOMAN command.",neutral,7
MACBETH,5,1,DOCTOR,"You see, her eyes are open.",her,DOCTOR,"You see, DOCTOR eyes are open.",neutral,7
MACBETH,5,1,GENTLEWOMAN,"Ay, but their sense are shut.",their,GENTLEWOMAN,"Ay, but GENTLEWOMAN sense are shut.",neutral,7
MACBETH,5,1,DOCTOR,What is it she does now?,it,DOCTOR,What is DOCTOR she does now?,neutral,7
MACBETH,5,1,DOCTOR,What is it she does now?,she,DOCTOR,What is DOCTOR DOCTOR does now?,neutral,7
MACBETH,5,1,DOCTOR,Look how she rubs her hands.,she,DOCTOR,Look how DOCTOR rubs her hands.,neutral,7
MACBETH,5,1,DOCTOR,Look how she rubs her hands.,her,DOCTOR,Look how DOCTOR rubs DOCTOR hands.,neutral,7
MACBETH,5,1,GENTLEWOMAN,"It is an accustomed action with her, to seem thus washing her hands.",It,GENTLEWOMAN,"GENTLEWOMAN is an accustomed action with her, to seem thus washing her hands.",neutral,7
MACBETH,5,1,GENTLEWOMAN,"It is an accustomed action with her, to seem thus washing her hands.",her,GENTLEWOMAN,"GENTLEWOMAN is an accustomed action with GENTLEWOMAN, to seem thus washing her hands.",neutral,7
MACBETH,5,1,GENTLEWOMAN,"It is an accustomed action with her, to seem thus washing her hands.",her,GENTLEWOMAN,"GENTLEWOMAN is an accustomed action with GENTLEWOMAN, to seem thus washing GENTLEWOMAN hands.",neutral,7
MACBETH,5,1,GENTLEWOMAN,I have known her continue in this a quarter of an hour.,her,GENTLEWOMAN,I have known GENTLEWOMAN continue in this a quarter of an hour.,neutral,7
MACBETH,5,1,DOCTOR,"Hark, she speaks.",she,DOCTOR,"Hark, DOCTOR speaks.",neutral,7
MACBETH,5,1,DOCTOR,"I will set down what comes from her, to satisfy my remembrance the more strongly.",her,DOCTOR,"I will set down what comes from DOCTOR, to satisfy my remembrance the more strongly.",neutral,7
MACBETH,5,1,LADY MACBETH,"What need we fear who knows it, when none can call our power to account?",it,LADY MACBETH,"What need we fear who knows LADY MACBETH, when none can call our power to account?",male,7
MACBETH,5,1,LADY MACBETH,Yet who would have thought the old man to have had so much blood in him?,him,LADY MACBETH,Yet who would have thought the old man to have had so much blood in LADY MACBETH?,male,7
MACBETH,5,1,LADY MACBETH,"Where is she now?—What, will these hands ne'er be clean?",she,LADY MACBETH,"Where is LADY MACBETH now?—What, will these hands ne'er be clean?",male,7
MACBETH,5,1,GENTLEWOMAN,"She has spoke what she should not, I am sure of that: heaven knows what she has known.",She,GENTLEWOMAN,"GENTLEWOMAN has spoke what she should not, I am sure of that: heaven knows what she has known.",neutral,7
MACBETH,5,1,GENTLEWOMAN,"She has spoke what she should not, I am sure of that: heaven knows what she has known.",she,GENTLEWOMAN,"GENTLEWOMAN has spoke what GENTLEWOMAN should not, I am sure of that: heaven knows what she has known.",neutral,7
MACBETH,5,1,GENTLEWOMAN,"She has spoke what she should not, I am sure of that: heaven knows what she has known.",she,GENTLEWOMAN,"GENTLEWOMAN has spoke what GENTLEWOMAN should not, I am sure of that: heaven knows what GENTLEWOMAN has known.",neutral,7
MACBETH,5,1,GENTLEWOMAN,"Pray God it be, sir.",it,GENTLEWOMAN,"Pray God GENTLEWOMAN be, sir.",neutral,7
MACBETH,5,1,DOCTOR,"This disease is beyond my practice: yet I have known those which have walked in their sleep, who have died holily in the",their,DOCTOR,"This disease is beyond my practice: yet I have known those which have walked in DOCTOR sleep, who have died holily in th",neutral,7
MACBETH,5,1,DOCTOR,"This disease is beyond my practice: yet I have known those which have walked in their sleep, who have died holily in the",their,DOCTOR,"This disease is beyond my practice: yet I have known those which have walked in DOCTOR sleep, who have died holily in DO",neutral,7
MACBETH,5,1,LADY MACBETH,"I tell you yet again, Banquo's buried; he cannot come out on's grave.",he,Banquo,"I tell you yet again, Banquo's buried; Banquo cannot come out on's grave.",male,7
MACBETH,5,1,DOCTOR,Will she go now to bed?,she,DOCTOR,Will DOCTOR go now to bed?,neutral,7
MACBETH,5,1,DOCTOR,Unnatural deeds Do breed unnatural troubles: infected minds To their deaf pillows will discharge their secrets.,their,DOCTOR,Unnatural deeds Do breed unnatural troubles: infected minds To DOCTOR deaf pillows will discharge their secrets.,neutral,7
MACBETH,5,1,DOCTOR,Unnatural deeds Do breed unnatural troubles: infected minds To their deaf pillows will discharge their secrets.,their,DOCTOR,Unnatural deeds Do breed unnatural troubles: infected minds To DOCTOR deaf pillows will discharge DOCTOR secrets.,neutral,7
MACBETH,5,1,DOCTOR,More needs she the divine than the physician.—,she,DOCTOR,More needs DOCTOR the divine than the physician.—,neutral,7
MACBETH,5,1,DOCTOR,"Look after her; Remove from her the means of all annoyance, And still keep eyes upon her.",her,DOCTOR,"Look after DOCTOR; Remove from her the means of all annoyance, And still keep eyes upon her.",neutral,7
MACBETH,5,1,DOCTOR,"Look after her; Remove from her the means of all annoyance, And still keep eyes upon her.",her,DOCTOR,"Look after DOCTOR; Remove from DOCTOR the means of all annoyance, And still keep eyes upon her.",neutral,7
MACBETH,5,1,DOCTOR,"Look after her; Remove from her the means of all annoyance, And still keep eyes upon her.",her,DOCTOR,"Look after DOCTOR; Remove from DOCTOR the means of all annoyance, And still keep eyes upon DOCTOR.",neutral,7
MACBETH,5,1,DOCTOR,"My mind she has mated, and amaz'd my sight.",she,DOCTOR,"My mind DOCTOR has mated, and amaz'd my sight.",neutral,7
MACBETH,5,2,MENTEITH,"The English power is near, led on by Malcolm, His uncle Siward, and the good Macduff.",His,Macduff,"The English power is near, led on by Malcolm, Macduff uncle Siward, and the good Macduff.",male,4
MACBETH,5,2,MENTEITH,Revenges burn in them; for their dear causes Would to the bleeding and the grim alarm Excite the mortified man.,them,Revenges,Revenges burn in Revenges; for their dear causes Would to the bleeding and the grim alarm Excite the mortified man.,neutral,6
MACBETH,5,2,MENTEITH,Revenges burn in them; for their dear causes Would to the bleeding and the grim alarm Excite the mortified man.,their,Revenges,Revenges burn in Revenges; for Revenges dear causes Would to the bleeding and the grim alarm Excite the mortified man.,neutral,6
MACBETH,5,2,ANGUS,Near Birnam wood Shall we well meet them.,them,ANGUS,Near Birnam wood Shall we well meet ANGUS.,male,7
MACBETH,5,2,ANGUS,That way are they coming.,they,ANGUS,That way are ANGUS coming.,male,7
MACBETH,5,2,CAITHNESS,Who knows if Donalbain be with his brother?,his,Donalbain,Who knows if Donalbain be with Donalbain brother?,male,7
MACBETH,5,2,LENNOX,"For certain, sir, he is not.",he,LENNOX,"For certain, sir, LENNOX is not.",male,7
MACBETH,5,2,LENNOX,"I have a file Of all the gentry: there is Siward's son And many unrough youths, that even now Protest their first of man",their,Siward,"I have a file Of all the gentry: there is Siward's son And many unrough youths, that even now Protest Siward first of ma",male,7
MACBETH,5,2,CAITHNESS,Great Dunsinane he strongly fortifies.,he,CAITHNESS,Great Dunsinane CAITHNESS strongly fortifies.,male,7
MACBETH,5,2,CAITHNESS,"Some say he's mad; others, that lesser hate him, Do call it valiant fury: but, for certain, He cannot buckle his distemp",he,CAITHNESS,"Some say CAITHNESS's mad; others, that lesser hate him, Do call it valiant fury: but, for certain, He cannot buckle his ",male,7
MACBETH,5,2,CAITHNESS,"Some say he's mad; others, that lesser hate him, Do call it valiant fury: but, for certain, He cannot buckle his distemp",him,CAITHNESS,"Some say CAITHNESS's mad; others, that lesser hate CAITHNESS, Do call it valiant fury: but, for certain, He cannot buckl",male,7
MACBETH,5,2,CAITHNESS,"Some say he's mad; others, that lesser hate him, Do call it valiant fury: but, for certain, He cannot buckle his distemp",it,CAITHNESS,"Some say CAITHNESS's mad; others, that lesser hate CAITHNESS, Do call CAITHNESS valiant fury: but, for certain, He canno",male,7
MACBETH,5,2,CAITHNESS,"Some say he's mad; others, that lesser hate him, Do call it valiant fury: but, for certain, He cannot buckle his distemp",He,CAITHNESS,"Some say CAITHNESS's mad; others, that lesser hate CAITHNESS, Do call CAITHNESS valiant fury: but, for certain, CAITHNES",male,7
MACBETH,5,2,CAITHNESS,"Some say he's mad; others, that lesser hate him, Do call it valiant fury: but, for certain, He cannot buckle his distemp",his,CAITHNESS,"Some say CAITHNESS's mad; others, that lesser hate CAITHNESS, Do call CAITHNESS valiant fury: but, for certain, CAITHNES",male,7
MACBETH,5,2,ANGUS,Now does he feel His secret murders sticking on his hands; Now minutely revolts upbraid his faith-breach; Those he comma,he,ANGUS,Now does ANGUS feel His secret murders sticking on his hands; Now minutely revolts upbraid his faith-breach; Those he co,male,7
MACBETH,5,2,ANGUS,Now does he feel His secret murders sticking on his hands; Now minutely revolts upbraid his faith-breach; Those he comma,His,ANGUS,Now does ANGUS feel ANGUS secret murders sticking on his hands; Now minutely revolts upbraid his faith-breach; Those he ,male,7
MACBETH,5,2,ANGUS,Now does he feel His secret murders sticking on his hands; Now minutely revolts upbraid his faith-breach; Those he comma,his,ANGUS,Now does ANGUS feel ANGUS secret murders sticking on ANGUS hands; Now minutely revolts upbraid his faith-breach; Those h,male,7
MACBETH,5,2,ANGUS,Now does he feel His secret murders sticking on his hands; Now minutely revolts upbraid his faith-breach; Those he comma,his,ANGUS,Now does ANGUS feel ANGUS secret murders sticking on ANGUS hands; Now minutely revolts upbraid ANGUS faith-breach; Those,male,7
MACBETH,5,2,ANGUS,Now does he feel His secret murders sticking on his hands; Now minutely revolts upbraid his faith-breach; Those he comma,he,ANGUS,Now does ANGUS feel ANGUS secret murders sticking on ANGUS hands; Now minutely revolts upbraid ANGUS faith-breach; Those,male,7
MACBETH,5,2,ANGUS,Now does he feel His secret murders sticking on his hands; Now minutely revolts upbraid his faith-breach; Those he comma,he,ANGUS,Now does ANGUS feel ANGUS secret murders sticking on ANGUS hands; Now minutely revolts upbraid ANGUS faith-breach; Those,male,7
MACBETH,5,2,ANGUS,Now does he feel His secret murders sticking on his hands; Now minutely revolts upbraid his faith-breach; Those he comma,his,ANGUS,Now does ANGUS feel ANGUS secret murders sticking on ANGUS hands; Now minutely revolts upbraid ANGUS faith-breach; Those,male,7
MACBETH,5,2,ANGUS,Now does he feel His secret murders sticking on his hands; Now minutely revolts upbraid his faith-breach; Those he comma,him,ANGUS,Now does ANGUS feel ANGUS secret murders sticking on ANGUS hands; Now minutely revolts upbraid ANGUS faith-breach; Those,male,7
MACBETH,5,2,MENTEITH,"Who, then, shall blame His pester'd senses to recoil and start, When all that is within him does condemn Itself for bein",His,MENTEITH,"Who, then, shall blame MENTEITH pester'd senses to recoil and start, When all that is within him does condemn Itself for",male,7
MACBETH,5,2,MENTEITH,"Who, then, shall blame His pester'd senses to recoil and start, When all that is within him does condemn Itself for bein",him,MENTEITH,"Who, then, shall blame MENTEITH pester'd senses to recoil and start, When all that is within MENTEITH does condemn Itsel",male,7
MACBETH,5,2,CAITHNESS,"Well, march we on, To give obedience where 'tis truly ow'd: Meet we the med'cine of the sickly weal; And with him pour w",him,CAITHNESS,"Well, march we on, To give obedience where 'tis truly ow'd: Meet we the med'cine of the sickly weal; And with CAITHNESS ",male,7
MACBETH,5,2,LENNOX,"Or so much as it needs To dew the sovereign flower, and drown the weeds.",it,LENNOX,"Or so much as LENNOX needs To dew the sovereign flower, and drown the weeds.",male,7
MACBETH,5,3,MACBETH,Bring me no more reports; let them fly all: Till Birnam wood remove to Dunsinane I cannot taint with fear.,them,MACBETH,Bring me no more reports; let MACBETH fly all: Till Birnam wood remove to Dunsinane I cannot taint with fear.,male,1
MACBETH,5,3,MACBETH,Was he not born of woman?,he,MACBETH,Was MACBETH not born of woman?,male,4
MACBETH,5,3,MACBETH,"I have liv'd long enough: my way of life Is fall'n into the sere, the yellow leaf; And that which should accompany old a",their,MACBETH,"I have liv'd long enough: my way of life Is fall'n into the sere, the yellow leaf; And that which should accompany old a",male,7
MACBETH,5,3,MACBETH,I'll put it on.,it,MACBETH,I'll put MACBETH on.,male,7
MACBETH,5,3,DOCTOR,"Not so sick, my lord, As she is troubled with thick-coming fancies, That keep her from her rest.",she,DOCTOR,"Not so sick, my lord, As DOCTOR is troubled with thick-coming fancies, That keep her from her rest.",neutral,7
MACBETH,5,3,DOCTOR,"Not so sick, my lord, As she is troubled with thick-coming fancies, That keep her from her rest.",her,DOCTOR,"Not so sick, my lord, As DOCTOR is troubled with thick-coming fancies, That keep DOCTOR from her rest.",neutral,7
MACBETH,5,3,DOCTOR,"Not so sick, my lord, As she is troubled with thick-coming fancies, That keep her from her rest.",her,DOCTOR,"Not so sick, my lord, As DOCTOR is troubled with thick-coming fancies, That keep DOCTOR from DOCTOR rest.",neutral,7
MACBETH,5,3,MACBETH,"Cure her of that: Canst thou not minister to a mind diseas'd, Pluck from the memory a rooted sorrow, Raze out the writte",her,MACBETH,"Cure MACBETH of that: Canst thou not minister to a mind diseas'd, Pluck from the memory a rooted sorrow, Raze out the wr",male,7
MACBETH,5,3,DOCTOR,Therein the patient Must minister to himself.,himself,MACBETH,Therein the patient Must minister to MACBETH.,male,7
MACBETH,5,3,MACBETH,"Throw physic to the dogs, I'll none of it.",it,MACBETH,"Throw physic to the dogs, I'll none of MACBETH.",male,7
MACBETH,5,3,MACBETH,"— Come, sir, despatch.—If thou couldst, doctor, cast The water of my land, find her disease, And purge it to a sound and",her,MACBETH,"— Come, sir, despatch.—If thou couldst, doctor, cast The water of my land, find MACBETH disease, And purge it to a sound",male,7
MACBETH,5,3,MACBETH,"— Come, sir, despatch.—If thou couldst, doctor, cast The water of my land, find her disease, And purge it to a sound and",it,MACBETH,"— Come, sir, despatch.—If thou couldst, doctor, cast The water of my land, find MACBETH disease, And purge MACBETH to a ",male,7
MACBETH,5,3,MACBETH,Hear'st thou of them?,them,Hear'st,Hear'st thou of Hear'st?,neutral,7
MACBETH,5,3,MACBETH,Bring it after me.,it,MACBETH,Bring MACBETH after me.,male,7
MACBETH,5,4,MENTEITH,We doubt it nothing.,it,MENTEITH,We doubt MENTEITH nothing.,male,3
MACBETH,5,4,MALCOLM,"Let every soldier hew him down a bough, And bear't before him.",him,MALCOLM,"Let every soldier hew MALCOLM down a bough, And bear't before him.",male,6
MACBETH,5,4,MALCOLM,"Let every soldier hew him down a bough, And bear't before him.",him,MALCOLM,"Let every soldier hew MALCOLM down a bough, And bear't before MALCOLM.",male,6
MACBETH,5,4,SOLDIERS,It shall be done.,It,SOLDIERS,SOLDIERS shall be done.,neutral,7
MACBETH,5,4,MALCOLM,"'Tis his main hope; For where there is advantage to be given, Both more and less have given him the revolt, And none ser",his,MALCOLM,"'Tis MALCOLM main hope; For where there is advantage to be given, Both more and less have given him the revolt, And none",male,7
MACBETH,5,4,MALCOLM,"'Tis his main hope; For where there is advantage to be given, Both more and less have given him the revolt, And none ser",him,MALCOLM,"'Tis MALCOLM main hope; For where there is advantage to be given, Both more and less have given MALCOLM the revolt, And ",male,7
MACBETH,5,4,MALCOLM,"'Tis his main hope; For where there is advantage to be given, Both more and less have given him the revolt, And none ser",him,MALCOLM,"'Tis MALCOLM main hope; For where there is advantage to be given, Both more and less have given MALCOLM the revolt, And ",male,7
MACBETH,5,4,SIWARD,"Thoughts speculative their unsure hopes relate, But certain issue strokes must arbitrate;",their,SIWARD,"Thoughts speculative SIWARD unsure hopes relate, But certain issue strokes must arbitrate;",male,7
MACBETH,5,5,MACBETH,"Hang out our banners on the outward walls; The cry is still, ""They come!""",They,MACBETH,"Hang out our banners on the outward walls; The cry is still, ""MACBETH come!""",male,1
MACBETH,5,5,MACBETH,Our castle's strength Will laugh a siege to scorn: here let them lie Till famine and the ague eat them up.,them,MACBETH,Our castle's strength Will laugh a siege to scorn: here let MACBETH lie Till famine and the ague eat them up.,male,2
MACBETH,5,5,MACBETH,Our castle's strength Will laugh a siege to scorn: here let them lie Till famine and the ague eat them up.,them,MACBETH,Our castle's strength Will laugh a siege to scorn: here let MACBETH lie Till famine and the ague eat MACBETH up.,male,2
MACBETH,5,5,MACBETH,"Were they not forc'd with those that should be ours, We might have met them dareful, beard to beard, And beat them backw",they,MACBETH,"Were MACBETH not forc'd with those that should be ours, We might have met them dareful, beard to beard, And beat them ba",male,3
MACBETH,5,5,MACBETH,"Were they not forc'd with those that should be ours, We might have met them dareful, beard to beard, And beat them backw",them,MACBETH,"Were MACBETH not forc'd with those that should be ours, We might have met MACBETH dareful, beard to beard, And beat them",male,3
MACBETH,5,5,MACBETH,"Were they not forc'd with those that should be ours, We might have met them dareful, beard to beard, And beat them backw",them,MACBETH,"Were MACBETH not forc'd with those that should be ours, We might have met MACBETH dareful, beard to beard, And beat MACB",male,3
MACBETH,5,5,SEYTON,"It is the cry of women, my good lord.",It,SEYTON,"SEYTON is the cry of women, my good lord.",male,6
MACBETH,5,5,MACBETH,She should have died hereafter.,She,MACBETH,MACBETH should have died hereafter.,male,7
MACBETH,5,5,MACBETH,"Life's but a walking shadow; a poor player, That struts and frets his hour upon the stage,",his,MACBETH,"Life's but a walking shadow; a poor player, That struts and frets MACBETH hour upon the stage,",male,7
MACBETH,5,5,MACBETH,"And then is heard no more: it is a tale Told by an idiot, full of sound and fury, Signifying nothing.",it,MACBETH,"And then is heard no more: MACBETH is a tale Told by an idiot, full of sound and fury, Signifying nothing.",male,7
MACBETH,5,5,MESSENGER,"Within this three mile may you see it coming; I say, a moving grove.",it,MESSENGER,"Within this three mile may you see MESSENGER coming; I say, a moving grove.",neutral,7
MACBETH,5,5,MACBETH,"If this which he avouches does appear, There is nor flying hence nor tarrying here.",he,MACBETH,"If this which MACBETH avouches does appear, There is nor flying hence nor tarrying here.",male,7
MACBETH,5,6,MACDUFF,"Make all our trumpets speak; give them all breath, Those clamorous harbingers of blood and death.",them,MACDUFF,"Make all our trumpets speak; give MACDUFF all breath, Those clamorous harbingers of blood and death.",male,6
MACBETH,5,7,MACBETH,They have tied me to a stake.,They,MACBETH,MACBETH have tied me to a stake.,male,1
MACBETH,5,7,MACBETH,"I cannot fly, But, bear-like I must fight the course.—What's he That was not born of woman?",he,MACBETH,"I cannot fly, But, bear-like I must fight the course.—What's MACBETH That was not born of woman?",male,2
MACBETH,5,7,MACBETH,Thou'lt be afraid to hear it.,it,MACBETH,Thou'lt be afraid to hear MACBETH.,male,7
MACBETH,5,7,YOUNG SIWARD,The devil himself could not pronounce a title More hateful to mine ear.,himself,YOUNG SIWARD,The devil YOUNG SIWARD could not pronounce a title More hateful to mine ear.,male,7
MACBETH,5,7,YOUNG SIWARD,"They fight, and young Siward is slain.",They,Siward,"Siward fight, and young Siward is slain.",male,7
MACBETH,5,7,MACDUFF,"I cannot strike at wretched kerns, whose arms Are hired to bear their staves.",their,MACDUFF,"I cannot strike at wretched kerns, whose arms Are hired to bear MACDUFF staves.",male,7
MACBETH,5,7,MACDUFF,"Let me find him, Fortune!",him,MACDUFF,"Let me find MACDUFF, Fortune!",male,7
MACBETH,5,8,MACBETH,"whiles I see lives, the gashes Do better upon them.",them,MACBETH,"whiles I see lives, the gashes Do better upon MACBETH.",male,3
MACBETH,5,8,MACDUFF,They fight.,They,MACDUFF,MACDUFF fight.,male,7
MACBETH,5,8,MACDUFF,"Despair thy charm; And let the angel whom thou still hast serv'd Tell thee, Macduff was from his mother's womb Untimely ",his,Macduff,"Despair thy charm; And let the angel whom thou still hast serv'd Tell thee, Macduff was from Macduff mother's womb Untim",male,7
MACBETH,5,8,MACBETH,"Accursed be that tongue that tells me so, For it hath cow'd my better part of man!",it,MACBETH,"Accursed be that tongue that tells me so, For MACBETH hath cow'd my better part of man!",male,7
MACBETH,5,8,MACBETH,"And be these juggling fiends no more believ'd, That palter with us in a double sense; That keep the word of promise to o",it,MACBETH,"And be these juggling fiends no more believ'd, That palter with us in a double sense; That keep the word of promise to o",male,7
MACBETH,5,8,MACBETH,"Before my body I throw my warlike shield: lay on, Macduff; And damn'd be him that first cries, ""Hold, enough!""",him,Macduff,"Before my body I throw my warlike shield: lay on, Macduff; And damn'd be Macduff that first cries, ""Hold, enough!""",male,7
MACBETH,5,8,ROSS,"Your son, my lord, has paid a soldier's debt: He only liv'd but till he was a man; The which no sooner had his prowess c",He,ROSS,"Your son, my lord, has paid a soldier's debt: ROSS only liv'd but till he was a man; The which no sooner had his prowess",male,7
MACBETH,5,8,ROSS,"Your son, my lord, has paid a soldier's debt: He only liv'd but till he was a man; The which no sooner had his prowess c",he,ROSS,"Your son, my lord, has paid a soldier's debt: ROSS only liv'd but till ROSS was a man; The which no sooner had his prowe",male,7
MACBETH,5,8,ROSS,"Your son, my lord, has paid a soldier's debt: He only liv'd but till he was a man; The which no sooner had his prowess c",his,ROSS,"Your son, my lord, has paid a soldier's debt: ROSS only liv'd but till ROSS was a man; The which no sooner had ROSS prow",male,7
MACBETH,5,8,ROSS,"In the unshrinking station where he fought, But like a man he died.",he,ROSS,"In the unshrinking station where ROSS fought, But like a man he died.",male,7
MACBETH,5,8,ROSS,"In the unshrinking station where he fought, But like a man he died.",he,ROSS,"In the unshrinking station where ROSS fought, But like a man ROSS died.",male,7
MACBETH,5,8,SIWARD,Then he is dead?,he,SIWARD,Then SIWARD is dead?,male,7
MACBETH,5,8,ROSS,"Your cause of sorrow Must not be measur'd by his worth, for then It hath no end.",his,ROSS,"Your cause of sorrow Must not be measur'd by ROSS worth, for then It hath no end.",male,7
MACBETH,5,8,ROSS,"Your cause of sorrow Must not be measur'd by his worth, for then It hath no end.",It,ROSS,"Your cause of sorrow Must not be measur'd by ROSS worth, for then ROSS hath no end.",male,7
MACBETH,5,8,SIWARD,Had he his hurts before?,he,SIWARD,Had SIWARD his hurts before?,male,7
MACBETH,5,8,SIWARD,Had he his hurts before?,his,SIWARD,Had SIWARD SIWARD hurts before?,male,7
MACBETH,5,8,SIWARD,"Why then, God's soldier be he!",he,SIWARD,"Why then, God's soldier be SIWARD!",male,7
MACBETH,5,8,SIWARD,"Had I as many sons as I have hairs, I would not wish them to a fairer death:",them,SIWARD,"Had I as many sons as I have hairs, I would not wish SIWARD to a fairer death:",male,7
MACBETH,5,8,SIWARD,And so his knell is knoll'd.,his,SIWARD,And so SIWARD knell is knoll'd.,male,7
MACBETH,5,8,MALCOLM,"He's worth more sorrow, And that I'll spend for him.",He,MALCOLM,"MALCOLM's worth more sorrow, And that I'll spend for him.",male,7
MACBETH,5,8,MALCOLM,"He's worth more sorrow, And that I'll spend for him.",him,MALCOLM,"MALCOLM's worth more sorrow, And that I'll spend for MALCOLM.",male,7
MACBETH,5,8,SIWARD,He's worth no more.,He,SIWARD,SIWARD's worth no more.,male,7
MACBETH,5,8,SIWARD,They say he parted well and paid his score:,They,SIWARD,SIWARD say he parted well and paid his score:,male,7
MACBETH,5,8,SIWARD,They say he parted well and paid his score:,he,SIWARD,SIWARD say SIWARD parted well and paid his score:,male,7
MACBETH,5,8,SIWARD,They say he parted well and paid his score:,his,SIWARD,SIWARD say SIWARD parted well and paid SIWARD score:,male,7
MACBETH,5,8,MACDUFF,"I see thee compass'd with thy kingdom's pearl, That speak my salutation in their minds; Whose voices I desire aloud with",their,MACDUFF,"I see thee compass'd with thy kingdom's pearl, That speak my salutation in MACDUFF minds; Whose voices I desire aloud wi",male,7
MACBETH,5,8,MALCOLM,"What's more to do, Which would be planted newly with the time,— As calling home our exil'd friends abroad, That fled the",his,MALCOLM,"What's more to do, Which would be planted newly with the time,— As calling home our exil'd friends abroad, That fled the",male,7
MACBETH,5,8,MALCOLM,"What's more to do, Which would be planted newly with the time,— As calling home our exil'd friends abroad, That fled the",her,Grace,"What's more to do, Which would be planted newly with the time,— As calling home our exil'd friends abroad, That fled the",neutral,7
